date,platform,category,is_festival,festival_name,orders,units_sold,avg_discount_pct,revenue_inr,returns
2023-01-01,Amazon,Electronics,False,Normal Day,63,63,12.0,167074.08,3
2023-01-01,Amazon,Mobiles,False,Normal Day,60,69,8.7,942739.36,3
2023-01-01,Amazon,Fashion,False,Normal Day,38,43,5.6,39944.86,1
2023-01-01,Amazon,Home & Kitchen,False,Normal Day,39,47,9.7,60428.78,1
2023-01-01,Amazon,Beauty & Personal Care,False,Normal Day,44,58,8.7,35085.35,1
2023-01-01,Amazon,Grocery,False,Normal Day,11,11,9.4,4468.76,0
2023-01-01,Amazon,Books,False,Normal Day,9,10,6.4,3789.48,0
2023-01-01,Amazon,Sports & Fitness,False,Normal Day,30,33,9.6,32445.55,0
2023-01-01,Flipkart,Electronics,False,Normal Day,55,68,12.6,191244.18,2
2023-01-01,Flipkart,Mobiles,False,Normal Day,72,72,13.5,882549.82,2
2023-01-01,Flipkart,Fashion,False,Normal Day,45,49,12.8,41893.29,2
2023-01-01,Flipkart,Home & Kitchen,False,Normal Day,38,46,6.6,60739.77,1
2023-01-01,Flipkart,Beauty & Personal Care,False,Normal Day,23,23,11.3,12588.99,0
2023-01-01,Flipkart,Grocery,False,Normal Day,20,21,7.7,8837.18,0
2023-01-01,Flipkart,Books,False,Normal Day,8,8,14.0,2679.5,0
2023-01-01,Flipkart,Sports & Fitness,False,Normal Day,30,41,9.3,41629.75,1
2023-01-02,Amazon,Electronics,False,Normal Day,46,55,9.9,163547.47,1
2023-01-02,Amazon,Mobiles,False,Normal Day,57,57,10.9,731426.92,2
2023-01-02,Amazon,Fashion,False,Normal Day,27,27,9.9,23432.85,1
2023-01-02,Amazon,Home & Kitchen,False,Normal Day,30,39,9.4,49639.64,1
2023-01-02,Amazon,Beauty & Personal Care,False,Normal Day,20,28,11.7,16214.63,1
2023-01-02,Amazon,Grocery,False,Normal Day,22,32,5.4,12566.97,1
2023-01-02,Amazon,Books,False,Normal Day,9,10,7.6,3771.64,0
2023-01-02,Amazon,Sports & Fitness,False,Normal Day,25,27,8.2,27668.77,0
2023-01-02,Flipkart,Electronics,False,Normal Day,63,88,14.4,231376.55,3
2023-01-02,Flipkart,Mobiles,False,Normal Day,54,54,13.7,714960.85,2
2023-01-02,Flipkart,Fashion,False,Normal Day,34,39,5.1,37157.71,1
2023-01-02,Flipkart,Home & Kitchen,False,Normal Day,24,26,10.8,32092.31,1
2023-01-02,Flipkart,Beauty & Personal Care,False,Normal Day,11,12,14.3,6649.42,0
2023-01-02,Flipkart,Grocery,False,Normal Day,24,28,14.2,10185.91,1
2023-01-02,Flipkart,Books,False,Normal Day,9,9,13.3,2907.14,0
2023-01-02,Flipkart,Sports & Fitness,False,Normal Day,25,28,9.1,27638.94,1
2023-01-03,Amazon,Electronics,False,Normal Day,39,61,12.5,182790.9,0
2023-01-03,Amazon,Mobiles,False,Normal Day,52,65,8.1,871170.67,1
2023-01-03,Amazon,Fashion,False,Normal Day,27,31,5.2,28576.75,0
2023-01-03,Amazon,Home & Kitchen,False,Normal Day,37,42,8.2,54785.05,1
2023-01-03,Amazon,Beauty & Personal Care,False,Normal Day,16,19,7.5,12169.04,0
2023-01-03,Amazon,Grocery,False,Normal Day,16,20,14.2,7039.75,0
2023-01-03,Amazon,Books,False,Normal Day,12,16,9.8,5854.22,0
2023-01-03,Amazon,Sports & Fitness,False,Normal Day,22,29,11.9,28401.8,1
2023-01-03,Flipkart,Electronics,False,Normal Day,61,77,13.5,218015.52,2
2023-01-03,Flipkart,Mobiles,False,Normal Day,59,66,7.0,912908.92,2
2023-01-03,Flipkart,Fashion,False,Normal Day,44,44,14.4,35725.87,2
2023-01-03,Flipkart,Home & Kitchen,False,Normal Day,43,43,14.5,51545.56,1
2023-01-03,Flipkart,Beauty & Personal Care,False,Normal Day,22,25,9.7,15132.95,1
2023-01-03,Flipkart,Grocery,False,Normal Day,11,14,5.9,5614.32,0
2023-01-03,Flipkart,Books,False,Normal Day,9,9,12.6,3074.2,0
2023-01-03,Flipkart,Sports & Fitness,False,Normal Day,21,21,12.3,20335.6,1
2023-01-04,Amazon,Electronics,False,Normal Day,57,70,12.2,202519.25,3
2023-01-04,Amazon,Mobiles,False,Normal Day,52,70,11.9,897692.4,2
2023-01-04,Amazon,Fashion,False,Normal Day,30,35,8.0,31724.2,0
2023-01-04,Amazon,Home & Kitchen,False,Normal Day,30,35,13.4,43494.32,0
2023-01-04,Amazon,Beauty & Personal Care,False,Normal Day,15,18,7.0,11007.06,0
2023-01-04,Amazon,Grocery,False,Normal Day,6,6,13.0,2094.56,0
2023-01-04,Amazon,Books,False,Normal Day,3,4,6.2,1441.82,0
2023-01-04,Amazon,Sports & Fitness,False,Normal Day,15,15,12.1,15252.38,0
2023-01-04,Flipkart,Electronics,False,Normal Day,52,52,5.9,154046.24,1
2023-01-04,Flipkart,Mobiles,False,Normal Day,71,77,6.5,1099945.5,3
2023-01-04,Flipkart,Fashion,False,Normal Day,43,51,6.5,45749.15,1
2023-01-04,Flipkart,Home & Kitchen,False,Normal Day,32,38,8.0,48178.19,1
2023-01-04,Flipkart,Beauty & Personal Care,False,Normal Day,19,20,10.9,11500.72,0
2023-01-04,Flipkart,Grocery,False,Normal Day,14,15,10.7,5746.2,0
2023-01-04,Flipkart,Books,False,Normal Day,14,21,9.3,7429.44,0
2023-01-04,Flipkart,Sports & Fitness,False,Normal Day,26,26,13.0,25764.85,1
2023-01-05,Amazon,Electronics,False,Normal Day,42,54,8.3,157483.14,2
2023-01-05,Amazon,Mobiles,False,Normal Day,58,58,11.0,714684.24,3
2023-01-05,Amazon,Fashion,False,Normal Day,52,57,11.9,45867.91,2
2023-01-05,Amazon,Home & Kitchen,False,Normal Day,26,33,6.6,42756.64,1
2023-01-05,Amazon,Beauty & Personal Care,False,Normal Day,12,14,8.9,8672.19,0
2023-01-05,Amazon,Grocery,False,Normal Day,12,12,14.1,4389.59,0
2023-01-05,Amazon,Books,False,Normal Day,9,11,8.7,3985.41,0
2023-01-05,Amazon,Sports & Fitness,False,Normal Day,24,24,10.9,22801.32,0
2023-01-05,Flipkart,Electronics,False,Normal Day,40,41,14.2,113896.23,1
2023-01-05,Flipkart,Mobiles,False,Normal Day,68,80,11.0,1041712.79,3
2023-01-05,Flipkart,Fashion,False,Normal Day,36,36,14.0,27275.02,1
2023-01-05,Flipkart,Home & Kitchen,False,Normal Day,20,23,9.4,29313.39,1
2023-01-05,Flipkart,Beauty & Personal Care,False,Normal Day,14,14,12.5,7861.25,0
2023-01-05,Flipkart,Grocery,False,Normal Day,12,12,5.8,4909.69,0
2023-01-05,Flipkart,Books,False,Normal Day,3,3,11.8,1171.98,0
2023-01-05,Flipkart,Sports & Fitness,False,Normal Day,23,24,7.3,26514.59,0
2023-01-06,Amazon,Electronics,False,Normal Day,60,81,9.0,233683.02,1
2023-01-06,Amazon,Mobiles,False,Normal Day,42,46,8.0,582372.92,1
2023-01-06,Amazon,Fashion,False,Normal Day,29,36,8.4,30241.79,1
2023-01-06,Amazon,Home & Kitchen,False,Normal Day,31,36,10.7,43138.08,1
2023-01-06,Amazon,Beauty & Personal Care,False,Normal Day,18,21,5.7,13453.55,0
2023-01-06,Amazon,Grocery,False,Normal Day,12,12,14.6,4365.26,0
2023-01-06,Amazon,Books,False,Normal Day,10,12,13.7,4021.95,0
2023-01-06,Amazon,Sports & Fitness,False,Normal Day,21,22,14.9,20977.84,0
2023-01-06,Flipkart,Electronics,False,Normal Day,48,53,14.6,147470.98,1
2023-01-06,Flipkart,Mobiles,False,Normal Day,36,36,7.5,475060.52,1
2023-01-06,Flipkart,Fashion,False,Normal Day,27,27,8.8,24204.15,0
2023-01-06,Flipkart,Home & Kitchen,False,Normal Day,32,32,5.0,43448.29,0
2023-01-06,Flipkart,Beauty & Personal Care,False,Normal Day,19,19,9.3,11081.89,0
2023-01-06,Flipkart,Grocery,False,Normal Day,13,15,11.8,5991.7,0
2023-01-06,Flipkart,Books,False,Normal Day,6,6,6.9,2174.46,0
2023-01-06,Flipkart,Sports & Fitness,False,Normal Day,26,33,13.5,32000.93,1
2023-01-07,Amazon,Electronics,False,Normal Day,60,85,9.5,261365.32,2
2023-01-07,Amazon,Mobiles,False,Normal Day,61,75,11.0,1016978.79,1
2023-01-07,Amazon,Fashion,False,Normal Day,49,58,12.4,50439.55,2
2023-01-07,Amazon,Home & Kitchen,False,Normal Day,29,29,6.7,37936.45,0
2023-01-07,Amazon,Beauty & Personal Care,False,Normal Day,29,30,11.2,17294.07,1
2023-01-07,Amazon,Grocery,False,Normal Day,19,24,5.2,10199.51,1
2023-01-07,Amazon,Books,False,Normal Day,13,17,9.0,6109.04,0
2023-01-07,Amazon,Sports & Fitness,False,Normal Day,25,26,13.0,25912.01,0
2023-01-07,Flipkart,Electronics,False,Normal Day,62,66,6.5,193117.22,1
2023-01-07,Flipkart,Mobiles,False,Normal Day,63,71,13.8,892657.12,3
2023-01-07,Flipkart,Fashion,False,Normal Day,33,34,6.0,30198.25,1
2023-01-07,Flipkart,Home & Kitchen,False,Normal Day,30,34,5.2,48613.8,1
2023-01-07,Flipkart,Beauty & Personal Care,False,Normal Day,21,21,11.1,12993.05,0
2023-01-07,Flipkart,Grocery,False,Normal Day,15,17,8.8,6676.86,0
2023-01-07,Flipkart,Books,False,Normal Day,9,9,12.5,3136.71,0
2023-01-07,Flipkart,Sports & Fitness,False,Normal Day,22,22,7.6,22549.24,1
2023-01-08,Amazon,Electronics,False,Normal Day,63,71,7.5,210101.35,3
2023-01-08,Amazon,Mobiles,False,Normal Day,96,104,6.4,1467207.49,2
2023-01-08,Amazon,Fashion,False,Normal Day,35,38,6.7,34281.76,1
2023-01-08,Amazon,Home & Kitchen,False,Normal Day,38,44,8.7,57258.41,1
2023-01-08,Amazon,Beauty & Personal Care,False,Normal Day,38,44,14.0,23717.38,2
2023-01-08,Amazon,Grocery,False,Normal Day,14,18,7.5,7416.26,0
2023-01-08,Amazon,Books,False,Normal Day,10,10,7.4,3552.93,0
2023-01-08,Amazon,Sports & Fitness,False,Normal Day,24,26,10.3,26736.45,0
2023-01-08,Flipkart,Electronics,False,Normal Day,80,99,14.5,273483.27,2
2023-01-08,Flipkart,Mobiles,False,Normal Day,47,57,14.2,734776.46,1
2023-01-08,Flipkart,Fashion,False,Normal Day,43,43,14.9,35168.43,1
2023-01-08,Flipkart,Home & Kitchen,False,Normal Day,50,53,5.5,74199.22,2
2023-01-08,Flipkart,Beauty & Personal Care,False,Normal Day,28,31,14.2,17161.08,0
2023-01-08,Flipkart,Grocery,False,Normal Day,11,12,9.6,4631.48,0
2023-01-08,Flipkart,Books,False,Normal Day,18,19,12.3,6746.72,0
2023-01-08,Flipkart,Sports & Fitness,False,Normal Day,38,45,6.8,48040.19,0
2023-01-09,Amazon,Electronics,False,Normal Day,55,59,14.9,159896.62,1
2023-01-09,Amazon,Mobiles,False,Normal Day,72,91,9.0,1214120.96,2
2023-01-09,Amazon,Fashion,False,Normal Day,35,43,8.4,37440.42,0
2023-01-09,Amazon,Home & Kitchen,False,Normal Day,36,36,11.6,45045.13,1
2023-01-09,Amazon,Beauty & Personal Care,False,Normal Day,24,26,11.7,15302.82,0
2023-01-09,Amazon,Grocery,False,Normal Day,11,11,12.0,4020.51,0
2023-01-09,Amazon,Books,False,Normal Day,9,10,5.2,3667.52,0
2023-01-09,Amazon,Sports & Fitness,False,Normal Day,29,36,8.2,37809.83,1
2023-01-09,Flipkart,Electronics,False,Normal Day,44,53,14.2,142580.92,2
2023-01-09,Flipkart,Mobiles,False,Normal Day,69,80,9.6,1107713.02,2
2023-01-09,Flipkart,Fashion,False,Normal Day,38,50,7.2,43615.41,1
2023-01-09,Flipkart,Home & Kitchen,False,Normal Day,29,32,13.4,39307.5,0
2023-01-09,Flipkart,Beauty & Personal Care,False,Normal Day,14,19,11.2,10838.93,0
2023-01-09,Flipkart,Grocery,False,Normal Day,17,17,13.8,6075.87,0
2023-01-09,Flipkart,Books,False,Normal Day,10,11,10.0,4121.18,0
2023-01-09,Flipkart,Sports & Fitness,False,Normal Day,17,22,14.8,21814.87,0
2023-01-10,Amazon,Electronics,False,Normal Day,62,63,12.9,170934.98,2
2023-01-10,Amazon,Mobiles,False,Normal Day,77,89,9.9,1163639.43,4
2023-01-10,Amazon,Fashion,False,Normal Day,33,37,5.7,34479.84,1
2023-01-10,Amazon,Home & Kitchen,False,Normal Day,37,37,6.5,46121.11,1
2023-01-10,Amazon,Beauty & Personal Care,False,Normal Day,11,12,12.4,7253.11,0
2023-01-10,Amazon,Grocery,False,Normal Day,14,16,7.2,6185.12,0
2023-01-10,Amazon,Books,False,Normal Day,7,9,13.2,3004.04,0
2023-01-10,Amazon,Sports & Fitness,False,Normal Day,20,20,13.8,19813.29,0
2023-01-10,Flipkart,Electronics,False,Normal Day,50,51,12.3,138940.42,2
2023-01-10,Flipkart,Mobiles,False,Normal Day,81,92,7.6,1197240.52,4
2023-01-10,Flipkart,Fashion,False,Normal Day,31,39,10.2,32457.43,1
2023-01-10,Flipkart,Home & Kitchen,False,Normal Day,43,59,6.7,77152.81,1
2023-01-10,Flipkart,Beauty & Personal Care,False,Normal Day,10,10,10.9,5642.29,0
2023-01-10,Flipkart,Grocery,False,Normal Day,9,9,6.8,3697.76,0
2023-01-10,Flipkart,Books,False,Normal Day,7,7,6.1,2362.72,0
2023-01-10,Flipkart,Sports & Fitness,False,Normal Day,23,24,10.8,24510.27,1
2023-01-11,Amazon,Electronics,False,Normal Day,44,54,10.8,155222.03,1
2023-01-11,Amazon,Mobiles,False,Normal Day,87,113,8.6,1482890.15,3
2023-01-11,Amazon,Fashion,False,Normal Day,45,61,8.3,55572.68,1
2023-01-11,Amazon,Home & Kitchen,False,Normal Day,34,47,8.5,61409.99,0
2023-01-11,Amazon,Beauty & Personal Care,False,Normal Day,21,23,10.6,13797.47,1
2023-01-11,Amazon,Grocery,False,Normal Day,16,17,5.5,7245.83,0
2023-01-11,Amazon,Books,False,Normal Day,3,3,5.3,1118.65,0
2023-01-11,Amazon,Sports & Fitness,False,Normal Day,22,25,8.7,26604.47,0
2023-01-11,Flipkart,Electronics,False,Normal Day,51,53,14.7,139440.16,1
2023-01-11,Flipkart,Mobiles,False,Normal Day,67,84,6.0,1174573.47,2
2023-01-11,Flipkart,Fashion,False,Normal Day,27,27,8.7,23174.34,1
2023-01-11,Flipkart,Home & Kitchen,False,Normal Day,26,31,13.7,37647.45,1
2023-01-11,Flipkart,Beauty & Personal Care,False,Normal Day,17,20,8.8,11379.54,0
2023-01-11,Flipkart,Grocery,False,Normal Day,11,11,6.9,4059.56,0
2023-01-11,Flipkart,Books,False,Normal Day,5,5,13.7,1678.3,0
2023-01-11,Flipkart,Sports & Fitness,False,Normal Day,35,39,12.1,39436.68,0
2023-01-12,Amazon,Electronics,False,Normal Day,66,80,5.6,257183.05,2
2023-01-12,Amazon,Mobiles,False,Normal Day,62,62,9.5,836420.57,2
2023-01-12,Amazon,Fashion,False,Normal Day,31,40,5.9,37181.25,1
2023-01-12,Amazon,Home & Kitchen,False,Normal Day,27,32,10.5,40617.92,1
2023-01-12,Amazon,Beauty & Personal Care,False,Normal Day,23,26,8.9,15027.43,0
2023-01-12,Amazon,Grocery,False,Normal Day,15,16,14.3,6024.8,0
2023-01-12,Amazon,Books,False,Normal Day,7,8,5.6,3093.4,0
2023-01-12,Amazon,Sports & Fitness,False,Normal Day,26,26,13.0,26544.62,1
2023-01-12,Flipkart,Electronics,False,Normal Day,50,57,9.4,172228.87,2
2023-01-12,Flipkart,Mobiles,False,Normal Day,54,68,11.5,858149.28,1
2023-01-12,Flipkart,Fashion,False,Normal Day,33,37,10.0,32330.66,1
2023-01-12,Flipkart,Home & Kitchen,False,Normal Day,20,20,9.2,25694.03,0
2023-01-12,Flipkart,Beauty & Personal Care,False,Normal Day,19,23,9.8,13535.9,0
2023-01-12,Flipkart,Grocery,False,Normal Day,13,18,13.6,6709.51,0
2023-01-12,Flipkart,Books,False,Normal Day,20,23,9.3,8209.58,0
2023-01-12,Flipkart,Sports & Fitness,False,Normal Day,14,16,6.3,17122.22,0
2023-01-13,Amazon,Electronics,False,Normal Day,48,67,14.6,182338.15,1
2023-01-13,Amazon,Mobiles,False,Normal Day,80,102,12.1,1275411.74,3
2023-01-13,Amazon,Fashion,False,Normal Day,33,33,6.3,28834.72,0
2023-01-13,Amazon,Home & Kitchen,False,Normal Day,33,44,13.2,53071.0,0
2023-01-13,Amazon,Beauty & Personal Care,False,Normal Day,18,21,12.5,12691.46,0
2023-01-13,Amazon,Grocery,False,Normal Day,13,13,7.4,5307.75,0
2023-01-13,Amazon,Books,False,Normal Day,10,12,9.1,4523.77,0
2023-01-13,Amazon,Sports & Fitness,False,Normal Day,23,31,13.5,29310.97,1
2023-01-13,Flipkart,Electronics,False,Normal Day,57,57,11.1,161069.37,2
2023-01-13,Flipkart,Mobiles,False,Normal Day,59,64,5.6,869212.15,3
2023-01-13,Flipkart,Fashion,False,Normal Day,28,30,13.1,25107.31,0
2023-01-13,Flipkart,Home & Kitchen,False,Normal Day,35,41,7.8,51222.22,1
2023-01-13,Flipkart,Beauty & Personal Care,False,Normal Day,13,13,12.7,7372.42,0
2023-01-13,Flipkart,Grocery,False,Normal Day,14,14,5.9,5513.83,0
2023-01-13,Flipkart,Books,False,Normal Day,8,8,9.8,2951.72,0
2023-01-13,Flipkart,Sports & Fitness,False,Normal Day,22,22,14.2,21737.92,1
2023-01-14,Amazon,Electronics,False,Normal Day,70,85,6.9,266270.26,3
2023-01-14,Amazon,Mobiles,False,Normal Day,80,92,7.7,1241759.73,4
2023-01-14,Amazon,Fashion,False,Normal Day,38,46,9.0,39700.94,1
2023-01-14,Amazon,Home & Kitchen,False,Normal Day,35,35,13.7,41786.08,1
2023-01-14,Amazon,Beauty & Personal Care,False,Normal Day,26,26,13.8,14484.32,1
2023-01-14,Amazon,Grocery,False,Normal Day,7,9,10.0,3493.44,0
2023-01-14,Amazon,Books,False,Normal Day,16,17,12.4,5869.75,0
2023-01-14,Amazon,Sports & Fitness,False,Normal Day,24,25,9.7,25805.15,0
2023-01-14,Flipkart,Electronics,False,Normal Day,57,66,8.8,185283.29,1
2023-01-14,Flipkart,Mobiles,False,Normal Day,68,75,11.6,944810.27,1
2023-01-14,Flipkart,Fashion,False,Normal Day,38,40,5.6,37157.11,0
2023-01-14,Flipkart,Home & Kitchen,False,Normal Day,49,49,12.5,59747.44,2
2023-01-14,Flipkart,Beauty & Personal Care,False,Normal Day,19,19,12.8,11537.34,0
2023-01-14,Flipkart,Grocery,False,Normal Day,16,22,12.4,8506.17,0
2023-01-14,Flipkart,Books,False,Normal Day,15,15,10.8,5067.93,0
2023-01-14,Flipkart,Sports & Fitness,False,Normal Day,21,21,7.1,22129.94,0
2023-01-15,Amazon,Electronics,False,Normal Day,61,70,13.3,193425.73,2
2023-01-15,Amazon,Mobiles,False,Normal Day,77,99,12.1,1243292.7,2
2023-01-15,Amazon,Fashion,False,Normal Day,47,57,6.5,53430.52,1
2023-01-15,Amazon,Home & Kitchen,False,Normal Day,48,61,12.7,74253.54,2
2023-01-15,Amazon,Beauty & Personal Care,False,Normal Day,18,25,7.9,15442.11,0
2023-01-15,Amazon,Grocery,False,Normal Day,9,9,11.7,3272.89,0
2023-01-15,Amazon,Books,False,Normal Day,6,6,9.4,2423.85,0
2023-01-15,Amazon,Sports & Fitness,False,Normal Day,21,24,14.3,22451.97,0
2023-01-15,Flipkart,Electronics,False,Normal Day,58,72,9.8,203568.36,2
2023-01-15,Flipkart,Mobiles,False,Normal Day,82,94,7.2,1204930.0,3
2023-01-15,Flipkart,Fashion,False,Normal Day,45,47,10.7,40494.86,1
2023-01-15,Flipkart,Home & Kitchen,False,Normal Day,34,34,9.1,43377.5,1
2023-01-15,Flipkart,Beauty & Personal Care,False,Normal Day,20,24,7.6,14798.13,1
2023-01-15,Flipkart,Grocery,False,Normal Day,25,31,10.3,11474.11,0
2023-01-15,Flipkart,Books,False,Normal Day,17,21,8.2,7425.11,0
2023-01-15,Flipkart,Sports & Fitness,False,Normal Day,25,28,8.3,28518.93,0
2023-01-16,Amazon,Electronics,False,Normal Day,43,46,12.6,126967.12,1
2023-01-16,Amazon,Mobiles,False,Normal Day,63,65,5.6,914573.08,1
2023-01-16,Amazon,Fashion,False,Normal Day,33,44,9.4,37403.53,1
2023-01-16,Amazon,Home & Kitchen,False,Normal Day,42,44,6.5,60124.04,2
2023-01-16,Amazon,Beauty & Personal Care,False,Normal Day,27,36,8.0,23214.18,0
2023-01-16,Amazon,Grocery,False,Normal Day,13,15,5.2,5789.51,0
2023-01-16,Amazon,Books,False,Normal Day,5,5,11.0,1754.99,0
2023-01-16,Amazon,Sports & Fitness,False,Normal Day,17,22,13.2,20910.09,0
2023-01-16,Flipkart,Electronics,False,Normal Day,66,71,5.1,217277.09,3
2023-01-16,Flipkart,Mobiles,False,Normal Day,59,59,13.5,766451.23,2
2023-01-16,Flipkart,Fashion,False,Normal Day,33,33,5.8,30457.59,1
2023-01-16,Flipkart,Home & Kitchen,False,Normal Day,29,36,12.3,46008.32,0
2023-01-16,Flipkart,Beauty & Personal Care,False,Normal Day,28,32,7.2,20279.79,1
2023-01-16,Flipkart,Grocery,False,Normal Day,10,10,14.9,3534.6,0
2023-01-16,Flipkart,Books,False,Normal Day,11,12,13.9,3918.1,0
2023-01-16,Flipkart,Sports & Fitness,False,Normal Day,10,12,6.4,12902.09,0
2023-01-17,Amazon,Electronics,False,Normal Day,50,69,6.1,209659.38,1
2023-01-17,Amazon,Mobiles,False,Normal Day,74,81,10.3,1039840.01,3
2023-01-17,Amazon,Fashion,False,Normal Day,31,36,12.8,30912.57,1
2023-01-17,Amazon,Home & Kitchen,False,Normal Day,29,42,11.3,52510.59,0
2023-01-17,Amazon,Beauty & Personal Care,False,Normal Day,19,21,8.4,13287.82,0
2023-01-17,Amazon,Grocery,False,Normal Day,14,16,14.8,5868.62,0
2023-01-17,Amazon,Books,False,Normal Day,10,11,9.2,4030.78,0
2023-01-17,Amazon,Sports & Fitness,False,Normal Day,22,22,9.5,22276.62,0
2023-01-17,Flipkart,Electronics,False,Normal Day,47,50,8.9,151302.39,1
2023-01-17,Flipkart,Mobiles,False,Normal Day,51,52,8.5,741027.67,1
2023-01-17,Flipkart,Fashion,False,Normal Day,33,41,14.0,32957.12,1
2023-01-17,Flipkart,Home & Kitchen,False,Normal Day,32,34,6.3,45957.38,1
2023-01-17,Flipkart,Beauty & Personal Care,False,Normal Day,16,17,10.2,10401.55,0
2023-01-17,Flipkart,Grocery,False,Normal Day,21,21,5.4,7991.92,0
2023-01-17,Flipkart,Books,False,Normal Day,7,7,8.9,2296.6,0
2023-01-17,Flipkart,Sports & Fitness,False,Normal Day,18,20,14.9,19580.69,0
2023-01-18,Amazon,Electronics,False,Normal Day,56,71,13.4,198208.15,2
2023-01-18,Amazon,Mobiles,False,Normal Day,66,78,5.9,1119329.9,1
2023-01-18,Amazon,Fashion,False,Normal Day,39,46,13.6,36935.53,1
2023-01-18,Amazon,Home & Kitchen,False,Normal Day,33,38,8.9,48403.26,1
2023-01-18,Amazon,Beauty & Personal Care,False,Normal Day,20,23,10.0,13240.58,0
2023-01-18,Amazon,Grocery,False,Normal Day,13,15,9.1,5963.62,0
2023-01-18,Amazon,Books,False,Normal Day,11,14,5.6,4948.75,0
2023-01-18,Amazon,Sports & Fitness,False,Normal Day,19,22,6.2,22458.83,0
2023-01-18,Flipkart,Electronics,False,Normal Day,58,58,9.4,166865.25,3
2023-01-18,Flipkart,Mobiles,False,Normal Day,80,125,14.2,1622569.1,4
2023-01-18,Flipkart,Fashion,False,Normal Day,30,30,9.5,25553.72,1
2023-01-18,Flipkart,Home & Kitchen,False,Normal Day,36,52,5.4,69225.05,1
2023-01-18,Flipkart,Beauty & Personal Care,False,Normal Day,24,25,13.8,14472.64,0
2023-01-18,Flipkart,Grocery,False,Normal Day,12,14,8.7,5417.8,0
2023-01-18,Flipkart,Books,False,Normal Day,13,18,14.9,6189.11,0
2023-01-18,Flipkart,Sports & Fitness,False,Normal Day,26,30,12.2,27913.06,1
2023-01-19,Amazon,Electronics,False,Normal Day,63,77,5.4,237049.64,3
2023-01-19,Amazon,Mobiles,False,Normal Day,65,65,8.4,914802.5,1
2023-01-19,Amazon,Fashion,False,Normal Day,41,42,7.9,38268.82,1
2023-01-19,Amazon,Home & Kitchen,False,Normal Day,32,36,12.3,43866.11,1
2023-01-19,Amazon,Beauty & Personal Care,False,Normal Day,21,21,9.9,12685.64,0
2023-01-19,Amazon,Grocery,False,Normal Day,13,16,8.5,6346.63,0
2023-01-19,Amazon,Books,False,Normal Day,4,4,7.6,1275.01,0
2023-01-19,Amazon,Sports & Fitness,False,Normal Day,21,25,8.8,25943.88,0
2023-01-19,Flipkart,Electronics,False,Normal Day,66,80,10.7,218701.24,1
2023-01-19,Flipkart,Mobiles,False,Normal Day,68,70,5.7,1039510.61,1
2023-01-19,Flipkart,Fashion,False,Normal Day,30,43,9.3,36695.51,1
2023-01-19,Flipkart,Home & Kitchen,False,Normal Day,30,34,5.5,47855.63,1
2023-01-19,Flipkart,Beauty & Personal Care,False,Normal Day,18,21,8.7,12856.24,0
2023-01-19,Flipkart,Grocery,False,Normal Day,13,17,6.5,6530.68,0
2023-01-19,Flipkart,Books,False,Normal Day,15,16,6.5,5729.82,0
2023-01-19,Flipkart,Sports & Fitness,False,Normal Day,20,22,12.6,20247.84,0
2023-01-20,Amazon,Electronics,True,Republic Day Sale,116,173,22.5,440676.89,9
2023-01-20,Amazon,Mobiles,True,Republic Day Sale,186,269,24.9,2945490.56,10
2023-01-20,Amazon,Fashion,True,Republic Day Sale,109,170,29.7,119133.28,7
2023-01-20,Amazon,Home & Kitchen,True,Republic Day Sale,91,149,24.0,158226.03,7
2023-01-20,Amazon,Beauty & Personal Care,True,Republic Day Sale,26,35,32.6,15431.47,1
2023-01-20,Amazon,Grocery,True,Republic Day Sale,27,40,39.1,9854.59,1
2023-01-20,Amazon,Books,True,Republic Day Sale,21,28,29.6,7229.16,1
2023-01-20,Amazon,Sports & Fitness,True,Republic Day Sale,55,71,34.4,51840.75,3
2023-01-20,Flipkart,Electronics,True,Republic Day Sale,155,161,25.5,381926.42,11
2023-01-20,Flipkart,Mobiles,True,Republic Day Sale,153,245,34.7,2401056.27,10
2023-01-20,Flipkart,Fashion,True,Republic Day Sale,86,140,34.5,86668.59,3
2023-01-20,Flipkart,Home & Kitchen,True,Republic Day Sale,76,127,38.9,108757.97,3
2023-01-20,Flipkart,Beauty & Personal Care,True,Republic Day Sale,67,83,35.5,34198.63,4
2023-01-20,Flipkart,Grocery,True,Republic Day Sale,52,78,30.4,22284.28,4
2023-01-20,Flipkart,Books,True,Republic Day Sale,47,69,25.5,19458.14,4
2023-01-20,Flipkart,Sports & Fitness,True,Republic Day Sale,58,64,28.4,48014.59,2
2023-01-21,Amazon,Electronics,True,Republic Day Sale,123,164,31.0,354001.62,8
2023-01-21,Amazon,Mobiles,True,Republic Day Sale,213,316,23.0,3571652.18,17
2023-01-21,Amazon,Fashion,True,Republic Day Sale,112,187,33.8,116796.79,7
2023-01-21,Amazon,Home & Kitchen,True,Republic Day Sale,95,145,30.2,142241.87,5
2023-01-21,Amazon,Beauty & Personal Care,True,Republic Day Sale,84,131,26.4,61403.37,5
2023-01-21,Amazon,Grocery,True,Republic Day Sale,56,80,33.9,22731.96,3
2023-01-21,Amazon,Books,True,Republic Day Sale,34,52,34.9,13049.49,2
2023-01-21,Amazon,Sports & Fitness,True,Republic Day Sale,49,64,39.9,42651.42,3
2023-01-21,Flipkart,Electronics,True,Republic Day Sale,192,262,33.9,584940.44,15
2023-01-21,Flipkart,Mobiles,True,Republic Day Sale,221,291,28.9,3101865.89,13
2023-01-21,Flipkart,Fashion,True,Republic Day Sale,124,157,33.1,103317.27,5
2023-01-21,Flipkart,Home & Kitchen,True,Republic Day Sale,101,134,29.1,132781.25,4
2023-01-21,Flipkart,Beauty & Personal Care,True,Republic Day Sale,67,89,27.0,42288.27,4
2023-01-21,Flipkart,Grocery,True,Republic Day Sale,39,63,23.9,21094.91,3
2023-01-21,Flipkart,Books,True,Republic Day Sale,44,62,38.6,14259.36,2
2023-01-21,Flipkart,Sports & Fitness,True,Republic Day Sale,47,67,21.6,60378.07,3
2023-01-22,Amazon,Electronics,True,Republic Day Sale,167,208,24.2,527853.59,12
2023-01-22,Amazon,Mobiles,True,Republic Day Sale,194,312,25.8,3371040.04,15
2023-01-22,Amazon,Fashion,True,Republic Day Sale,114,180,34.9,109050.69,6
2023-01-22,Amazon,Home & Kitchen,True,Republic Day Sale,61,87,36.8,76998.76,3
2023-01-22,Amazon,Beauty & Personal Care,True,Republic Day Sale,40,52,29.3,24651.21,2
2023-01-22,Amazon,Grocery,True,Republic Day Sale,34,56,29.4,16226.31,1
2023-01-22,Amazon,Books,True,Republic Day Sale,34,54,31.7,14088.83,1
2023-01-22,Amazon,Sports & Fitness,True,Republic Day Sale,54,75,39.0,50694.23,4
2023-01-22,Flipkart,Electronics,True,Republic Day Sale,204,255,30.7,566436.93,15
2023-01-22,Flipkart,Mobiles,True,Republic Day Sale,248,436,23.4,4886784.24,12
2023-01-22,Flipkart,Fashion,True,Republic Day Sale,95,136,30.1,89305.69,6
2023-01-22,Flipkart,Home & Kitchen,True,Republic Day Sale,104,123,28.2,122648.27,8
2023-01-22,Flipkart,Beauty & Personal Care,True,Republic Day Sale,59,88,20.1,45194.13,3
2023-01-22,Flipkart,Grocery,True,Republic Day Sale,39,57,30.6,17572.37,1
2023-01-22,Flipkart,Books,True,Republic Day Sale,26,30,27.2,8290.37,1
2023-01-22,Flipkart,Sports & Fitness,True,Republic Day Sale,57,76,21.6,65984.07,4
2023-01-23,Amazon,Electronics,True,Republic Day Sale,164,250,33.1,523139.33,9
2023-01-23,Amazon,Mobiles,True,Republic Day Sale,213,213,33.5,2078302.49,10
2023-01-23,Amazon,Fashion,True,Republic Day Sale,107,147,35.1,87873.15,7
2023-01-23,Amazon,Home & Kitchen,True,Republic Day Sale,73,116,22.1,127587.37,3
2023-01-23,Amazon,Beauty & Personal Care,True,Republic Day Sale,58,97,38.7,38540.37,2
2023-01-23,Amazon,Grocery,True,Republic Day Sale,33,45,27.1,13404.73,2
2023-01-23,Amazon,Books,True,Republic Day Sale,20,31,22.4,8672.65,1
2023-01-23,Amazon,Sports & Fitness,True,Republic Day Sale,56,81,37.5,54419.08,2
2023-01-23,Flipkart,Electronics,True,Republic Day Sale,107,155,28.7,360746.86,7
2023-01-23,Flipkart,Mobiles,True,Republic Day Sale,195,219,24.4,2358484.22,9
2023-01-23,Flipkart,Fashion,True,Republic Day Sale,103,141,33.7,88607.57,5
2023-01-23,Flipkart,Home & Kitchen,True,Republic Day Sale,108,159,24.9,164168.93,5
2023-01-23,Flipkart,Beauty & Personal Care,True,Republic Day Sale,61,81,27.6,37589.5,3
2023-01-23,Flipkart,Grocery,True,Republic Day Sale,48,71,28.6,21784.46,3
2023-01-23,Flipkart,Books,True,Republic Day Sale,20,25,22.5,7574.24,1
2023-01-23,Flipkart,Sports & Fitness,True,Republic Day Sale,61,79,20.4,66812.7,3
2023-01-24,Amazon,Electronics,True,Republic Day Sale,135,204,23.2,480981.9,7
2023-01-24,Amazon,Mobiles,True,Republic Day Sale,173,242,38.8,2083908.23,8
2023-01-24,Amazon,Fashion,True,Republic Day Sale,119,184,39.7,102511.07,5
2023-01-24,Amazon,Home & Kitchen,True,Republic Day Sale,72,113,38.6,98390.72,4
2023-01-24,Amazon,Beauty & Personal Care,True,Republic Day Sale,72,89,38.5,35093.03,3
2023-01-24,Amazon,Grocery,True,Republic Day Sale,37,59,23.1,20006.97,1
2023-01-24,Amazon,Books,True,Republic Day Sale,18,26,21.2,7702.56,1
2023-01-24,Amazon,Sports & Fitness,True,Republic Day Sale,84,118,24.2,103327.66,6
2023-01-24,Flipkart,Electronics,True,Republic Day Sale,105,111,24.9,269347.07,5
2023-01-24,Flipkart,Mobiles,True,Republic Day Sale,143,216,28.4,2307362.33,12
2023-01-24,Flipkart,Fashion,True,Republic Day Sale,83,112,23.0,81039.11,4
2023-01-24,Flipkart,Home & Kitchen,True,Republic Day Sale,104,160,39.4,131535.07,5
2023-01-24,Flipkart,Beauty & Personal Care,True,Republic Day Sale,43,56,31.5,26044.29,3
2023-01-24,Flipkart,Grocery,True,Republic Day Sale,48,63,36.4,17297.93,3
2023-01-24,Flipkart,Books,True,Republic Day Sale,28,46,22.0,14557.1,1
2023-01-24,Flipkart,Sports & Fitness,True,Republic Day Sale,65,84,32.2,61725.96,3
2023-01-25,Amazon,Electronics,True,Republic Day Sale,157,240,33.1,502862.23,7
2023-01-25,Amazon,Mobiles,True,Republic Day Sale,193,258,34.9,2544474.28,13
2023-01-25,Amazon,Fashion,True,Republic Day Sale,95,136,25.9,95577.23,7
2023-01-25,Amazon,Home & Kitchen,True,Republic Day Sale,73,74,24.7,77926.87,4
2023-01-25,Amazon,Beauty & Personal Care,True,Republic Day Sale,42,50,25.3,26098.51,2
2023-01-25,Amazon,Grocery,True,Republic Day Sale,26,33,24.6,11136.98,1
2023-01-25,Amazon,Books,True,Republic Day Sale,21,29,27.6,8048.86,1
2023-01-25,Amazon,Sports & Fitness,True,Republic Day Sale,55,89,25.0,73869.02,3
2023-01-25,Flipkart,Electronics,True,Republic Day Sale,150,245,32.3,535242.51,8
2023-01-25,Flipkart,Mobiles,True,Republic Day Sale,193,256,37.7,2481577.82,11
2023-01-25,Flipkart,Fashion,True,Republic Day Sale,87,130,20.3,102693.61,6
2023-01-25,Flipkart,Home & Kitchen,True,Republic Day Sale,81,110,32.2,107815.15,4
2023-01-25,Flipkart,Beauty & Personal Care,True,Republic Day Sale,71,93,35.2,40477.93,4
2023-01-25,Flipkart,Grocery,True,Republic Day Sale,52,63,38.3,15377.94,3
2023-01-25,Flipkart,Books,True,Republic Day Sale,19,28,25.2,8028.46,0
2023-01-25,Flipkart,Sports & Fitness,True,Republic Day Sale,58,84,33.5,59377.65,2
2023-01-26,Amazon,Electronics,True,Republic Day Sale,143,227,34.2,477233.75,10
2023-01-26,Amazon,Mobiles,True,Republic Day Sale,156,230,25.5,2529171.09,8
2023-01-26,Amazon,Fashion,True,Republic Day Sale,100,133,30.8,87343.95,8
2023-01-26,Amazon,Home & Kitchen,True,Republic Day Sale,93,132,20.9,152546.3,7
2023-01-26,Amazon,Beauty & Personal Care,True,Republic Day Sale,60,102,26.1,49993.91,2
2023-01-26,Amazon,Grocery,True,Republic Day Sale,43,54,34.2,15675.32,1
2023-01-26,Amazon,Books,True,Republic Day Sale,19,27,23.7,7636.88,0
2023-01-26,Amazon,Sports & Fitness,True,Republic Day Sale,75,97,34.3,73095.81,3
2023-01-26,Flipkart,Electronics,True,Republic Day Sale,108,183,39.7,347519.7,9
2023-01-26,Flipkart,Mobiles,True,Republic Day Sale,142,201,30.1,2088543.25,9
2023-01-26,Flipkart,Fashion,True,Republic Day Sale,66,95,34.5,60614.43,3
2023-01-26,Flipkart,Home & Kitchen,True,Republic Day Sale,82,121,27.8,125431.08,3
2023-01-26,Flipkart,Beauty & Personal Care,True,Republic Day Sale,69,97,38.6,38010.11,2
2023-01-26,Flipkart,Grocery,True,Republic Day Sale,25,42,34.0,11936.98,1
2023-01-26,Flipkart,Books,True,Republic Day Sale,33,54,36.2,13279.58,1
2023-01-26,Flipkart,Sports & Fitness,True,Republic Day Sale,64,82,33.0,59470.59,2
2023-01-27,Amazon,Electronics,False,Normal Day,42,51,6.3,157806.85,1
2023-01-27,Amazon,Mobiles,False,Normal Day,71,71,14.2,859076.43,2
2023-01-27,Amazon,Fashion,False,Normal Day,40,40,9.9,34699.52,0
2023-01-27,Amazon,Home & Kitchen,False,Normal Day,31,32,5.8,41329.77,1
2023-01-27,Amazon,Beauty & Personal Care,False,Normal Day,13,14,12.6,8065.4,0
2023-01-27,Amazon,Grocery,False,Normal Day,13,17,12.0,6251.62,0
2023-01-27,Amazon,Books,False,Normal Day,6,7,11.4,2532.14,0
2023-01-27,Amazon,Sports & Fitness,False,Normal Day,23,29,10.8,31314.23,1
2023-01-27,Flipkart,Electronics,False,Normal Day,55,55,5.3,165871.39,1
2023-01-27,Flipkart,Mobiles,False,Normal Day,53,67,11.0,847577.08,3
2023-01-27,Flipkart,Fashion,False,Normal Day,41,53,5.6,46733.61,0
2023-01-27,Flipkart,Home & Kitchen,False,Normal Day,37,43,11.0,55696.55,1
2023-01-27,Flipkart,Beauty & Personal Care,False,Normal Day,17,17,7.4,10932.69,0
2023-01-27,Flipkart,Grocery,False,Normal Day,12,14,8.4,5500.54,0
2023-01-27,Flipkart,Books,False,Normal Day,11,11,8.9,3763.77,0
2023-01-27,Flipkart,Sports & Fitness,False,Normal Day,25,31,10.6,32732.15,1
2023-01-28,Amazon,Electronics,False,Normal Day,69,75,11.0,220996.7,3
2023-01-28,Amazon,Mobiles,False,Normal Day,61,75,13.9,929805.64,1
2023-01-28,Amazon,Fashion,False,Normal Day,40,51,14.2,44716.27,1
2023-01-28,Amazon,Home & Kitchen,False,Normal Day,63,68,7.0,86153.42,3
2023-01-28,Amazon,Beauty & Personal Care,False,Normal Day,21,23,12.0,13874.72,1
2023-01-28,Amazon,Grocery,False,Normal Day,11,13,11.9,5180.71,0
2023-01-28,Amazon,Books,False,Normal Day,17,19,13.1,6419.21,0
2023-01-28,Amazon,Sports & Fitness,False,Normal Day,22,26,10.1,26411.17,0
2023-01-28,Flipkart,Electronics,False,Normal Day,57,57,13.5,161472.74,2
2023-01-28,Flipkart,Mobiles,False,Normal Day,66,80,5.9,1094946.72,3
2023-01-28,Flipkart,Fashion,False,Normal Day,33,38,10.6,31913.08,0
2023-01-28,Flipkart,Home & Kitchen,False,Normal Day,23,26,5.4,33813.56,0
2023-01-28,Flipkart,Beauty & Personal Care,False,Normal Day,28,29,13.2,16036.82,0
2023-01-28,Flipkart,Grocery,False,Normal Day,14,16,5.1,6481.56,0
2023-01-28,Flipkart,Books,False,Normal Day,16,19,12.0,6877.31,0
2023-01-28,Flipkart,Sports & Fitness,False,Normal Day,22,25,13.2,23564.57,0
2023-01-29,Amazon,Electronics,False,Normal Day,68,89,5.0,269775.21,2
2023-01-29,Amazon,Mobiles,False,Normal Day,109,138,7.8,1953567.52,6
2023-01-29,Amazon,Fashion,False,Normal Day,61,64,11.1,55070.92,3
2023-01-29,Amazon,Home & Kitchen,False,Normal Day,44,48,8.8,61570.73,1
2023-01-29,Amazon,Beauty & Personal Care,False,Normal Day,28,28,5.5,17181.84,0
2023-01-29,Amazon,Grocery,False,Normal Day,24,24,10.9,9119.84,1
2023-01-29,Amazon,Books,False,Normal Day,18,22,8.3,7357.45,1
2023-01-29,Amazon,Sports & Fitness,False,Normal Day,31,38,10.2,38987.18,1
2023-01-29,Flipkart,Electronics,False,Normal Day,70,75,12.1,211785.63,1
2023-01-29,Flipkart,Mobiles,False,Normal Day,92,109,9.8,1462690.62,4
2023-01-29,Flipkart,Fashion,False,Normal Day,37,50,8.2,44389.7,1
2023-01-29,Flipkart,Home & Kitchen,False,Normal Day,30,40,12.9,48952.53,1
2023-01-29,Flipkart,Beauty & Personal Care,False,Normal Day,18,22,12.8,12737.9,0
2023-01-29,Flipkart,Grocery,False,Normal Day,10,11,15.0,3985.74,0
2023-01-29,Flipkart,Books,False,Normal Day,11,12,14.4,3954.02,0
2023-01-29,Flipkart,Sports & Fitness,False,Normal Day,18,20,8.3,19629.17,0
2023-01-30,Amazon,Electronics,False,Normal Day,50,64,8.2,181959.65,1
2023-01-30,Amazon,Mobiles,False,Normal Day,81,98,10.6,1265252.79,3
2023-01-30,Amazon,Fashion,False,Normal Day,35,45,10.9,37293.69,1
2023-01-30,Amazon,Home & Kitchen,False,Normal Day,36,36,5.3,49824.84,0
2023-01-30,Amazon,Beauty & Personal Care,False,Normal Day,18,22,7.5,14299.51,0
2023-01-30,Amazon,Grocery,False,Normal Day,11,12,5.8,5010.04,0
2023-01-30,Amazon,Books,False,Normal Day,8,9,8.6,3179.33,0
2023-01-30,Amazon,Sports & Fitness,False,Normal Day,27,29,10.7,29387.13,1
2023-01-30,Flipkart,Electronics,False,Normal Day,50,75,6.8,232010.31,2
2023-01-30,Flipkart,Mobiles,False,Normal Day,73,92,11.0,1247088.41,3
2023-01-30,Flipkart,Fashion,False,Normal Day,35,44,5.2,38063.22,1
2023-01-30,Flipkart,Home & Kitchen,False,Normal Day,23,23,11.7,28384.81,1
2023-01-30,Flipkart,Beauty & Personal Care,False,Normal Day,25,33,12.3,19346.36,0
2023-01-30,Flipkart,Grocery,False,Normal Day,14,16,9.3,6575.51,0
2023-01-30,Flipkart,Books,False,Normal Day,13,18,13.6,6094.31,0
2023-01-30,Flipkart,Sports & Fitness,False,Normal Day,29,32,7.0,33679.76,1
2023-01-31,Amazon,Electronics,False,Normal Day,54,66,7.6,199068.23,1
2023-01-31,Amazon,Mobiles,False,Normal Day,46,48,7.5,657878.02,1
2023-01-31,Amazon,Fashion,False,Normal Day,36,42,14.4,33745.14,1
2023-01-31,Amazon,Home & Kitchen,False,Normal Day,34,34,5.8,44732.31,0
2023-01-31,Amazon,Beauty & Personal Care,False,Normal Day,32,32,10.2,18073.59,0
2023-01-31,Amazon,Grocery,False,Normal Day,15,16,8.2,6447.41,0
2023-01-31,Amazon,Books,False,Normal Day,7,8,5.2,3047.18,0
2023-01-31,Amazon,Sports & Fitness,False,Normal Day,29,34,6.4,36841.33,1
2023-01-31,Flipkart,Electronics,False,Normal Day,55,60,11.9,184161.01,2
2023-01-31,Flipkart,Mobiles,False,Normal Day,62,62,8.3,805835.72,2
2023-01-31,Flipkart,Fashion,False,Normal Day,47,63,7.9,54098.02,1
2023-01-31,Flipkart,Home & Kitchen,False,Normal Day,26,29,11.4,35576.81,1
2023-01-31,Flipkart,Beauty & Personal Care,False,Normal Day,17,21,9.2,12534.28,0
2023-01-31,Flipkart,Grocery,False,Normal Day,15,18,5.8,6907.69,0
2023-01-31,Flipkart,Books,False,Normal Day,19,19,10.6,6438.16,0
2023-01-31,Flipkart,Sports & Fitness,False,Normal Day,13,14,6.2,14224.46,0
2023-02-01,Amazon,Electronics,False,Normal Day,71,71,14.7,197303.97,3
2023-02-01,Amazon,Mobiles,False,Normal Day,65,77,11.6,988814.56,3
2023-02-01,Amazon,Fashion,False,Normal Day,22,26,6.3,23579.93,1
2023-02-01,Amazon,Home & Kitchen,False,Normal Day,31,35,11.7,42756.92,1
2023-02-01,Amazon,Beauty & Personal Care,False,Normal Day,24,26,13.7,15035.85,0
2023-02-01,Amazon,Grocery,False,Normal Day,14,14,9.3,5177.97,0
2023-02-01,Amazon,Books,False,Normal Day,9,9,10.0,3086.94,0
2023-02-01,Amazon,Sports & Fitness,False,Normal Day,21,21,6.9,21037.17,0
2023-02-01,Flipkart,Electronics,False,Normal Day,48,58,13.8,158222.35,2
2023-02-01,Flipkart,Mobiles,False,Normal Day,76,92,10.9,1151178.9,1
2023-02-01,Flipkart,Fashion,False,Normal Day,34,34,11.9,28022.6,0
2023-02-01,Flipkart,Home & Kitchen,False,Normal Day,33,35,14.5,42889.47,0
2023-02-01,Flipkart,Beauty & Personal Care,False,Normal Day,16,17,6.4,10279.58,0
2023-02-01,Flipkart,Grocery,False,Normal Day,14,17,8.7,6465.87,0
2023-02-01,Flipkart,Books,False,Normal Day,6,6,6.0,2301.65,0
2023-02-01,Flipkart,Sports & Fitness,False,Normal Day,17,17,7.4,17067.25,0
2023-02-02,Amazon,Electronics,False,Normal Day,45,53,7.6,161286.97,0
2023-02-02,Amazon,Mobiles,False,Normal Day,57,57,9.5,765476.87,1
2023-02-02,Amazon,Fashion,False,Normal Day,30,36,13.0,30990.36,1
2023-02-02,Amazon,Home & Kitchen,False,Normal Day,47,51,8.6,66682.39,1
2023-02-02,Amazon,Beauty & Personal Care,False,Normal Day,18,18,8.8,11090.49,0
2023-02-02,Amazon,Grocery,False,Normal Day,21,24,7.6,9289.04,1
2023-02-02,Amazon,Books,False,Normal Day,13,18,12.9,6089.01,0
2023-02-02,Amazon,Sports & Fitness,False,Normal Day,21,25,9.2,25737.03,0
2023-02-02,Flipkart,Electronics,False,Normal Day,54,65,9.5,183735.01,2
2023-02-02,Flipkart,Mobiles,False,Normal Day,58,71,10.4,915317.42,1
2023-02-02,Flipkart,Fashion,False,Normal Day,46,59,6.9,52667.61,2
2023-02-02,Flipkart,Home & Kitchen,False,Normal Day,37,44,10.6,57720.41,0
2023-02-02,Flipkart,Beauty & Personal Care,False,Normal Day,22,25,13.3,14133.76,1
2023-02-02,Flipkart,Grocery,False,Normal Day,16,16,8.2,6311.85,0
2023-02-02,Flipkart,Books,False,Normal Day,12,12,10.0,3946.96,0
2023-02-02,Flipkart,Sports & Fitness,False,Normal Day,22,24,8.8,25712.52,0
2023-02-03,Amazon,Electronics,False,Normal Day,50,63,7.5,187220.05,1
2023-02-03,Amazon,Mobiles,False,Normal Day,54,65,7.1,886880.13,2
2023-02-03,Amazon,Fashion,False,Normal Day,39,43,5.2,39363.23,1
2023-02-03,Amazon,Home & Kitchen,False,Normal Day,24,30,10.6,39718.39,1
2023-02-03,Amazon,Beauty & Personal Care,False,Normal Day,22,23,12.0,12937.21,1
2023-02-03,Amazon,Grocery,False,Normal Day,12,12,9.9,4614.57,0
2023-02-03,Amazon,Books,False,Normal Day,9,9,6.2,3332.62,0
2023-02-03,Amazon,Sports & Fitness,False,Normal Day,26,30,11.1,30631.11,0
2023-02-03,Flipkart,Electronics,False,Normal Day,57,75,12.0,207872.59,1
2023-02-03,Flipkart,Mobiles,False,Normal Day,51,61,5.7,813985.3,1
2023-02-03,Flipkart,Fashion,False,Normal Day,33,42,7.2,36790.9,0
2023-02-03,Flipkart,Home & Kitchen,False,Normal Day,39,65,6.7,84586.93,1
2023-02-03,Flipkart,Beauty & Personal Care,False,Normal Day,24,27,10.1,16836.24,1
2023-02-03,Flipkart,Grocery,False,Normal Day,10,10,8.4,4016.86,0
2023-02-03,Flipkart,Books,False,Normal Day,5,6,9.7,2027.3,0
2023-02-03,Flipkart,Sports & Fitness,False,Normal Day,18,22,11.9,21327.84,0
2023-02-04,Amazon,Electronics,False,Normal Day,67,81,13.6,220915.51,2
2023-02-04,Amazon,Mobiles,False,Normal Day,51,76,5.1,1010477.52,1
2023-02-04,Amazon,Fashion,False,Normal Day,46,61,5.7,53650.08,2
2023-02-04,Amazon,Home & Kitchen,False,Normal Day,37,37,10.3,45321.4,1
2023-02-04,Amazon,Beauty & Personal Care,False,Normal Day,27,35,6.3,22266.63,1
2023-02-04,Amazon,Grocery,False,Normal Day,17,23,7.6,8921.56,0
2023-02-04,Amazon,Books,False,Normal Day,17,27,13.2,9344.77,0
2023-02-04,Amazon,Sports & Fitness,False,Normal Day,24,30,12.4,29133.46,0
2023-02-04,Flipkart,Electronics,False,Normal Day,52,61,13.4,173190.09,1
2023-02-04,Flipkart,Mobiles,False,Normal Day,82,83,6.2,1101715.6,4
2023-02-04,Flipkart,Fashion,False,Normal Day,38,42,6.8,38970.63,0
2023-02-04,Flipkart,Home & Kitchen,False,Normal Day,36,39,12.4,50507.3,1
2023-02-04,Flipkart,Beauty & Personal Care,False,Normal Day,30,32,9.8,18594.99,1
2023-02-04,Flipkart,Grocery,False,Normal Day,11,13,6.7,5045.23,0
2023-02-04,Flipkart,Books,False,Normal Day,17,17,10.2,5769.7,0
2023-02-04,Flipkart,Sports & Fitness,False,Normal Day,25,26,6.5,28163.66,0
2023-02-05,Amazon,Electronics,False,Normal Day,62,83,8.6,237087.38,3
2023-02-05,Amazon,Mobiles,False,Normal Day,86,93,12.5,1176010.04,3
2023-02-05,Amazon,Fashion,False,Normal Day,49,71,13.8,59226.21,1
2023-02-05,Amazon,Home & Kitchen,False,Normal Day,20,23,12.8,29317.3,0
2023-02-05,Amazon,Beauty & Personal Care,False,Normal Day,20,20,11.1,13137.32,0
2023-02-05,Amazon,Grocery,False,Normal Day,9,10,5.3,4507.14,0
2023-02-05,Amazon,Books,False,Normal Day,7,7,13.8,2276.28,0
2023-02-05,Amazon,Sports & Fitness,False,Normal Day,25,25,5.2,25370.3,1
2023-02-05,Flipkart,Electronics,False,Normal Day,67,67,6.5,191677.37,3
2023-02-05,Flipkart,Mobiles,False,Normal Day,80,96,14.7,1200871.25,2
2023-02-05,Flipkart,Fashion,False,Normal Day,49,49,11.5,42116.54,2
2023-02-05,Flipkart,Home & Kitchen,False,Normal Day,27,30,14.7,34784.43,1
2023-02-05,Flipkart,Beauty & Personal Care,False,Normal Day,25,31,12.8,17468.87,1
2023-02-05,Flipkart,Grocery,False,Normal Day,10,10,8.6,3758.75,0
2023-02-05,Flipkart,Books,False,Normal Day,13,13,6.3,4779.04,0
2023-02-05,Flipkart,Sports & Fitness,False,Normal Day,23,23,10.2,22692.37,0
2023-02-06,Amazon,Electronics,False,Normal Day,52,69,12.6,189092.42,1
2023-02-06,Amazon,Mobiles,False,Normal Day,77,80,10.6,999434.6,2
2023-02-06,Amazon,Fashion,False,Normal Day,45,51,11.5,41251.93,1
2023-02-06,Amazon,Home & Kitchen,False,Normal Day,42,45,8.7,59840.72,2
2023-02-06,Amazon,Beauty & Personal Care,False,Normal Day,15,15,14.8,8297.73,0
2023-02-06,Amazon,Grocery,False,Normal Day,14,14,11.8,5369.81,0
2023-02-06,Amazon,Books,False,Normal Day,6,7,11.6,2641.86,0
2023-02-06,Amazon,Sports & Fitness,False,Normal Day,22,22,6.6,24906.53,0
2023-02-06,Flipkart,Electronics,False,Normal Day,37,43,5.8,134679.38,1
2023-02-06,Flipkart,Mobiles,False,Normal Day,75,88,10.1,1173479.05,4
2023-02-06,Flipkart,Fashion,False,Normal Day,34,48,7.0,42052.75,1
2023-02-06,Flipkart,Home & Kitchen,False,Normal Day,27,27,11.2,33073.03,1
2023-02-06,Flipkart,Beauty & Personal Care,False,Normal Day,17,17,7.2,10973.01,0
2023-02-06,Flipkart,Grocery,False,Normal Day,18,20,8.2,7740.73,0
2023-02-06,Flipkart,Books,False,Normal Day,10,10,7.7,3615.6,0
2023-02-06,Flipkart,Sports & Fitness,False,Normal Day,12,17,11.9,16647.52,0
2023-02-07,Amazon,Electronics,False,Normal Day,54,67,7.7,193240.51,1
2023-02-07,Amazon,Mobiles,False,Normal Day,66,66,13.0,832866.12,3
2023-02-07,Amazon,Fashion,False,Normal Day,28,33,6.6,29302.4,1
2023-02-07,Amazon,Home & Kitchen,False,Normal Day,40,49,13.1,58371.92,1
2023-02-07,Amazon,Beauty & Personal Care,False,Normal Day,18,21,6.4,11696.76,0
2023-02-07,Amazon,Grocery,False,Normal Day,18,21,15.0,7382.54,0
2023-02-07,Amazon,Books,False,Normal Day,14,17,7.4,6135.4,0
2023-02-07,Amazon,Sports & Fitness,False,Normal Day,23,28,10.2,28226.59,0
2023-02-07,Flipkart,Electronics,False,Normal Day,41,48,8.0,149845.22,1
2023-02-07,Flipkart,Mobiles,False,Normal Day,73,104,10.7,1403540.63,3
2023-02-07,Flipkart,Fashion,False,Normal Day,29,29,10.4,24816.74,0
2023-02-07,Flipkart,Home & Kitchen,False,Normal Day,33,34,11.1,42605.6,1
2023-02-07,Flipkart,Beauty & Personal Care,False,Normal Day,28,32,5.5,19928.76,0
2023-02-07,Flipkart,Grocery,False,Normal Day,21,21,5.7,8141.66,0
2023-02-07,Flipkart,Books,False,Normal Day,9,10,14.3,3349.25,0
2023-02-07,Flipkart,Sports & Fitness,False,Normal Day,21,27,11.6,25773.55,1
2023-02-08,Amazon,Electronics,False,Normal Day,50,52,9.5,153413.2,1
2023-02-08,Amazon,Mobiles,False,Normal Day,47,60,8.1,864336.84,2
2023-02-08,Amazon,Fashion,False,Normal Day,48,51,12.5,43084.26,1
2023-02-08,Amazon,Home & Kitchen,False,Normal Day,30,41,6.9,52659.7,1
2023-02-08,Amazon,Beauty & Personal Care,False,Normal Day,15,15,9.6,8472.24,0
2023-02-08,Amazon,Grocery,False,Normal Day,12,13,10.2,5009.83,0
2023-02-08,Amazon,Books,False,Normal Day,11,13,10.5,4209.6,0
2023-02-08,Amazon,Sports & Fitness,False,Normal Day,22,26,6.8,27836.71,1
2023-02-08,Flipkart,Electronics,False,Normal Day,57,62,12.4,179730.69,1
2023-02-08,Flipkart,Mobiles,False,Normal Day,55,65,13.8,807412.17,2
2023-02-08,Flipkart,Fashion,False,Normal Day,31,34,11.6,28677.88,0
2023-02-08,Flipkart,Home & Kitchen,False,Normal Day,29,36,5.9,49924.91,1
2023-02-08,Flipkart,Beauty & Personal Care,False,Normal Day,16,19,13.9,10581.29,0
2023-02-08,Flipkart,Grocery,False,Normal Day,10,12,9.4,4698.09,0
2023-02-08,Flipkart,Books,False,Normal Day,13,13,10.5,4580.09,0
2023-02-08,Flipkart,Sports & Fitness,False,Normal Day,23,23,11.0,22795.66,1
2023-02-09,Amazon,Electronics,False,Normal Day,49,53,15.0,154548.54,1
2023-02-09,Amazon,Mobiles,False,Normal Day,68,78,7.2,1054227.12,3
2023-02-09,Amazon,Fashion,False,Normal Day,38,38,13.8,29670.5,2
2023-02-09,Amazon,Home & Kitchen,False,Normal Day,44,49,6.2,67052.86,2
2023-02-09,Amazon,Beauty & Personal Care,False,Normal Day,17,19,6.6,12038.26,0
2023-02-09,Amazon,Grocery,False,Normal Day,10,11,12.2,4134.21,0
2023-02-09,Amazon,Books,False,Normal Day,8,8,11.0,3002.01,0
2023-02-09,Amazon,Sports & Fitness,False,Normal Day,25,25,11.9,22850.97,0
2023-02-09,Flipkart,Electronics,False,Normal Day,42,42,13.6,109119.8,2
2023-02-09,Flipkart,Mobiles,False,Normal Day,58,66,7.4,859756.29,2
2023-02-09,Flipkart,Fashion,False,Normal Day,43,43,8.2,39804.91,1
2023-02-09,Flipkart,Home & Kitchen,False,Normal Day,31,31,14.1,37013.6,1
2023-02-09,Flipkart,Beauty & Personal Care,False,Normal Day,19,20,11.3,11721.82,0
2023-02-09,Flipkart,Grocery,False,Normal Day,19,19,8.6,7034.93,0
2023-02-09,Flipkart,Books,False,Normal Day,10,11,7.2,4131.87,0
2023-02-09,Flipkart,Sports & Fitness,False,Normal Day,21,23,11.5,24079.06,0
2023-02-10,Amazon,Electronics,False,Normal Day,51,57,7.0,168118.21,2
2023-02-10,Amazon,Mobiles,False,Normal Day,73,84,13.4,1059951.48,3
2023-02-10,Amazon,Fashion,False,Normal Day,44,49,10.9,41640.15,2
2023-02-10,Amazon,Home & Kitchen,False,Normal Day,35,35,7.0,45718.86,1
2023-02-10,Amazon,Beauty & Personal Care,False,Normal Day,17,17,8.2,10205.04,1
2023-02-10,Amazon,Grocery,False,Normal Day,21,26,14.8,9710.5,0
2023-02-10,Amazon,Books,False,Normal Day,16,16,10.5,5483.97,0
2023-02-10,Amazon,Sports & Fitness,False,Normal Day,15,16,6.4,16983.36,0
2023-02-10,Flipkart,Electronics,False,Normal Day,58,59,7.9,181158.65,2
2023-02-10,Flipkart,Mobiles,False,Normal Day,44,54,6.5,693322.29,1
2023-02-10,Flipkart,Fashion,False,Normal Day,32,37,14.3,29848.3,1
2023-02-10,Flipkart,Home & Kitchen,False,Normal Day,25,32,12.6,38037.56,1
2023-02-10,Flipkart,Beauty & Personal Care,False,Normal Day,22,22,13.3,13373.32,0
2023-02-10,Flipkart,Grocery,False,Normal Day,16,19,9.5,7441.63,0
2023-02-10,Flipkart,Books,False,Normal Day,10,10,8.1,3619.54,0
2023-02-10,Flipkart,Sports & Fitness,False,Normal Day,22,26,14.2,24221.15,0
2023-02-11,Amazon,Electronics,False,Normal Day,53,57,10.0,167686.55,1
2023-02-11,Amazon,Mobiles,False,Normal Day,73,79,8.2,1093931.09,3
2023-02-11,Amazon,Fashion,False,Normal Day,39,39,7.8,35017.44,1
2023-02-11,Amazon,Home & Kitchen,False,Normal Day,28,35,8.2,43213.54,0
2023-02-11,Amazon,Beauty & Personal Care,False,Normal Day,27,27,9.2,16123.87,0
2023-02-11,Amazon,Grocery,False,Normal Day,13,16,12.2,6248.05,0
2023-02-11,Amazon,Books,False,Normal Day,4,4,5.0,1599.94,0
2023-02-11,Amazon,Sports & Fitness,False,Normal Day,33,43,11.1,42150.51,1
2023-02-11,Flipkart,Electronics,False,Normal Day,59,75,10.4,216437.51,1
2023-02-11,Flipkart,Mobiles,False,Normal Day,57,76,5.5,1073215.41,1
2023-02-11,Flipkart,Fashion,False,Normal Day,48,58,9.5,50615.86,1
2023-02-11,Flipkart,Home & Kitchen,False,Normal Day,32,44,6.0,57039.9,1
2023-02-11,Flipkart,Beauty & Personal Care,False,Normal Day,19,21,14.2,12110.47,0
2023-02-11,Flipkart,Grocery,False,Normal Day,12,13,9.4,5238.92,0
2023-02-11,Flipkart,Books,False,Normal Day,10,10,11.5,3599.73,0
2023-02-11,Flipkart,Sports & Fitness,False,Normal Day,27,31,7.6,30726.44,1
2023-02-12,Amazon,Electronics,False,Normal Day,51,54,6.9,163645.96,1
2023-02-12,Amazon,Mobiles,False,Normal Day,70,81,8.3,1031541.41,2
2023-02-12,Amazon,Fashion,False,Normal Day,46,53,13.6,43576.64,1
2023-02-12,Amazon,Home & Kitchen,False,Normal Day,33,33,14.6,38726.98,1
2023-02-12,Amazon,Beauty & Personal Care,False,Normal Day,13,13,10.5,7400.25,0
2023-02-12,Amazon,Grocery,False,Normal Day,24,24,12.6,8750.09,0
2023-02-12,Amazon,Books,False,Normal Day,6,6,11.1,2084.25,0
2023-02-12,Amazon,Sports & Fitness,False,Normal Day,20,23,9.3,23287.55,0
2023-02-12,Flipkart,Electronics,False,Normal Day,62,62,5.9,187163.61,1
2023-02-12,Flipkart,Mobiles,False,Normal Day,62,62,14.2,743740.09,3
2023-02-12,Flipkart,Fashion,False,Normal Day,30,37,8.6,33230.85,1
2023-02-12,Flipkart,Home & Kitchen,False,Normal Day,31,39,5.4,54536.84,0
2023-02-12,Flipkart,Beauty & Personal Care,False,Normal Day,29,35,11.7,20726.56,1
2023-02-12,Flipkart,Grocery,False,Normal Day,23,24,9.2,9835.1,1
2023-02-12,Flipkart,Books,False,Normal Day,10,11,13.3,3981.17,0
2023-02-12,Flipkart,Sports & Fitness,False,Normal Day,26,35,11.8,34298.75,0
2023-02-13,Amazon,Electronics,False,Normal Day,57,57,12.8,153069.4,2
2023-02-13,Amazon,Mobiles,False,Normal Day,61,69,14.3,834367.53,3
2023-02-13,Amazon,Fashion,False,Normal Day,27,28,8.1,25740.83,0
2023-02-13,Amazon,Home & Kitchen,False,Normal Day,25,36,6.5,46722.62,0
2023-02-13,Amazon,Beauty & Personal Care,False,Normal Day,17,17,7.7,10403.14,0
2023-02-13,Amazon,Grocery,False,Normal Day,15,22,14.6,8229.16,0
2023-02-13,Amazon,Books,False,Normal Day,15,15,14.3,5114.87,0
2023-02-13,Amazon,Sports & Fitness,False,Normal Day,26,28,9.4,28695.02,1
2023-02-13,Flipkart,Electronics,False,Normal Day,68,77,14.4,212233.8,3
2023-02-13,Flipkart,Mobiles,False,Normal Day,65,66,8.5,865480.37,1
2023-02-13,Flipkart,Fashion,False,Normal Day,49,59,14.3,48995.41,2
2023-02-13,Flipkart,Home & Kitchen,False,Normal Day,25,32,12.4,40845.01,1
2023-02-13,Flipkart,Beauty & Personal Care,False,Normal Day,21,21,11.3,11861.38,0
2023-02-13,Flipkart,Grocery,False,Normal Day,10,10,9.5,4015.22,0
2023-02-13,Flipkart,Books,False,Normal Day,10,10,14.1,3493.08,0
2023-02-13,Flipkart,Sports & Fitness,False,Normal Day,24,34,7.4,34204.57,0
2023-02-14,Amazon,Electronics,False,Normal Day,62,72,7.5,209033.44,1
2023-02-14,Amazon,Mobiles,False,Normal Day,76,98,6.7,1325622.36,3
2023-02-14,Amazon,Fashion,False,Normal Day,34,34,8.3,30647.04,0
2023-02-14,Amazon,Home & Kitchen,False,Normal Day,22,22,9.4,27221.32,0
2023-02-14,Amazon,Beauty & Personal Care,False,Normal Day,19,19,14.5,10925.84,1
2023-02-14,Amazon,Grocery,False,Normal Day,12,15,12.5,5875.94,0
2023-02-14,Amazon,Books,False,Normal Day,18,19,11.0,6764.84,0
2023-02-14,Amazon,Sports & Fitness,False,Normal Day,28,28,9.5,27643.0,0
2023-02-14,Flipkart,Electronics,False,Normal Day,50,52,8.0,151220.97,1
2023-02-14,Flipkart,Mobiles,False,Normal Day,69,89,6.7,1175908.38,3
2023-02-14,Flipkart,Fashion,False,Normal Day,28,32,6.5,29000.96,1
2023-02-14,Flipkart,Home & Kitchen,False,Normal Day,38,44,12.5,56767.36,1
2023-02-14,Flipkart,Beauty & Personal Care,False,Normal Day,19,23,9.9,14368.19,0
2023-02-14,Flipkart,Grocery,False,Normal Day,14,18,9.7,6914.95,0
2023-02-14,Flipkart,Books,False,Normal Day,8,10,11.5,3666.89,0
2023-02-14,Flipkart,Sports & Fitness,False,Normal Day,26,28,9.4,28176.0,1
2023-02-15,Amazon,Electronics,False,Normal Day,56,69,12.7,190288.1,2
2023-02-15,Amazon,Mobiles,False,Normal Day,57,66,6.1,880756.18,2
2023-02-15,Amazon,Fashion,False,Normal Day,35,40,13.0,33734.21,1
2023-02-15,Amazon,Home & Kitchen,False,Normal Day,39,45,9.3,56782.9,1
2023-02-15,Amazon,Beauty & Personal Care,False,Normal Day,20,25,7.0,15064.75,0
2023-02-15,Amazon,Grocery,False,Normal Day,11,11,10.3,4314.7,0
2023-02-15,Amazon,Books,False,Normal Day,14,16,10.5,5763.96,0
2023-02-15,Amazon,Sports & Fitness,False,Normal Day,23,27,13.7,26998.33,0
2023-02-15,Flipkart,Electronics,False,Normal Day,52,63,13.9,176625.19,2
2023-02-15,Flipkart,Mobiles,False,Normal Day,60,60,6.2,826670.64,1
2023-02-15,Flipkart,Fashion,False,Normal Day,29,37,12.6,30999.27,1
2023-02-15,Flipkart,Home & Kitchen,False,Normal Day,16,17,12.7,21347.59,0
2023-02-15,Flipkart,Beauty & Personal Care,False,Normal Day,18,19,15.0,10281.33,0
2023-02-15,Flipkart,Grocery,False,Normal Day,15,17,14.1,6575.97,0
2023-02-15,Flipkart,Books,False,Normal Day,13,16,14.5,5575.79,0
2023-02-15,Flipkart,Sports & Fitness,False,Normal Day,26,30,5.9,34142.31,1
2023-02-16,Amazon,Electronics,False,Normal Day,29,36,14.1,86590.91,0
2023-02-16,Amazon,Mobiles,False,Normal Day,46,46,13.0,580051.6,1
2023-02-16,Amazon,Fashion,False,Normal Day,42,55,5.9,52153.08,1
2023-02-16,Amazon,Home & Kitchen,False,Normal Day,22,22,13.8,26865.36,0
2023-02-16,Amazon,Beauty & Personal Care,False,Normal Day,24,27,6.1,16686.37,0
2023-02-16,Amazon,Grocery,False,Normal Day,17,19,9.1,7589.12,0
2023-02-16,Amazon,Books,False,Normal Day,11,12,7.0,4489.77,0
2023-02-16,Amazon,Sports & Fitness,False,Normal Day,23,23,8.7,23891.62,0
2023-02-16,Flipkart,Electronics,False,Normal Day,59,70,8.0,219887.62,2
2023-02-16,Flipkart,Mobiles,False,Normal Day,71,81,9.7,1090767.0,2
2023-02-16,Flipkart,Fashion,False,Normal Day,39,49,13.9,39861.94,0
2023-02-16,Flipkart,Home & Kitchen,False,Normal Day,35,56,10.5,71351.56,0
2023-02-16,Flipkart,Beauty & Personal Care,False,Normal Day,24,24,8.3,13728.91,0
2023-02-16,Flipkart,Grocery,False,Normal Day,18,22,6.2,8979.09,0
2023-02-16,Flipkart,Books,False,Normal Day,8,9,7.8,3509.36,0
2023-02-16,Flipkart,Sports & Fitness,False,Normal Day,17,20,7.6,20952.02,0
2023-02-17,Amazon,Electronics,False,Normal Day,64,76,13.5,211141.54,1
2023-02-17,Amazon,Mobiles,False,Normal Day,85,99,13.3,1236612.43,4
2023-02-17,Amazon,Fashion,False,Normal Day,53,60,11.2,51928.48,3
2023-02-17,Amazon,Home & Kitchen,False,Normal Day,43,45,7.6,61259.76,2
2023-02-17,Amazon,Beauty & Personal Care,False,Normal Day,14,17,5.1,11190.31,0
2023-02-17,Amazon,Grocery,False,Normal Day,18,21,14.9,7542.99,0
2023-02-17,Amazon,Books,False,Normal Day,10,14,5.6,4988.97,0
2023-02-17,Amazon,Sports & Fitness,False,Normal Day,23,25,5.5,26759.39,0
2023-02-17,Flipkart,Electronics,False,Normal Day,61,61,5.1,184023.57,1
2023-02-17,Flipkart,Mobiles,False,Normal Day,66,77,7.9,1006922.43,2
2023-02-17,Flipkart,Fashion,False,Normal Day,50,53,12.6,42248.39,2
2023-02-17,Flipkart,Home & Kitchen,False,Normal Day,33,45,8.4,59538.98,0
2023-02-17,Flipkart,Beauty & Personal Care,False,Normal Day,30,30,6.1,17931.27,1
2023-02-17,Flipkart,Grocery,False,Normal Day,14,18,13.2,7040.0,0
2023-02-17,Flipkart,Books,False,Normal Day,12,14,12.8,4960.07,0
2023-02-17,Flipkart,Sports & Fitness,False,Normal Day,25,26,5.6,26926.44,1
2023-02-18,Amazon,Electronics,False,Normal Day,61,73,13.4,213263.58,1
2023-02-18,Amazon,Mobiles,False,Normal Day,73,96,9.6,1347553.68,4
2023-02-18,Amazon,Fashion,False,Normal Day,37,42,9.3,37429.34,1
2023-02-18,Amazon,Home & Kitchen,False,Normal Day,35,35,7.7,46232.33,1
2023-02-18,Amazon,Beauty & Personal Care,False,Normal Day,23,28,5.4,17307.41,1
2023-02-18,Amazon,Grocery,False,Normal Day,18,25,6.5,9862.12,0
2023-02-18,Amazon,Books,False,Normal Day,7,8,6.4,3168.11,0
2023-02-18,Amazon,Sports & Fitness,False,Normal Day,33,33,11.3,30682.21,1
2023-02-18,Flipkart,Electronics,False,Normal Day,55,73,13.0,187183.77,1
2023-02-18,Flipkart,Mobiles,False,Normal Day,65,81,11.2,978601.06,2
2023-02-18,Flipkart,Fashion,False,Normal Day,40,50,6.4,43836.78,2
2023-02-18,Flipkart,Home & Kitchen,False,Normal Day,42,60,14.8,71803.99,1
2023-02-18,Flipkart,Beauty & Personal Care,False,Normal Day,19,22,14.5,12582.4,0
2023-02-18,Flipkart,Grocery,False,Normal Day,21,22,5.6,8736.7,0
2023-02-18,Flipkart,Books,False,Normal Day,9,9,5.1,3315.77,0
2023-02-18,Flipkart,Sports & Fitness,False,Normal Day,29,37,8.3,35288.67,0
2023-02-19,Amazon,Electronics,False,Normal Day,59,69,6.6,218316.73,2
2023-02-19,Amazon,Mobiles,False,Normal Day,84,103,14.2,1172179.35,4
2023-02-19,Amazon,Fashion,False,Normal Day,31,39,6.0,35756.38,0
2023-02-19,Amazon,Home & Kitchen,False,Normal Day,37,41,8.4,55088.69,1
2023-02-19,Amazon,Beauty & Personal Care,False,Normal Day,18,22,12.0,12106.91,0
2023-02-19,Amazon,Grocery,False,Normal Day,18,19,8.7,7713.18,0
2023-02-19,Amazon,Books,False,Normal Day,13,14,12.3,5259.46,0
2023-02-19,Amazon,Sports & Fitness,False,Normal Day,27,34,6.9,34661.17,0
2023-02-19,Flipkart,Electronics,False,Normal Day,48,59,14.9,162490.88,1
2023-02-19,Flipkart,Mobiles,False,Normal Day,63,73,5.3,988367.13,3
2023-02-19,Flipkart,Fashion,False,Normal Day,44,55,6.6,50083.03,1
2023-02-19,Flipkart,Home & Kitchen,False,Normal Day,32,37,10.7,46914.89,0
2023-02-19,Flipkart,Beauty & Personal Care,False,Normal Day,26,26,9.3,14948.54,1
2023-02-19,Flipkart,Grocery,False,Normal Day,12,17,9.2,6644.96,0
2023-02-19,Flipkart,Books,False,Normal Day,8,10,12.9,3496.33,0
2023-02-19,Flipkart,Sports & Fitness,False,Normal Day,25,26,13.3,24866.81,0
2023-02-20,Amazon,Electronics,False,Normal Day,70,72,6.1,227697.92,3
2023-02-20,Amazon,Mobiles,False,Normal Day,62,66,5.7,882130.9,1
2023-02-20,Amazon,Fashion,False,Normal Day,39,39,5.3,34800.34,1
2023-02-20,Amazon,Home & Kitchen,False,Normal Day,39,45,12.7,55794.72,0
2023-02-20,Amazon,Beauty & Personal Care,False,Normal Day,17,19,14.7,9982.42,0
2023-02-20,Amazon,Grocery,False,Normal Day,12,12,13.0,4523.6,0
2023-02-20,Amazon,Books,False,Normal Day,12,12,6.6,4155.83,0
2023-02-20,Amazon,Sports & Fitness,False,Normal Day,25,32,6.6,32321.99,0
2023-02-20,Flipkart,Electronics,False,Normal Day,51,63,12.1,182400.21,1
2023-02-20,Flipkart,Mobiles,False,Normal Day,75,75,11.0,959035.5,3
2023-02-20,Flipkart,Fashion,False,Normal Day,33,33,14.6,26807.83,1
2023-02-20,Flipkart,Home & Kitchen,False,Normal Day,31,31,6.5,41804.05,1
2023-02-20,Flipkart,Beauty & Personal Care,False,Normal Day,20,20,11.4,11816.19,0
2023-02-20,Flipkart,Grocery,False,Normal Day,18,21,7.7,7981.07,0
2023-02-20,Flipkart,Books,False,Normal Day,10,11,14.7,3941.69,0
2023-02-20,Flipkart,Sports & Fitness,False,Normal Day,28,38,9.6,37415.61,1
2023-02-21,Amazon,Electronics,False,Normal Day,47,60,7.8,177983.05,1
2023-02-21,Amazon,Mobiles,False,Normal Day,67,75,6.3,1080709.39,3
2023-02-21,Amazon,Fashion,False,Normal Day,37,42,6.6,38867.89,1
2023-02-21,Amazon,Home & Kitchen,False,Normal Day,32,35,7.1,46516.29,1
2023-02-21,Amazon,Beauty & Personal Care,False,Normal Day,23,26,9.5,15042.18,1
2023-02-21,Amazon,Grocery,False,Normal Day,13,15,12.8,5403.11,0
2023-02-21,Amazon,Books,False,Normal Day,10,10,9.1,3492.46,0
2023-02-21,Amazon,Sports & Fitness,False,Normal Day,29,37,8.1,39858.36,1
2023-02-21,Flipkart,Electronics,False,Normal Day,67,67,7.3,200524.13,2
2023-02-21,Flipkart,Mobiles,False,Normal Day,64,74,7.8,1041172.23,2
2023-02-21,Flipkart,Fashion,False,Normal Day,31,33,10.1,29050.04,1
2023-02-21,Flipkart,Home & Kitchen,False,Normal Day,26,26,13.6,33446.72,0
2023-02-21,Flipkart,Beauty & Personal Care,False,Normal Day,17,24,12.9,13834.6,0
2023-02-21,Flipkart,Grocery,False,Normal Day,14,15,12.3,5495.81,0
2023-02-21,Flipkart,Books,False,Normal Day,7,7,9.4,2280.5,0
2023-02-21,Flipkart,Sports & Fitness,False,Normal Day,21,21,13.8,20235.25,1
2023-02-22,Amazon,Electronics,False,Normal Day,51,63,12.9,175970.36,2
2023-02-22,Amazon,Mobiles,False,Normal Day,67,75,11.5,1009262.72,3
2023-02-22,Amazon,Fashion,False,Normal Day,25,27,8.4,25506.37,1
2023-02-22,Amazon,Home & Kitchen,False,Normal Day,34,49,9.5,64435.16,1
2023-02-22,Amazon,Beauty & Personal Care,False,Normal Day,21,26,13.5,14475.16,1
2023-02-22,Amazon,Grocery,False,Normal Day,20,24,13.4,8683.45,0
2023-02-22,Amazon,Books,False,Normal Day,8,8,10.8,2715.08,0
2023-02-22,Amazon,Sports & Fitness,False,Normal Day,25,35,11.1,33903.33,1
2023-02-22,Flipkart,Electronics,False,Normal Day,50,56,6.8,178998.89,1
2023-02-22,Flipkart,Mobiles,False,Normal Day,81,104,7.5,1468627.77,4
2023-02-22,Flipkart,Fashion,False,Normal Day,37,51,8.9,43926.05,1
2023-02-22,Flipkart,Home & Kitchen,False,Normal Day,37,45,13.7,57880.29,0
2023-02-22,Flipkart,Beauty & Personal Care,False,Normal Day,20,22,6.1,14702.88,0
2023-02-22,Flipkart,Grocery,False,Normal Day,13,14,13.1,5496.09,0
2023-02-22,Flipkart,Books,False,Normal Day,15,19,10.8,6839.13,0
2023-02-22,Flipkart,Sports & Fitness,False,Normal Day,31,47,12.9,45898.34,1
2023-02-23,Amazon,Electronics,False,Normal Day,57,58,13.2,152962.94,2
2023-02-23,Amazon,Mobiles,False,Normal Day,36,39,14.2,482533.62,2
2023-02-23,Amazon,Fashion,False,Normal Day,40,41,8.8,35041.92,2
2023-02-23,Amazon,Home & Kitchen,False,Normal Day,28,32,6.4,39504.53,1
2023-02-23,Amazon,Beauty & Personal Care,False,Normal Day,21,26,13.4,16184.29,0
2023-02-23,Amazon,Grocery,False,Normal Day,18,18,9.4,7296.51,0
2023-02-23,Amazon,Books,False,Normal Day,15,15,13.2,4858.66,0
2023-02-23,Amazon,Sports & Fitness,False,Normal Day,24,28,9.5,28739.06,1
2023-02-23,Flipkart,Electronics,False,Normal Day,56,61,6.2,183913.78,1
2023-02-23,Flipkart,Mobiles,False,Normal Day,76,76,6.7,1018700.51,1
2023-02-23,Flipkart,Fashion,False,Normal Day,47,65,11.3,55520.26,2
2023-02-23,Flipkart,Home & Kitchen,False,Normal Day,31,32,8.9,41394.1,0
2023-02-23,Flipkart,Beauty & Personal Care,False,Normal Day,20,20,7.8,11989.65,1
2023-02-23,Flipkart,Grocery,False,Normal Day,17,18,11.0,6635.37,0
2023-02-23,Flipkart,Books,False,Normal Day,6,6,10.3,2086.32,0
2023-02-23,Flipkart,Sports & Fitness,False,Normal Day,23,27,13.0,26611.71,0
2023-02-24,Amazon,Electronics,False,Normal Day,62,69,11.8,196121.13,3
2023-02-24,Amazon,Mobiles,False,Normal Day,84,105,8.5,1411579.96,4
2023-02-24,Amazon,Fashion,False,Normal Day,34,34,10.5,26746.58,1
2023-02-24,Amazon,Home & Kitchen,False,Normal Day,35,46,11.6,56962.26,1
2023-02-24,Amazon,Beauty & Personal Care,False,Normal Day,25,26,8.3,15743.23,1
2023-02-24,Amazon,Grocery,False,Normal Day,19,20,10.6,7904.4,0
2023-02-24,Amazon,Books,False,Normal Day,10,11,10.0,3887.56,0
2023-02-24,Amazon,Sports & Fitness,False,Normal Day,26,28,5.3,30715.43,0
2023-02-24,Flipkart,Electronics,False,Normal Day,65,73,9.9,195417.69,3
2023-02-24,Flipkart,Mobiles,False,Normal Day,54,60,11.4,758896.76,2
2023-02-24,Flipkart,Fashion,False,Normal Day,35,38,11.0,32128.26,0
2023-02-24,Flipkart,Home & Kitchen,False,Normal Day,44,56,6.4,69604.73,1
2023-02-24,Flipkart,Beauty & Personal Care,False,Normal Day,17,21,14.1,11373.1,0
2023-02-24,Flipkart,Grocery,False,Normal Day,13,13,11.5,5130.64,0
2023-02-24,Flipkart,Books,False,Normal Day,6,7,5.6,2503.1,0
2023-02-24,Flipkart,Sports & Fitness,False,Normal Day,30,34,7.6,32839.38,1
2023-02-25,Amazon,Electronics,False,Normal Day,55,72,6.5,201489.84,1
2023-02-25,Amazon,Mobiles,False,Normal Day,112,112,10.3,1442727.07,4
2023-02-25,Amazon,Fashion,False,Normal Day,51,51,14.9,40001.74,2
2023-02-25,Amazon,Home & Kitchen,False,Normal Day,38,45,13.9,55835.71,1
2023-02-25,Amazon,Beauty & Personal Care,False,Normal Day,29,29,9.2,17557.15,0
2023-02-25,Amazon,Grocery,False,Normal Day,23,31,14.7,11973.65,0
2023-02-25,Amazon,Books,False,Normal Day,13,18,14.1,5959.56,0
2023-02-25,Amazon,Sports & Fitness,False,Normal Day,31,34,11.0,33742.55,1
2023-02-25,Flipkart,Electronics,False,Normal Day,60,65,12.2,193183.19,2
2023-02-25,Flipkart,Mobiles,False,Normal Day,71,77,6.8,1073318.37,1
2023-02-25,Flipkart,Fashion,False,Normal Day,39,47,11.0,39416.26,1
2023-02-25,Flipkart,Home & Kitchen,False,Normal Day,59,73,5.3,99653.73,3
2023-02-25,Flipkart,Beauty & Personal Care,False,Normal Day,23,23,8.2,13749.38,0
2023-02-25,Flipkart,Grocery,False,Normal Day,8,9,7.6,3446.34,0
2023-02-25,Flipkart,Books,False,Normal Day,18,18,13.6,5556.37,1
2023-02-25,Flipkart,Sports & Fitness,False,Normal Day,22,26,9.5,25581.49,0
2023-02-26,Amazon,Electronics,False,Normal Day,63,63,5.3,189262.92,3
2023-02-26,Amazon,Mobiles,False,Normal Day,86,98,10.2,1357251.09,3
2023-02-26,Amazon,Fashion,False,Normal Day,34,34,6.7,30138.67,1
2023-02-26,Amazon,Home & Kitchen,False,Normal Day,49,49,7.0,64097.05,2
2023-02-26,Amazon,Beauty & Personal Care,False,Normal Day,21,26,7.9,15309.39,0
2023-02-26,Amazon,Grocery,False,Normal Day,10,12,13.6,4575.82,0
2023-02-26,Amazon,Books,False,Normal Day,5,5,13.1,1749.02,0
2023-02-26,Amazon,Sports & Fitness,False,Normal Day,31,31,8.0,31004.37,1
2023-02-26,Flipkart,Electronics,False,Normal Day,60,69,7.1,206821.02,2
2023-02-26,Flipkart,Mobiles,False,Normal Day,71,72,9.8,904093.96,3
2023-02-26,Flipkart,Fashion,False,Normal Day,35,39,8.4,32671.35,1
2023-02-26,Flipkart,Home & Kitchen,False,Normal Day,39,46,7.7,58151.87,1
2023-02-26,Flipkart,Beauty & Personal Care,False,Normal Day,27,30,10.3,17356.44,0
2023-02-26,Flipkart,Grocery,False,Normal Day,11,14,9.0,5614.68,0
2023-02-26,Flipkart,Books,False,Normal Day,12,13,8.0,4792.44,0
2023-02-26,Flipkart,Sports & Fitness,False,Normal Day,22,30,6.4,29662.02,0
2023-02-27,Amazon,Electronics,False,Normal Day,63,95,5.9,275569.49,2
2023-02-27,Amazon,Mobiles,False,Normal Day,73,73,10.6,987467.51,3
2023-02-27,Amazon,Fashion,False,Normal Day,54,54,6.7,46130.68,2
2023-02-27,Amazon,Home & Kitchen,False,Normal Day,38,45,12.2,55200.24,0
2023-02-27,Amazon,Beauty & Personal Care,False,Normal Day,21,24,11.5,13591.45,0
2023-02-27,Amazon,Grocery,False,Normal Day,18,22,7.6,8574.85,0
2023-02-27,Amazon,Books,False,Normal Day,8,9,13.0,3005.85,0
2023-02-27,Amazon,Sports & Fitness,False,Normal Day,29,39,8.4,40174.34,1
2023-02-27,Flipkart,Electronics,False,Normal Day,57,66,6.7,207594.27,2
2023-02-27,Flipkart,Mobiles,False,Normal Day,64,64,5.7,904100.31,1
2023-02-27,Flipkart,Fashion,False,Normal Day,36,44,10.2,38095.45,0
2023-02-27,Flipkart,Home & Kitchen,False,Normal Day,30,43,14.9,52453.68,0
2023-02-27,Flipkart,Beauty & Personal Care,False,Normal Day,17,22,8.6,13226.16,0
2023-02-27,Flipkart,Grocery,False,Normal Day,13,13,13.2,4872.31,0
2023-02-27,Flipkart,Books,False,Normal Day,14,18,10.3,6339.24,0
2023-02-27,Flipkart,Sports & Fitness,False,Normal Day,13,16,14.1,16635.41,0
2023-02-28,Amazon,Electronics,False,Normal Day,62,79,10.6,221894.21,2
2023-02-28,Amazon,Mobiles,False,Normal Day,54,72,14.2,906582.94,2
2023-02-28,Amazon,Fashion,False,Normal Day,35,43,11.1,35054.51,0
2023-02-28,Amazon,Home & Kitchen,False,Normal Day,41,53,6.2,67879.05,1
2023-02-28,Amazon,Beauty & Personal Care,False,Normal Day,26,28,11.5,15835.98,0
2023-02-28,Amazon,Grocery,False,Normal Day,17,20,11.6,7734.58,0
2023-02-28,Amazon,Books,False,Normal Day,7,11,8.1,3951.14,0
2023-02-28,Amazon,Sports & Fitness,False,Normal Day,16,17,5.4,17940.42,0
2023-02-28,Flipkart,Electronics,False,Normal Day,54,76,7.1,228877.41,2
2023-02-28,Flipkart,Mobiles,False,Normal Day,79,93,9.9,1218089.19,3
2023-02-28,Flipkart,Fashion,False,Normal Day,47,47,8.1,41220.82,1
2023-02-28,Flipkart,Home & Kitchen,False,Normal Day,25,33,6.6,46457.89,0
2023-02-28,Flipkart,Beauty & Personal Care,False,Normal Day,23,24,7.8,15097.22,1
2023-02-28,Flipkart,Grocery,False,Normal Day,19,20,5.9,7772.16,1
2023-02-28,Flipkart,Books,False,Normal Day,9,9,8.6,3357.64,0
2023-02-28,Flipkart,Sports & Fitness,False,Normal Day,31,31,6.3,31668.97,0
2023-03-01,Amazon,Electronics,False,Normal Day,46,52,13.6,143098.51,1
2023-03-01,Amazon,Mobiles,False,Normal Day,64,74,10.2,950133.94,3
2023-03-01,Amazon,Fashion,False,Normal Day,41,41,12.6,35107.39,1
2023-03-01,Amazon,Home & Kitchen,False,Normal Day,41,45,13.8,57785.17,0
2023-03-01,Amazon,Beauty & Personal Care,False,Normal Day,15,15,12.5,8651.92,0
2023-03-01,Amazon,Grocery,False,Normal Day,23,26,11.5,9422.82,0
2023-03-01,Amazon,Books,False,Normal Day,8,9,11.5,3286.95,0
2023-03-01,Amazon,Sports & Fitness,False,Normal Day,22,22,14.6,20962.4,1
2023-03-01,Flipkart,Electronics,False,Normal Day,73,79,10.7,219413.43,4
2023-03-01,Flipkart,Mobiles,False,Normal Day,58,61,12.8,812429.79,3
2023-03-01,Flipkart,Fashion,False,Normal Day,44,52,10.2,43532.64,1
2023-03-01,Flipkart,Home & Kitchen,False,Normal Day,32,33,10.5,42717.2,1
2023-03-01,Flipkart,Beauty & Personal Care,False,Normal Day,24,25,10.0,15204.69,0
2023-03-01,Flipkart,Grocery,False,Normal Day,8,8,10.3,2781.67,0
2023-03-01,Flipkart,Books,False,Normal Day,12,12,10.5,4027.92,0
2023-03-01,Flipkart,Sports & Fitness,False,Normal Day,29,39,8.6,39176.66,0
2023-03-02,Amazon,Electronics,False,Normal Day,41,45,7.3,139002.64,1
2023-03-02,Amazon,Mobiles,False,Normal Day,58,72,8.9,967483.63,3
2023-03-02,Amazon,Fashion,False,Normal Day,43,50,7.7,42832.05,1
2023-03-02,Amazon,Home & Kitchen,False,Normal Day,28,37,10.3,46291.48,0
2023-03-02,Amazon,Beauty & Personal Care,False,Normal Day,23,28,7.2,17719.69,0
2023-03-02,Amazon,Grocery,False,Normal Day,18,20,6.2,7563.45,0
2023-03-02,Amazon,Books,False,Normal Day,7,7,14.8,2345.0,0
2023-03-02,Amazon,Sports & Fitness,False,Normal Day,14,16,10.5,16231.72,0
2023-03-02,Flipkart,Electronics,False,Normal Day,44,46,14.1,121289.95,1
2023-03-02,Flipkart,Mobiles,False,Normal Day,62,62,9.0,840348.04,3
2023-03-02,Flipkart,Fashion,False,Normal Day,37,41,14.9,33964.23,1
2023-03-02,Flipkart,Home & Kitchen,False,Normal Day,38,42,11.7,52335.77,1
2023-03-02,Flipkart,Beauty & Personal Care,False,Normal Day,21,21,13.4,11467.11,0
2023-03-02,Flipkart,Grocery,False,Normal Day,13,15,14.5,5664.63,0
2023-03-02,Flipkart,Books,False,Normal Day,11,11,5.0,3691.62,0
2023-03-02,Flipkart,Sports & Fitness,False,Normal Day,16,19,11.9,18609.31,0
2023-03-03,Amazon,Electronics,False,Normal Day,67,73,7.2,219701.53,1
2023-03-03,Amazon,Mobiles,False,Normal Day,74,78,6.4,1039577.52,4
2023-03-03,Amazon,Fashion,False,Normal Day,52,67,9.5,56856.06,2
2023-03-03,Amazon,Home & Kitchen,False,Normal Day,44,49,9.7,62205.38,2
2023-03-03,Amazon,Beauty & Personal Care,False,Normal Day,22,23,13.5,13358.59,0
2023-03-03,Amazon,Grocery,False,Normal Day,14,16,5.3,6474.27,0
2023-03-03,Amazon,Books,False,Normal Day,8,9,9.3,3334.17,0
2023-03-03,Amazon,Sports & Fitness,False,Normal Day,17,23,12.8,22045.13,0
2023-03-03,Flipkart,Electronics,False,Normal Day,59,59,12.7,161609.02,3
2023-03-03,Flipkart,Mobiles,False,Normal Day,66,73,8.9,938484.24,2
2023-03-03,Flipkart,Fashion,False,Normal Day,38,45,8.3,41423.02,1
2023-03-03,Flipkart,Home & Kitchen,False,Normal Day,35,43,9.4,55736.13,1
2023-03-03,Flipkart,Beauty & Personal Care,False,Normal Day,25,30,10.4,17852.26,1
2023-03-03,Flipkart,Grocery,False,Normal Day,17,20,14.1,7851.44,0
2023-03-03,Flipkart,Books,False,Normal Day,8,10,11.3,3640.29,0
2023-03-03,Flipkart,Sports & Fitness,False,Normal Day,28,30,5.9,32380.33,1
2023-03-04,Amazon,Electronics,True,Holi Sale,91,129,19.0,345775.82,4
2023-03-04,Amazon,Mobiles,True,Holi Sale,124,190,34.3,1796118.81,8
2023-03-04,Amazon,Fashion,True,Holi Sale,68,93,18.5,73976.04,5
2023-03-04,Amazon,Home & Kitchen,True,Holi Sale,95,125,20.4,144790.27,5
2023-03-04,Amazon,Beauty & Personal Care,True,Holi Sale,33,49,30.6,23431.35,1
2023-03-04,Amazon,Grocery,True,Holi Sale,30,34,20.0,11666.32,2
2023-03-04,Amazon,Books,True,Holi Sale,22,36,21.4,10962.14,1
2023-03-04,Amazon,Sports & Fitness,True,Holi Sale,36,45,18.7,39445.44,1
2023-03-04,Flipkart,Electronics,True,Holi Sale,134,134,20.2,322783.98,7
2023-03-04,Flipkart,Mobiles,True,Holi Sale,127,169,27.0,1738987.94,8
2023-03-04,Flipkart,Fashion,True,Holi Sale,70,92,25.9,63248.5,4
2023-03-04,Flipkart,Home & Kitchen,True,Holi Sale,74,117,19.8,132454.36,5
2023-03-04,Flipkart,Beauty & Personal Care,True,Holi Sale,31,42,29.9,18589.71,1
2023-03-04,Flipkart,Grocery,True,Holi Sale,31,34,15.9,12228.44,2
2023-03-04,Flipkart,Books,True,Holi Sale,19,27,34.4,6644.4,0
2023-03-04,Flipkart,Sports & Fitness,True,Holi Sale,44,69,22.2,58299.27,3
2023-03-05,Amazon,Electronics,True,Holi Sale,124,175,17.1,461015.68,9
2023-03-05,Amazon,Mobiles,True,Holi Sale,156,202,27.5,2218538.34,13
2023-03-05,Amazon,Fashion,True,Holi Sale,68,81,25.2,55756.13,3
2023-03-05,Amazon,Home & Kitchen,True,Holi Sale,83,134,34.6,122554.06,7
2023-03-05,Amazon,Beauty & Personal Care,True,Holi Sale,40,65,31.3,28209.76,1
2023-03-05,Amazon,Grocery,True,Holi Sale,32,47,28.9,13945.77,1
2023-03-05,Amazon,Books,True,Holi Sale,24,28,19.3,9036.58,1
2023-03-05,Amazon,Sports & Fitness,True,Holi Sale,40,55,25.3,43164.34,3
2023-03-05,Flipkart,Electronics,True,Holi Sale,104,147,28.1,320022.58,4
2023-03-05,Flipkart,Mobiles,True,Holi Sale,132,156,20.1,1839104.65,6
2023-03-05,Flipkart,Fashion,True,Holi Sale,81,112,18.2,90008.84,6
2023-03-05,Flipkart,Home & Kitchen,True,Holi Sale,77,105,15.3,123947.0,6
2023-03-05,Flipkart,Beauty & Personal Care,True,Holi Sale,64,85,23.0,42220.6,5
2023-03-05,Flipkart,Grocery,True,Holi Sale,41,51,32.1,15060.02,1
2023-03-05,Flipkart,Books,True,Holi Sale,10,11,17.7,3583.73,0
2023-03-05,Flipkart,Sports & Fitness,True,Holi Sale,49,61,15.5,58183.42,3
2023-03-06,Amazon,Electronics,True,Holi Sale,120,176,34.3,359249.73,6
2023-03-06,Amazon,Mobiles,True,Holi Sale,109,152,29.2,1515395.13,5
2023-03-06,Amazon,Fashion,True,Holi Sale,82,118,19.9,95727.21,6
2023-03-06,Amazon,Home & Kitchen,True,Holi Sale,69,94,22.3,103378.51,2
2023-03-06,Amazon,Beauty & Personal Care,True,Holi Sale,25,37,16.7,20729.77,1
2023-03-06,Amazon,Grocery,True,Holi Sale,20,22,19.2,8274.64,1
2023-03-06,Amazon,Books,True,Holi Sale,15,18,33.2,4848.15,1
2023-03-06,Amazon,Sports & Fitness,True,Holi Sale,32,41,32.6,30247.19,2
2023-03-06,Flipkart,Electronics,True,Holi Sale,119,166,17.5,431810.23,10
2023-03-06,Flipkart,Mobiles,True,Holi Sale,113,172,24.0,1869781.09,4
2023-03-06,Flipkart,Fashion,True,Holi Sale,70,97,16.5,79116.42,5
2023-03-06,Flipkart,Home & Kitchen,True,Holi Sale,48,72,17.0,81345.03,2
2023-03-06,Flipkart,Beauty & Personal Care,True,Holi Sale,34,50,24.0,25503.74,1
2023-03-06,Flipkart,Grocery,True,Holi Sale,26,29,15.5,10522.95,1
2023-03-06,Flipkart,Books,True,Holi Sale,15,20,33.9,5619.2,1
2023-03-06,Flipkart,Sports & Fitness,True,Holi Sale,33,42,29.5,32842.83,2
2023-03-07,Amazon,Electronics,True,Holi Sale,143,223,23.4,536157.27,8
2023-03-07,Amazon,Mobiles,True,Holi Sale,126,186,31.5,1846742.42,8
2023-03-07,Amazon,Fashion,True,Holi Sale,75,100,20.7,75737.81,4
2023-03-07,Amazon,Home & Kitchen,True,Holi Sale,50,57,19.1,64326.62,3
2023-03-07,Amazon,Beauty & Personal Care,True,Holi Sale,40,68,27.5,30712.41,2
2023-03-07,Amazon,Grocery,True,Holi Sale,28,45,26.1,13899.59,1
2023-03-07,Amazon,Books,True,Holi Sale,15,22,34.3,5568.56,1
2023-03-07,Amazon,Sports & Fitness,True,Holi Sale,44,62,26.4,51173.86,2
2023-03-07,Flipkart,Electronics,True,Holi Sale,99,178,23.0,430350.29,7
2023-03-07,Flipkart,Mobiles,True,Holi Sale,115,165,17.3,2007837.88,7
2023-03-07,Flipkart,Fashion,True,Holi Sale,75,106,15.4,80477.47,5
2023-03-07,Flipkart,Home & Kitchen,True,Holi Sale,55,66,21.7,73640.58,3
2023-03-07,Flipkart,Beauty & Personal Care,True,Holi Sale,45,73,19.7,37259.6,3
2023-03-07,Flipkart,Grocery,True,Holi Sale,33,50,30.7,15190.29,1
2023-03-07,Flipkart,Books,True,Holi Sale,21,32,34.0,8090.1,1
2023-03-07,Flipkart,Sports & Fitness,True,Holi Sale,42,59,17.2,53510.23,3
2023-03-08,Amazon,Electronics,True,Holi Sale,93,133,18.1,358359.07,3
2023-03-08,Amazon,Mobiles,True,Holi Sale,100,160,31.7,1664923.29,7
2023-03-08,Amazon,Fashion,True,Holi Sale,56,81,31.6,52293.22,4
2023-03-08,Amazon,Home & Kitchen,True,Holi Sale,55,78,22.0,82316.53,4
2023-03-08,Amazon,Beauty & Personal Care,True,Holi Sale,29,37,23.4,20000.44,1
2023-03-08,Amazon,Grocery,True,Holi Sale,31,46,25.1,15006.85,1
2023-03-08,Amazon,Books,True,Holi Sale,16,24,29.9,6543.67,0
2023-03-08,Amazon,Sports & Fitness,True,Holi Sale,33,55,20.6,48042.48,2
2023-03-08,Flipkart,Electronics,True,Holi Sale,89,134,30.0,284657.71,6
2023-03-08,Flipkart,Mobiles,True,Holi Sale,78,103,21.2,1211486.23,6
2023-03-08,Flipkart,Fashion,True,Holi Sale,53,69,15.7,57561.73,4
2023-03-08,Flipkart,Home & Kitchen,True,Holi Sale,61,79,26.4,83659.59,3
2023-03-08,Flipkart,Beauty & Personal Care,True,Holi Sale,26,32,19.3,17286.41,1
2023-03-08,Flipkart,Grocery,True,Holi Sale,31,47,26.3,15050.74,2
2023-03-08,Flipkart,Books,True,Holi Sale,20,29,15.5,9551.12,1
2023-03-08,Flipkart,Sports & Fitness,True,Holi Sale,31,35,30.9,26662.2,2
2023-03-09,Amazon,Electronics,True,Holi Sale,105,163,26.1,413336.12,8
2023-03-09,Amazon,Mobiles,True,Holi Sale,88,118,26.0,1248600.81,6
2023-03-09,Amazon,Fashion,True,Holi Sale,76,127,23.2,92379.62,5
2023-03-09,Amazon,Home & Kitchen,True,Holi Sale,44,73,22.7,76319.84,2
2023-03-09,Amazon,Beauty & Personal Care,True,Holi Sale,43,56,24.0,28446.94,2
2023-03-09,Amazon,Grocery,True,Holi Sale,28,41,18.4,13429.54,2
2023-03-09,Amazon,Books,True,Holi Sale,16,25,32.6,6337.67,1
2023-03-09,Amazon,Sports & Fitness,True,Holi Sale,36,44,31.6,33885.49,2
2023-03-09,Flipkart,Electronics,True,Holi Sale,102,169,28.1,380395.39,6
2023-03-09,Flipkart,Mobiles,True,Holi Sale,115,165,15.5,2019077.45,8
2023-03-09,Flipkart,Fashion,True,Holi Sale,63,90,33.8,57388.75,3
2023-03-09,Flipkart,Home & Kitchen,True,Holi Sale,50,71,15.4,83811.53,2
2023-03-09,Flipkart,Beauty & Personal Care,True,Holi Sale,44,60,18.1,31575.71,1
2023-03-09,Flipkart,Grocery,True,Holi Sale,38,54,26.0,16496.27,2
2023-03-09,Flipkart,Books,True,Holi Sale,17,24,22.8,7184.03,0
2023-03-09,Flipkart,Sports & Fitness,True,Holi Sale,41,74,15.5,70036.9,3
2023-03-10,Amazon,Electronics,True,Holi Sale,106,154,15.4,428294.35,7
2023-03-10,Amazon,Mobiles,True,Holi Sale,94,122,29.2,1286005.06,5
2023-03-10,Amazon,Fashion,True,Holi Sale,67,85,18.2,67276.58,2
2023-03-10,Amazon,Home & Kitchen,True,Holi Sale,64,95,27.0,95417.22,4
2023-03-10,Amazon,Beauty & Personal Care,True,Holi Sale,42,58,20.8,29851.13,3
2023-03-10,Amazon,Grocery,True,Holi Sale,27,39,18.3,13830.63,1
2023-03-10,Amazon,Books,True,Holi Sale,17,25,31.4,6452.8,1
2023-03-10,Amazon,Sports & Fitness,True,Holi Sale,46,73,17.2,69913.55,2
2023-03-10,Flipkart,Electronics,True,Holi Sale,114,175,26.0,393347.99,8
2023-03-10,Flipkart,Mobiles,True,Holi Sale,133,202,30.8,2014694.39,10
2023-03-10,Flipkart,Fashion,True,Holi Sale,71,121,19.9,97543.88,4
2023-03-10,Flipkart,Home & Kitchen,True,Holi Sale,64,89,28.9,89718.33,5
2023-03-10,Flipkart,Beauty & Personal Care,True,Holi Sale,33,46,25.5,22359.38,2
2023-03-10,Flipkart,Grocery,True,Holi Sale,26,43,25.7,13713.39,1
2023-03-10,Flipkart,Books,True,Holi Sale,17,24,27.7,6729.96,1
2023-03-10,Flipkart,Sports & Fitness,True,Holi Sale,31,38,28.2,29815.86,1
2023-03-11,Amazon,Electronics,False,Normal Day,43,46,14.9,129210.9,1
2023-03-11,Amazon,Mobiles,False,Normal Day,62,62,12.3,791089.99,1
2023-03-11,Amazon,Fashion,False,Normal Day,43,53,6.8,46231.09,1
2023-03-11,Amazon,Home & Kitchen,False,Normal Day,45,49,5.5,65692.82,1
2023-03-11,Amazon,Beauty & Personal Care,False,Normal Day,27,38,5.1,23558.25,1
2023-03-11,Amazon,Grocery,False,Normal Day,15,19,5.1,7705.61,0
2023-03-11,Amazon,Books,False,Normal Day,8,10,11.8,3817.14,0
2023-03-11,Amazon,Sports & Fitness,False,Normal Day,21,22,7.1,23780.47,0
2023-03-11,Flipkart,Electronics,False,Normal Day,62,62,14.9,165927.78,2
2023-03-11,Flipkart,Mobiles,False,Normal Day,75,93,13.9,1186915.68,4
2023-03-11,Flipkart,Fashion,False,Normal Day,28,33,12.8,27292.95,1
2023-03-11,Flipkart,Home & Kitchen,False,Normal Day,41,47,13.7,55007.38,2
2023-03-11,Flipkart,Beauty & Personal Care,False,Normal Day,24,25,5.1,15373.49,0
2023-03-11,Flipkart,Grocery,False,Normal Day,15,16,6.1,6502.64,0
2023-03-11,Flipkart,Books,False,Normal Day,14,14,6.3,5202.43,0
2023-03-11,Flipkart,Sports & Fitness,False,Normal Day,16,17,12.2,17021.93,0
2023-03-12,Amazon,Electronics,False,Normal Day,61,61,13.0,160080.55,3
2023-03-12,Amazon,Mobiles,False,Normal Day,73,80,8.6,1114724.04,2
2023-03-12,Amazon,Fashion,False,Normal Day,61,72,10.4,63343.86,2
2023-03-12,Amazon,Home & Kitchen,False,Normal Day,41,49,12.2,62410.92,1
2023-03-12,Amazon,Beauty & Personal Care,False,Normal Day,25,26,12.2,15012.57,1
2023-03-12,Amazon,Grocery,False,Normal Day,13,16,6.7,6520.99,0
2023-03-12,Amazon,Books,False,Normal Day,8,10,9.0,3547.56,0
2023-03-12,Amazon,Sports & Fitness,False,Normal Day,16,18,14.7,17403.08,0
2023-03-12,Flipkart,Electronics,False,Normal Day,57,57,13.7,152698.52,1
2023-03-12,Flipkart,Mobiles,False,Normal Day,53,63,7.3,804937.99,1
2023-03-12,Flipkart,Fashion,False,Normal Day,33,34,10.6,27110.63,1
2023-03-12,Flipkart,Home & Kitchen,False,Normal Day,36,44,7.8,57241.8,1
2023-03-12,Flipkart,Beauty & Personal Care,False,Normal Day,30,42,13.2,23243.24,1
2023-03-12,Flipkart,Grocery,False,Normal Day,13,14,12.9,5124.88,0
2023-03-12,Flipkart,Books,False,Normal Day,13,16,13.8,5563.54,0
2023-03-12,Flipkart,Sports & Fitness,False,Normal Day,37,37,10.6,35778.41,1
2023-03-13,Amazon,Electronics,False,Normal Day,68,71,6.7,220229.83,1
2023-03-13,Amazon,Mobiles,False,Normal Day,70,98,11.0,1307584.54,3
2023-03-13,Amazon,Fashion,False,Normal Day,27,29,6.4,26412.31,0
2023-03-13,Amazon,Home & Kitchen,False,Normal Day,46,53,7.1,67560.69,2
2023-03-13,Amazon,Beauty & Personal Care,False,Normal Day,9,10,5.9,6542.82,0
2023-03-13,Amazon,Grocery,False,Normal Day,21,22,12.7,8507.08,1
2023-03-13,Amazon,Books,False,Normal Day,7,7,12.2,2733.08,0
2023-03-13,Amazon,Sports & Fitness,False,Normal Day,18,20,12.8,20608.01,0
2023-03-13,Flipkart,Electronics,False,Normal Day,46,46,8.0,138878.1,1
2023-03-13,Flipkart,Mobiles,False,Normal Day,72,79,14.5,1016844.97,3
2023-03-13,Flipkart,Fashion,False,Normal Day,26,27,10.0,24404.42,0
2023-03-13,Flipkart,Home & Kitchen,False,Normal Day,32,34,13.7,39496.73,1
2023-03-13,Flipkart,Beauty & Personal Care,False,Normal Day,18,24,9.7,14986.91,0
2023-03-13,Flipkart,Grocery,False,Normal Day,13,16,6.4,6598.59,0
2023-03-13,Flipkart,Books,False,Normal Day,5,5,12.7,1679.71,0
2023-03-13,Flipkart,Sports & Fitness,False,Normal Day,26,26,8.0,26332.34,1
2023-03-14,Amazon,Electronics,False,Normal Day,47,47,11.5,132976.17,1
2023-03-14,Amazon,Mobiles,False,Normal Day,71,82,8.7,1073195.51,2
2023-03-14,Amazon,Fashion,False,Normal Day,36,37,8.9,33694.59,1
2023-03-14,Amazon,Home & Kitchen,False,Normal Day,38,42,10.3,54947.6,2
2023-03-14,Amazon,Beauty & Personal Care,False,Normal Day,20,23,14.8,13085.99,1
2023-03-14,Amazon,Grocery,False,Normal Day,10,13,9.3,5386.98,0
2023-03-14,Amazon,Books,False,Normal Day,5,6,12.1,2292.24,0
2023-03-14,Amazon,Sports & Fitness,False,Normal Day,21,27,13.9,25977.72,1
2023-03-14,Flipkart,Electronics,False,Normal Day,48,68,13.2,188080.94,2
2023-03-14,Flipkart,Mobiles,False,Normal Day,75,84,12.6,1028190.28,1
2023-03-14,Flipkart,Fashion,False,Normal Day,51,51,13.9,42680.73,2
2023-03-14,Flipkart,Home & Kitchen,False,Normal Day,33,33,6.1,43224.46,1
2023-03-14,Flipkart,Beauty & Personal Care,False,Normal Day,10,12,9.1,6934.06,0
2023-03-14,Flipkart,Grocery,False,Normal Day,12,12,7.0,4490.36,0
2023-03-14,Flipkart,Books,False,Normal Day,9,12,8.4,4478.16,0
2023-03-14,Flipkart,Sports & Fitness,False,Normal Day,20,21,10.3,20714.25,0
2023-03-15,Amazon,Electronics,False,Normal Day,50,56,11.0,168973.84,2
2023-03-15,Amazon,Mobiles,False,Normal Day,74,92,9.8,1171075.54,3
2023-03-15,Amazon,Fashion,False,Normal Day,42,61,8.8,51974.31,1
2023-03-15,Amazon,Home & Kitchen,False,Normal Day,26,26,6.6,35034.53,1
2023-03-15,Amazon,Beauty & Personal Care,False,Normal Day,14,17,14.6,9557.68,0
2023-03-15,Amazon,Grocery,False,Normal Day,8,9,9.2,3749.33,0
2023-03-15,Amazon,Books,False,Normal Day,12,15,6.5,5360.68,0
2023-03-15,Amazon,Sports & Fitness,False,Normal Day,16,16,8.7,16723.42,0
2023-03-15,Flipkart,Electronics,False,Normal Day,67,72,6.1,216560.24,2
2023-03-15,Flipkart,Mobiles,False,Normal Day,80,80,9.9,1060976.1,1
2023-03-15,Flipkart,Fashion,False,Normal Day,31,37,11.8,31104.34,1
2023-03-15,Flipkart,Home & Kitchen,False,Normal Day,26,31,12.7,37903.86,0
2023-03-15,Flipkart,Beauty & Personal Care,False,Normal Day,23,24,11.6,13170.38,0
2023-03-15,Flipkart,Grocery,False,Normal Day,14,14,10.7,5738.03,0
2023-03-15,Flipkart,Books,False,Normal Day,10,11,6.3,4007.27,0
2023-03-15,Flipkart,Sports & Fitness,False,Normal Day,23,28,11.9,27522.49,1
2023-03-16,Amazon,Electronics,False,Normal Day,61,73,5.7,219312.06,3
2023-03-16,Amazon,Mobiles,False,Normal Day,77,80,11.8,1041444.02,2
2023-03-16,Amazon,Fashion,False,Normal Day,38,53,9.7,47163.26,2
2023-03-16,Amazon,Home & Kitchen,False,Normal Day,35,35,12.8,44319.26,1
2023-03-16,Amazon,Beauty & Personal Care,False,Normal Day,19,19,14.8,11071.5,1
2023-03-16,Amazon,Grocery,False,Normal Day,16,23,13.5,8295.74,0
2023-03-16,Amazon,Books,False,Normal Day,16,20,11.0,7166.14,0
2023-03-16,Amazon,Sports & Fitness,False,Normal Day,20,21,6.0,22687.78,0
2023-03-16,Flipkart,Electronics,False,Normal Day,46,51,12.0,140466.14,1
2023-03-16,Flipkart,Mobiles,False,Normal Day,98,98,5.9,1312836.24,2
2023-03-16,Flipkart,Fashion,False,Normal Day,29,33,7.3,28806.21,1
2023-03-16,Flipkart,Home & Kitchen,False,Normal Day,32,37,6.0,47526.23,0
2023-03-16,Flipkart,Beauty & Personal Care,False,Normal Day,21,21,10.2,12840.09,0
2023-03-16,Flipkart,Grocery,False,Normal Day,9,10,13.4,3920.57,0
2023-03-16,Flipkart,Books,False,Normal Day,12,13,7.8,4748.09,0
2023-03-16,Flipkart,Sports & Fitness,False,Normal Day,19,22,13.2,21719.78,1
2023-03-17,Amazon,Electronics,False,Normal Day,68,95,15.0,256548.24,1
2023-03-17,Amazon,Mobiles,False,Normal Day,57,64,14.3,774558.28,3
2023-03-17,Amazon,Fashion,False,Normal Day,30,32,11.3,28677.3,0
2023-03-17,Amazon,Home & Kitchen,False,Normal Day,29,29,13.6,34817.45,1
2023-03-17,Amazon,Beauty & Personal Care,False,Normal Day,19,19,12.1,10216.04,0
2023-03-17,Amazon,Grocery,False,Normal Day,13,13,8.6,5316.73,0
2023-03-17,Amazon,Books,False,Normal Day,5,5,11.0,1906.41,0
2023-03-17,Amazon,Sports & Fitness,False,Normal Day,30,40,7.1,39439.35,1
2023-03-17,Flipkart,Electronics,False,Normal Day,47,52,10.2,146458.78,2
2023-03-17,Flipkart,Mobiles,False,Normal Day,51,59,7.8,806542.36,1
2023-03-17,Flipkart,Fashion,False,Normal Day,38,42,13.0,36096.12,0
2023-03-17,Flipkart,Home & Kitchen,False,Normal Day,24,25,14.7,30832.29,0
2023-03-17,Flipkart,Beauty & Personal Care,False,Normal Day,16,16,10.6,9595.98,0
2023-03-17,Flipkart,Grocery,False,Normal Day,8,9,14.8,3368.88,0
2023-03-17,Flipkart,Books,False,Normal Day,14,14,6.6,4779.28,0
2023-03-17,Flipkart,Sports & Fitness,False,Normal Day,20,25,11.3,23909.31,0
2023-03-18,Amazon,Electronics,False,Normal Day,51,61,5.7,178770.7,1
2023-03-18,Amazon,Mobiles,False,Normal Day,98,103,8.1,1376544.56,4
2023-03-18,Amazon,Fashion,False,Normal Day,42,43,10.7,36751.95,2
2023-03-18,Amazon,Home & Kitchen,False,Normal Day,37,46,14.6,54132.86,1
2023-03-18,Amazon,Beauty & Personal Care,False,Normal Day,22,30,5.9,20091.38,0
2023-03-18,Amazon,Grocery,False,Normal Day,18,21,11.7,7636.06,0
2023-03-18,Amazon,Books,False,Normal Day,8,9,6.0,3373.72,0
2023-03-18,Amazon,Sports & Fitness,False,Normal Day,27,27,11.8,26997.19,1
2023-03-18,Flipkart,Electronics,False,Normal Day,63,73,13.1,202926.94,1
2023-03-18,Flipkart,Mobiles,False,Normal Day,69,75,5.5,1020916.09,3
2023-03-18,Flipkart,Fashion,False,Normal Day,44,59,5.6,54481.85,2
2023-03-18,Flipkart,Home & Kitchen,False,Normal Day,40,51,12.7,62971.58,0
2023-03-18,Flipkart,Beauty & Personal Care,False,Normal Day,24,30,9.8,17360.28,1
2023-03-18,Flipkart,Grocery,False,Normal Day,17,17,11.9,6631.1,0
2023-03-18,Flipkart,Books,False,Normal Day,14,14,7.3,4985.25,0
2023-03-18,Flipkart,Sports & Fitness,False,Normal Day,33,33,6.7,34539.99,1
2023-03-19,Amazon,Electronics,False,Normal Day,67,81,8.6,230097.53,3
2023-03-19,Amazon,Mobiles,False,Normal Day,55,69,11.4,881806.68,1
2023-03-19,Amazon,Fashion,False,Normal Day,31,45,6.0,38802.23,1
2023-03-19,Amazon,Home & Kitchen,False,Normal Day,32,34,13.5,40930.71,1
2023-03-19,Amazon,Beauty & Personal Care,False,Normal Day,25,27,5.5,16308.54,0
2023-03-19,Amazon,Grocery,False,Normal Day,14,18,5.8,7172.66,0
2023-03-19,Amazon,Books,False,Normal Day,17,20,14.7,6541.45,0
2023-03-19,Amazon,Sports & Fitness,False,Normal Day,34,42,9.0,41637.62,0
2023-03-19,Flipkart,Electronics,False,Normal Day,71,71,5.1,226977.37,1
2023-03-19,Flipkart,Mobiles,False,Normal Day,73,73,12.4,945880.02,2
2023-03-19,Flipkart,Fashion,False,Normal Day,47,72,7.2,62905.3,2
2023-03-19,Flipkart,Home & Kitchen,False,Normal Day,33,40,12.6,49049.06,1
2023-03-19,Flipkart,Beauty & Personal Care,False,Normal Day,20,20,13.0,11307.08,0
2023-03-19,Flipkart,Grocery,False,Normal Day,17,17,12.3,6462.91,0
2023-03-19,Flipkart,Books,False,Normal Day,14,15,7.5,5600.91,0
2023-03-19,Flipkart,Sports & Fitness,False,Normal Day,17,17,5.2,17477.47,0
2023-03-20,Amazon,Electronics,False,Normal Day,54,65,11.4,184561.86,2
2023-03-20,Amazon,Mobiles,False,Normal Day,73,73,14.6,909693.36,1
2023-03-20,Amazon,Fashion,False,Normal Day,29,40,10.2,34225.82,1
2023-03-20,Amazon,Home & Kitchen,False,Normal Day,40,46,9.5,57172.95,1
2023-03-20,Amazon,Beauty & Personal Care,False,Normal Day,12,12,12.4,7197.36,0
2023-03-20,Amazon,Grocery,False,Normal Day,11,11,11.9,4337.89,0
2023-03-20,Amazon,Books,False,Normal Day,8,10,5.4,3679.55,0
2023-03-20,Amazon,Sports & Fitness,False,Normal Day,19,26,9.0,26764.64,0
2023-03-20,Flipkart,Electronics,False,Normal Day,57,70,11.9,189632.94,2
2023-03-20,Flipkart,Mobiles,False,Normal Day,71,74,5.6,994981.27,1
2023-03-20,Flipkart,Fashion,False,Normal Day,35,37,13.2,30733.59,1
2023-03-20,Flipkart,Home & Kitchen,False,Normal Day,33,41,10.2,53788.81,1
2023-03-20,Flipkart,Beauty & Personal Care,False,Normal Day,29,36,6.7,22727.0,1
2023-03-20,Flipkart,Grocery,False,Normal Day,13,15,11.4,5546.67,0
2023-03-20,Flipkart,Books,False,Normal Day,9,9,7.5,3250.8,0
2023-03-20,Flipkart,Sports & Fitness,False,Normal Day,18,20,11.1,20346.72,0
2023-03-21,Amazon,Electronics,False,Normal Day,40,42,5.0,128096.24,2
2023-03-21,Amazon,Mobiles,False,Normal Day,65,65,8.6,886337.86,1
2023-03-21,Amazon,Fashion,False,Normal Day,39,48,11.5,42122.6,2
2023-03-21,Amazon,Home & Kitchen,False,Normal Day,28,32,14.2,39933.95,0
2023-03-21,Amazon,Beauty & Personal Care,False,Normal Day,20,25,11.6,14521.03,1
2023-03-21,Amazon,Grocery,False,Normal Day,12,16,10.0,6605.47,0
2023-03-21,Amazon,Books,False,Normal Day,9,10,6.1,3631.97,0
2023-03-21,Amazon,Sports & Fitness,False,Normal Day,23,25,9.1,23843.32,0
2023-03-21,Flipkart,Electronics,False,Normal Day,61,73,6.0,218151.39,1
2023-03-21,Flipkart,Mobiles,False,Normal Day,73,90,11.8,1205425.42,4
2023-03-21,Flipkart,Fashion,False,Normal Day,35,38,12.7,31259.62,1
2023-03-21,Flipkart,Home & Kitchen,False,Normal Day,37,37,5.4,50260.92,1
2023-03-21,Flipkart,Beauty & Personal Care,False,Normal Day,26,26,11.8,14665.06,0
2023-03-21,Flipkart,Grocery,False,Normal Day,14,14,9.5,5335.01,0
2023-03-21,Flipkart,Books,False,Normal Day,9,11,6.8,4067.77,0
2023-03-21,Flipkart,Sports & Fitness,False,Normal Day,23,23,6.1,24397.48,0
2023-03-22,Amazon,Electronics,False,Normal Day,50,62,14.9,173515.47,2
2023-03-22,Amazon,Mobiles,False,Normal Day,88,114,8.3,1549396.94,3
2023-03-22,Amazon,Fashion,False,Normal Day,33,33,8.1,28558.81,1
2023-03-22,Amazon,Home & Kitchen,False,Normal Day,29,32,5.4,43604.58,1
2023-03-22,Amazon,Beauty & Personal Care,False,Normal Day,13,14,12.3,8261.72,0
2023-03-22,Amazon,Grocery,False,Normal Day,8,10,12.9,3827.3,0
2023-03-22,Amazon,Books,False,Normal Day,8,9,14.3,3057.68,0
2023-03-22,Amazon,Sports & Fitness,False,Normal Day,23,27,6.1,26950.51,1
2023-03-22,Flipkart,Electronics,False,Normal Day,54,54,10.0,148523.92,2
2023-03-22,Flipkart,Mobiles,False,Normal Day,75,87,13.4,1067889.86,2
2023-03-22,Flipkart,Fashion,False,Normal Day,50,54,5.7,49717.43,1
2023-03-22,Flipkart,Home & Kitchen,False,Normal Day,26,32,10.2,40398.73,1
2023-03-22,Flipkart,Beauty & Personal Care,False,Normal Day,23,30,6.8,19205.86,0
2023-03-22,Flipkart,Grocery,False,Normal Day,14,15,12.0,5768.58,0
2023-03-22,Flipkart,Books,False,Normal Day,6,6,11.3,2216.13,0
2023-03-22,Flipkart,Sports & Fitness,False,Normal Day,18,18,14.7,17087.7,0
2023-03-23,Amazon,Electronics,False,Normal Day,52,52,14.5,134663.15,1
2023-03-23,Amazon,Mobiles,False,Normal Day,55,61,5.1,828958.05,2
2023-03-23,Amazon,Fashion,False,Normal Day,27,31,7.2,26791.66,0
2023-03-23,Amazon,Home & Kitchen,False,Normal Day,23,24,13.8,30993.04,1
2023-03-23,Amazon,Beauty & Personal Care,False,Normal Day,17,17,11.8,10553.64,0
2023-03-23,Amazon,Grocery,False,Normal Day,14,16,10.2,6138.42,0
2023-03-23,Amazon,Books,False,Normal Day,13,18,14.0,5966.91,0
2023-03-23,Amazon,Sports & Fitness,False,Normal Day,28,30,8.2,31725.37,1
2023-03-23,Flipkart,Electronics,False,Normal Day,56,68,14.5,185345.06,3
2023-03-23,Flipkart,Mobiles,False,Normal Day,67,82,13.9,988506.76,3
2023-03-23,Flipkart,Fashion,False,Normal Day,35,38,11.6,30052.81,0
2023-03-23,Flipkart,Home & Kitchen,False,Normal Day,18,18,10.8,23167.89,0
2023-03-23,Flipkart,Beauty & Personal Care,False,Normal Day,16,17,9.7,10412.52,0
2023-03-23,Flipkart,Grocery,False,Normal Day,18,19,11.5,7295.3,0
2023-03-23,Flipkart,Books,False,Normal Day,12,12,7.1,4372.6,0
2023-03-23,Flipkart,Sports & Fitness,False,Normal Day,24,31,11.9,30065.52,1
2023-03-24,Amazon,Electronics,False,Normal Day,66,66,12.1,188067.88,3
2023-03-24,Amazon,Mobiles,False,Normal Day,55,72,10.3,946016.23,1
2023-03-24,Amazon,Fashion,False,Normal Day,33,36,6.8,30931.19,1
2023-03-24,Amazon,Home & Kitchen,False,Normal Day,28,35,8.1,47153.13,0
2023-03-24,Amazon,Beauty & Personal Care,False,Normal Day,30,38,14.8,21475.3,1
2023-03-24,Amazon,Grocery,False,Normal Day,19,25,8.8,9577.37,1
2023-03-24,Amazon,Books,False,Normal Day,11,15,6.3,5609.36,0
2023-03-24,Amazon,Sports & Fitness,False,Normal Day,31,32,9.4,30269.31,0
2023-03-24,Flipkart,Electronics,False,Normal Day,66,76,6.3,235147.2,3
2023-03-24,Flipkart,Mobiles,False,Normal Day,41,42,12.4,544644.51,2
2023-03-24,Flipkart,Fashion,False,Normal Day,41,48,13.7,38263.56,1
2023-03-24,Flipkart,Home & Kitchen,False,Normal Day,28,28,9.9,34135.56,1
2023-03-24,Flipkart,Beauty & Personal Care,False,Normal Day,22,31,14.7,17184.63,0
2023-03-24,Flipkart,Grocery,False,Normal Day,14,14,5.0,5350.01,0
2023-03-24,Flipkart,Books,False,Normal Day,9,11,10.6,4014.74,0
2023-03-24,Flipkart,Sports & Fitness,False,Normal Day,41,41,12.2,39362.62,0
2023-03-25,Amazon,Electronics,False,Normal Day,47,70,10.4,205092.76,2
2023-03-25,Amazon,Mobiles,False,Normal Day,74,79,12.4,1036851.47,2
2023-03-25,Amazon,Fashion,False,Normal Day,48,49,13.2,40293.56,2
2023-03-25,Amazon,Home & Kitchen,False,Normal Day,25,33,9.4,44649.2,0
2023-03-25,Amazon,Beauty & Personal Care,False,Normal Day,16,16,12.3,9244.57,0
2023-03-25,Amazon,Grocery,False,Normal Day,18,19,13.2,6984.44,0
2023-03-25,Amazon,Books,False,Normal Day,11,13,11.8,4801.08,0
2023-03-25,Amazon,Sports & Fitness,False,Normal Day,26,33,9.0,33320.09,1
2023-03-25,Flipkart,Electronics,False,Normal Day,58,62,7.1,180717.17,1
2023-03-25,Flipkart,Mobiles,False,Normal Day,76,76,14.7,970996.43,1
2023-03-25,Flipkart,Fashion,False,Normal Day,33,43,9.2,37174.6,1
2023-03-25,Flipkart,Home & Kitchen,False,Normal Day,38,43,11.1,54191.06,1
2023-03-25,Flipkart,Beauty & Personal Care,False,Normal Day,41,41,8.0,24851.44,1
2023-03-25,Flipkart,Grocery,False,Normal Day,11,12,7.7,5047.52,0
2023-03-25,Flipkart,Books,False,Normal Day,9,9,10.3,3337.83,0
2023-03-25,Flipkart,Sports & Fitness,False,Normal Day,22,22,12.1,21471.73,0
2023-03-26,Amazon,Electronics,False,Normal Day,61,72,7.4,204538.65,3
2023-03-26,Amazon,Mobiles,False,Normal Day,60,70,9.3,907454.09,3
2023-03-26,Amazon,Fashion,False,Normal Day,52,59,7.6,51947.14,1
2023-03-26,Amazon,Home & Kitchen,False,Normal Day,29,30,9.5,39032.34,1
2023-03-26,Amazon,Beauty & Personal Care,False,Normal Day,26,37,11.6,21552.79,0
2023-03-26,Amazon,Grocery,False,Normal Day,16,19,12.6,6829.21,0
2023-03-26,Amazon,Books,False,Normal Day,13,14,6.6,4930.2,0
2023-03-26,Amazon,Sports & Fitness,False,Normal Day,32,32,14.5,29422.04,1
2023-03-26,Flipkart,Electronics,False,Normal Day,60,70,11.5,207188.63,2
2023-03-26,Flipkart,Mobiles,False,Normal Day,76,98,6.6,1370903.83,3
2023-03-26,Flipkart,Fashion,False,Normal Day,43,57,12.7,48678.2,1
2023-03-26,Flipkart,Home & Kitchen,False,Normal Day,36,36,14.2,42662.16,0
2023-03-26,Flipkart,Beauty & Personal Care,False,Normal Day,31,31,5.7,18860.18,1
2023-03-26,Flipkart,Grocery,False,Normal Day,21,26,11.3,9869.61,1
2023-03-26,Flipkart,Books,False,Normal Day,20,22,10.1,7505.91,1
2023-03-26,Flipkart,Sports & Fitness,False,Normal Day,32,33,7.6,33360.47,1
2023-03-27,Amazon,Electronics,False,Normal Day,54,54,11.8,159618.63,1
2023-03-27,Amazon,Mobiles,False,Normal Day,63,63,13.0,750953.18,2
2023-03-27,Amazon,Fashion,False,Normal Day,43,59,12.6,51281.37,1
2023-03-27,Amazon,Home & Kitchen,False,Normal Day,24,33,13.8,40079.64,0
2023-03-27,Amazon,Beauty & Personal Care,False,Normal Day,26,26,9.4,15491.0,1
2023-03-27,Amazon,Grocery,False,Normal Day,9,9,13.6,3738.12,0
2023-03-27,Amazon,Books,False,Normal Day,13,13,13.2,4254.98,0
2023-03-27,Amazon,Sports & Fitness,False,Normal Day,26,27,8.4,28289.15,1
2023-03-27,Flipkart,Electronics,False,Normal Day,60,66,12.0,176407.79,1
2023-03-27,Flipkart,Mobiles,False,Normal Day,74,74,6.8,1030900.28,3
2023-03-27,Flipkart,Fashion,False,Normal Day,35,36,12.5,31463.75,1
2023-03-27,Flipkart,Home & Kitchen,False,Normal Day,34,34,13.3,43403.43,2
2023-03-27,Flipkart,Beauty & Personal Care,False,Normal Day,15,19,6.1,12095.07,0
2023-03-27,Flipkart,Grocery,False,Normal Day,16,20,6.4,7979.59,0
2023-03-27,Flipkart,Books,False,Normal Day,12,14,11.8,5060.65,0
2023-03-27,Flipkart,Sports & Fitness,False,Normal Day,25,29,10.1,29300.58,1
2023-03-28,Amazon,Electronics,False,Normal Day,58,81,6.7,232686.49,2
2023-03-28,Amazon,Mobiles,False,Normal Day,74,86,12.1,1157923.29,2
2023-03-28,Amazon,Fashion,False,Normal Day,41,46,8.8,38485.31,0
2023-03-28,Amazon,Home & Kitchen,False,Normal Day,36,44,10.0,52537.81,0
2023-03-28,Amazon,Beauty & Personal Care,False,Normal Day,16,21,6.8,12808.1,0
2023-03-28,Amazon,Grocery,False,Normal Day,12,13,7.1,5101.28,0
2023-03-28,Amazon,Books,False,Normal Day,7,7,8.4,2445.15,0
2023-03-28,Amazon,Sports & Fitness,False,Normal Day,21,21,7.6,22627.51,0
2023-03-28,Flipkart,Electronics,False,Normal Day,60,60,14.7,162742.45,1
2023-03-28,Flipkart,Mobiles,False,Normal Day,59,70,10.9,922484.32,2
2023-03-28,Flipkart,Fashion,False,Normal Day,32,32,14.4,26181.25,1
2023-03-28,Flipkart,Home & Kitchen,False,Normal Day,28,31,12.4,37940.99,0
2023-03-28,Flipkart,Beauty & Personal Care,False,Normal Day,11,12,9.3,7510.43,0
2023-03-28,Flipkart,Grocery,False,Normal Day,15,18,12.6,6834.72,0
2023-03-28,Flipkart,Books,False,Normal Day,9,9,14.1,2968.4,0
2023-03-28,Flipkart,Sports & Fitness,False,Normal Day,22,26,11.1,24600.79,0
2023-03-29,Amazon,Electronics,False,Normal Day,59,66,9.9,195214.7,1
2023-03-29,Amazon,Mobiles,False,Normal Day,53,53,5.3,742340.56,3
2023-03-29,Amazon,Fashion,False,Normal Day,36,46,7.6,42091.71,1
2023-03-29,Amazon,Home & Kitchen,False,Normal Day,36,43,6.1,59660.95,1
2023-03-29,Amazon,Beauty & Personal Care,False,Normal Day,25,35,5.6,21060.6,1
2023-03-29,Amazon,Grocery,False,Normal Day,14,16,5.2,6951.86,0
2023-03-29,Amazon,Books,False,Normal Day,10,11,5.7,3937.23,0
2023-03-29,Amazon,Sports & Fitness,False,Normal Day,30,35,11.6,34925.16,1
2023-03-29,Flipkart,Electronics,False,Normal Day,65,70,5.0,208760.42,3
2023-03-29,Flipkart,Mobiles,False,Normal Day,69,76,10.6,1016401.46,2
2023-03-29,Flipkart,Fashion,False,Normal Day,43,62,10.1,52607.11,1
2023-03-29,Flipkart,Home & Kitchen,False,Normal Day,35,46,14.4,55102.6,1
2023-03-29,Flipkart,Beauty & Personal Care,False,Normal Day,18,21,14.4,11881.05,1
2023-03-29,Flipkart,Grocery,False,Normal Day,27,35,9.9,13880.08,0
2023-03-29,Flipkart,Books,False,Normal Day,12,14,9.5,5176.17,0
2023-03-29,Flipkart,Sports & Fitness,False,Normal Day,17,17,6.4,16913.96,0
2023-03-30,Amazon,Electronics,False,Normal Day,44,51,12.2,140770.76,2
2023-03-30,Amazon,Mobiles,False,Normal Day,52,64,10.4,850241.16,1
2023-03-30,Amazon,Fashion,False,Normal Day,29,33,11.5,26254.75,1
2023-03-30,Amazon,Home & Kitchen,False,Normal Day,43,49,14.8,57896.34,1
2023-03-30,Amazon,Beauty & Personal Care,False,Normal Day,23,27,14.3,15172.7,0
2023-03-30,Amazon,Grocery,False,Normal Day,15,19,8.8,7449.01,0
2023-03-30,Amazon,Books,False,Normal Day,14,14,6.3,5261.42,0
2023-03-30,Amazon,Sports & Fitness,False,Normal Day,23,24,7.6,24660.01,0
2023-03-30,Flipkart,Electronics,False,Normal Day,46,53,7.2,156594.09,1
2023-03-30,Flipkart,Mobiles,False,Normal Day,59,59,6.2,787281.88,3
2023-03-30,Flipkart,Fashion,False,Normal Day,31,38,7.3,34284.4,1
2023-03-30,Flipkart,Home & Kitchen,False,Normal Day,34,36,15.0,42866.02,1
2023-03-30,Flipkart,Beauty & Personal Care,False,Normal Day,19,24,11.8,13609.75,0
2023-03-30,Flipkart,Grocery,False,Normal Day,9,9,13.6,3319.6,0
2023-03-30,Flipkart,Books,False,Normal Day,7,8,9.3,3022.55,0
2023-03-30,Flipkart,Sports & Fitness,False,Normal Day,24,30,5.8,30253.46,0
2023-03-31,Amazon,Electronics,False,Normal Day,47,59,7.4,176525.17,2
2023-03-31,Amazon,Mobiles,False,Normal Day,78,84,14.1,1011980.93,2
2023-03-31,Amazon,Fashion,False,Normal Day,44,44,6.4,38484.95,0
2023-03-31,Amazon,Home & Kitchen,False,Normal Day,42,48,6.5,67536.68,1
2023-03-31,Amazon,Beauty & Personal Care,False,Normal Day,14,16,6.9,9510.56,0
2023-03-31,Amazon,Grocery,False,Normal Day,14,15,13.8,5208.53,0
2023-03-31,Amazon,Books,False,Normal Day,13,16,9.3,5649.74,0
2023-03-31,Amazon,Sports & Fitness,False,Normal Day,30,34,9.0,34284.4,0
2023-03-31,Flipkart,Electronics,False,Normal Day,63,73,11.6,198065.47,2
2023-03-31,Flipkart,Mobiles,False,Normal Day,55,82,6.0,1052842.02,2
2023-03-31,Flipkart,Fashion,False,Normal Day,30,30,10.1,25578.8,0
2023-03-31,Flipkart,Home & Kitchen,False,Normal Day,42,58,5.8,75473.24,2
2023-03-31,Flipkart,Beauty & Personal Care,False,Normal Day,21,21,8.7,12391.06,0
2023-03-31,Flipkart,Grocery,False,Normal Day,14,20,12.2,7296.62,0
2023-03-31,Flipkart,Books,False,Normal Day,8,8,5.8,3214.77,0
2023-03-31,Flipkart,Sports & Fitness,False,Normal Day,16,16,7.5,16464.27,0
2023-04-01,Amazon,Electronics,False,Normal Day,69,96,5.5,295968.06,2
2023-04-01,Amazon,Mobiles,False,Normal Day,75,93,10.4,1228096.54,1
2023-04-01,Amazon,Fashion,False,Normal Day,42,50,6.9,45494.14,2
2023-04-01,Amazon,Home & Kitchen,False,Normal Day,22,24,6.3,32444.45,0
2023-04-01,Amazon,Beauty & Personal Care,False,Normal Day,29,37,5.8,24019.51,1
2023-04-01,Amazon,Grocery,False,Normal Day,19,23,13.3,8318.91,0
2023-04-01,Amazon,Books,False,Normal Day,20,22,13.8,7142.99,0
2023-04-01,Amazon,Sports & Fitness,False,Normal Day,27,31,7.6,32450.25,0
2023-04-01,Flipkart,Electronics,False,Normal Day,68,91,6.8,282027.97,2
2023-04-01,Flipkart,Mobiles,False,Normal Day,82,93,8.5,1200705.65,4
2023-04-01,Flipkart,Fashion,False,Normal Day,41,60,5.4,52417.97,1
2023-04-01,Flipkart,Home & Kitchen,False,Normal Day,38,38,6.1,50434.39,1
2023-04-01,Flipkart,Beauty & Personal Care,False,Normal Day,20,21,6.8,13456.54,0
2023-04-01,Flipkart,Grocery,False,Normal Day,20,21,9.3,8545.24,0
2023-04-01,Flipkart,Books,False,Normal Day,7,8,6.6,2961.41,0
2023-04-01,Flipkart,Sports & Fitness,False,Normal Day,38,43,13.8,40744.29,2
2023-04-02,Amazon,Electronics,False,Normal Day,78,99,13.1,288494.71,1
2023-04-02,Amazon,Mobiles,False,Normal Day,52,52,14.0,658693.04,1
2023-04-02,Amazon,Fashion,False,Normal Day,37,42,10.3,35704.33,0
2023-04-02,Amazon,Home & Kitchen,False,Normal Day,28,28,8.4,34132.95,1
2023-04-02,Amazon,Beauty & Personal Care,False,Normal Day,22,32,12.2,18305.64,1
2023-04-02,Amazon,Grocery,False,Normal Day,11,11,11.1,4186.68,0
2023-04-02,Amazon,Books,False,Normal Day,8,8,5.8,3175.4,0
2023-04-02,Amazon,Sports & Fitness,False,Normal Day,21,27,14.4,27189.82,0
2023-04-02,Flipkart,Electronics,False,Normal Day,72,72,13.3,198185.59,3
2023-04-02,Flipkart,Mobiles,False,Normal Day,87,90,10.4,1120775.85,4
2023-04-02,Flipkart,Fashion,False,Normal Day,42,50,7.7,43028.63,0
2023-04-02,Flipkart,Home & Kitchen,False,Normal Day,32,38,10.4,47614.89,1
2023-04-02,Flipkart,Beauty & Personal Care,False,Normal Day,26,27,7.2,16490.21,0
2023-04-02,Flipkart,Grocery,False,Normal Day,14,14,7.9,5345.9,0
2023-04-02,Flipkart,Books,False,Normal Day,11,14,5.4,5243.65,0
2023-04-02,Flipkart,Sports & Fitness,False,Normal Day,34,34,11.2,35352.87,1
2023-04-03,Amazon,Electronics,False,Normal Day,47,52,6.0,160320.13,1
2023-04-03,Amazon,Mobiles,False,Normal Day,51,55,14.9,683238.22,2
2023-04-03,Amazon,Fashion,False,Normal Day,34,34,13.9,27573.9,0
2023-04-03,Amazon,Home & Kitchen,False,Normal Day,33,36,7.7,45445.76,1
2023-04-03,Amazon,Beauty & Personal Care,False,Normal Day,23,25,5.5,14734.1,1
2023-04-03,Amazon,Grocery,False,Normal Day,20,25,10.8,9676.93,0
2023-04-03,Amazon,Books,False,Normal Day,7,8,13.5,3069.48,0
2023-04-03,Amazon,Sports & Fitness,False,Normal Day,23,25,6.3,25847.52,0
2023-04-03,Flipkart,Electronics,False,Normal Day,61,61,14.6,176189.17,3
2023-04-03,Flipkart,Mobiles,False,Normal Day,60,60,6.5,793819.16,2
2023-04-03,Flipkart,Fashion,False,Normal Day,42,51,14.9,39853.85,2
2023-04-03,Flipkart,Home & Kitchen,False,Normal Day,28,29,11.6,37088.57,1
2023-04-03,Flipkart,Beauty & Personal Care,False,Normal Day,16,24,14.7,13229.77,0
2023-04-03,Flipkart,Grocery,False,Normal Day,11,12,14.0,4459.44,0
2023-04-03,Flipkart,Books,False,Normal Day,10,11,5.9,4243.91,0
2023-04-03,Flipkart,Sports & Fitness,False,Normal Day,14,14,11.4,14009.49,0
2023-04-04,Amazon,Electronics,False,Normal Day,47,51,12.8,140225.55,1
2023-04-04,Amazon,Mobiles,False,Normal Day,59,59,12.9,769569.31,2
2023-04-04,Amazon,Fashion,False,Normal Day,36,44,14.8,35154.72,1
2023-04-04,Amazon,Home & Kitchen,False,Normal Day,28,30,9.9,37886.15,1
2023-04-04,Amazon,Beauty & Personal Care,False,Normal Day,11,14,11.1,8030.03,0
2023-04-04,Amazon,Grocery,False,Normal Day,15,15,9.2,5796.42,0
2023-04-04,Amazon,Books,False,Normal Day,13,13,11.6,4387.96,0
2023-04-04,Amazon,Sports & Fitness,False,Normal Day,17,17,12.2,16344.04,0
2023-04-04,Flipkart,Electronics,False,Normal Day,52,63,11.4,178045.14,1
2023-04-04,Flipkart,Mobiles,False,Normal Day,53,53,9.0,700213.87,3
2023-04-04,Flipkart,Fashion,False,Normal Day,49,60,7.7,55496.63,1
2023-04-04,Flipkart,Home & Kitchen,False,Normal Day,33,41,8.1,51879.2,1
2023-04-04,Flipkart,Beauty & Personal Care,False,Normal Day,27,30,12.8,18098.73,0
2023-04-04,Flipkart,Grocery,False,Normal Day,16,16,9.6,6159.1,0
2023-04-04,Flipkart,Books,False,Normal Day,10,10,13.7,3208.09,0
2023-04-04,Flipkart,Sports & Fitness,False,Normal Day,20,22,10.9,22617.1,0
2023-04-05,Amazon,Electronics,False,Normal Day,70,80,6.8,248943.0,4
2023-04-05,Amazon,Mobiles,False,Normal Day,49,68,10.8,877481.14,1
2023-04-05,Amazon,Fashion,False,Normal Day,46,53,6.5,48127.85,2
2023-04-05,Amazon,Home & Kitchen,False,Normal Day,39,39,11.7,48863.89,1
2023-04-05,Amazon,Beauty & Personal Care,False,Normal Day,23,27,9.7,16045.48,1
2023-04-05,Amazon,Grocery,False,Normal Day,17,19,5.1,8140.91,0
2023-04-05,Amazon,Books,False,Normal Day,12,17,5.3,6155.15,0
2023-04-05,Amazon,Sports & Fitness,False,Normal Day,22,25,11.4,24775.14,0
2023-04-05,Flipkart,Electronics,False,Normal Day,52,65,11.3,184991.79,2
2023-04-05,Flipkart,Mobiles,False,Normal Day,74,86,6.7,1151054.51,2
2023-04-05,Flipkart,Fashion,False,Normal Day,39,45,11.7,40236.35,1
2023-04-05,Flipkart,Home & Kitchen,False,Normal Day,29,36,11.4,46053.28,1
2023-04-05,Flipkart,Beauty & Personal Care,False,Normal Day,20,21,11.5,12276.06,0
2023-04-05,Flipkart,Grocery,False,Normal Day,13,17,6.3,6739.91,0
2023-04-05,Flipkart,Books,False,Normal Day,14,16,14.2,5352.13,0
2023-04-05,Flipkart,Sports & Fitness,False,Normal Day,27,29,9.5,32035.98,1
2023-04-06,Amazon,Electronics,False,Normal Day,44,53,7.5,153978.31,1
2023-04-06,Amazon,Mobiles,False,Normal Day,72,97,11.2,1229797.77,4
2023-04-06,Amazon,Fashion,False,Normal Day,47,48,10.8,41381.49,1
2023-04-06,Amazon,Home & Kitchen,False,Normal Day,32,32,10.1,40253.07,0
2023-04-06,Amazon,Beauty & Personal Care,False,Normal Day,21,26,13.3,15037.38,0
2023-04-06,Amazon,Grocery,False,Normal Day,27,35,13.0,13010.16,0
2023-04-06,Amazon,Books,False,Normal Day,8,8,7.8,2706.07,0
2023-04-06,Amazon,Sports & Fitness,False,Normal Day,23,26,13.5,25372.71,1
2023-04-06,Flipkart,Electronics,False,Normal Day,68,68,14.8,180738.36,3
2023-04-06,Flipkart,Mobiles,False,Normal Day,76,76,8.5,997706.53,3
2023-04-06,Flipkart,Fashion,False,Normal Day,41,48,6.4,43085.44,1
2023-04-06,Flipkart,Home & Kitchen,False,Normal Day,37,37,9.5,49756.08,1
2023-04-06,Flipkart,Beauty & Personal Care,False,Normal Day,15,19,10.2,11056.22,0
2023-04-06,Flipkart,Grocery,False,Normal Day,19,19,6.3,7683.69,0
2023-04-06,Flipkart,Books,False,Normal Day,13,13,7.5,4578.84,0
2023-04-06,Flipkart,Sports & Fitness,False,Normal Day,21,27,7.3,28797.02,0
2023-04-07,Amazon,Electronics,False,Normal Day,38,42,7.5,125980.43,1
2023-04-07,Amazon,Mobiles,False,Normal Day,70,71,8.0,912080.23,4
2023-04-07,Amazon,Fashion,False,Normal Day,51,59,13.6,51995.2,2
2023-04-07,Amazon,Home & Kitchen,False,Normal Day,29,29,11.2,36365.7,0
2023-04-07,Amazon,Beauty & Personal Care,False,Normal Day,14,15,7.4,9490.01,0
2023-04-07,Amazon,Grocery,False,Normal Day,9,11,5.5,4839.8,0
2023-04-07,Amazon,Books,False,Normal Day,10,12,8.2,4211.82,0
2023-04-07,Amazon,Sports & Fitness,False,Normal Day,23,26,10.1,25254.47,1
2023-04-07,Flipkart,Electronics,False,Normal Day,53,53,10.1,154564.71,2
2023-04-07,Flipkart,Mobiles,False,Normal Day,56,63,12.0,772891.59,2
2023-04-07,Flipkart,Fashion,False,Normal Day,34,36,5.9,31739.65,1
2023-04-07,Flipkart,Home & Kitchen,False,Normal Day,37,49,10.1,65268.17,1
2023-04-07,Flipkart,Beauty & Personal Care,False,Normal Day,20,27,6.7,15751.98,0
2023-04-07,Flipkart,Grocery,False,Normal Day,9,9,5.4,3522.93,0
2023-04-07,Flipkart,Books,False,Normal Day,7,7,14.0,2285.73,0
2023-04-07,Flipkart,Sports & Fitness,False,Normal Day,26,32,6.5,31882.84,1
2023-04-08,Amazon,Electronics,False,Normal Day,78,88,10.0,257676.25,1
2023-04-08,Amazon,Mobiles,False,Normal Day,93,93,9.2,1216963.59,4
2023-04-08,Amazon,Fashion,False,Normal Day,45,57,8.0,50670.16,1
2023-04-08,Amazon,Home & Kitchen,False,Normal Day,22,22,8.1,28222.73,0
2023-04-08,Amazon,Beauty & Personal Care,False,Normal Day,18,18,7.0,11536.46,0
2023-04-08,Amazon,Grocery,False,Normal Day,21,21,13.7,7974.93,0
2023-04-08,Amazon,Books,False,Normal Day,15,19,9.8,6674.5,0
2023-04-08,Amazon,Sports & Fitness,False,Normal Day,29,37,6.5,38471.77,1
2023-04-08,Flipkart,Electronics,False,Normal Day,55,67,5.4,201180.18,2
2023-04-08,Flipkart,Mobiles,False,Normal Day,77,77,12.2,935525.46,1
2023-04-08,Flipkart,Fashion,False,Normal Day,36,48,5.7,46080.44,2
2023-04-08,Flipkart,Home & Kitchen,False,Normal Day,41,44,13.4,53191.54,2
2023-04-08,Flipkart,Beauty & Personal Care,False,Normal Day,26,34,8.3,20424.58,1
2023-04-08,Flipkart,Grocery,False,Normal Day,20,24,8.9,9432.44,0
2023-04-08,Flipkart,Books,False,Normal Day,6,6,7.6,2367.13,0
2023-04-08,Flipkart,Sports & Fitness,False,Normal Day,28,31,10.2,31362.59,0
2023-04-09,Amazon,Electronics,False,Normal Day,71,74,11.7,214267.88,1
2023-04-09,Amazon,Mobiles,False,Normal Day,76,95,10.2,1308613.23,1
2023-04-09,Amazon,Fashion,False,Normal Day,62,76,10.0,64356.44,1
2023-04-09,Amazon,Home & Kitchen,False,Normal Day,50,58,7.5,72682.67,2
2023-04-09,Amazon,Beauty & Personal Care,False,Normal Day,32,35,13.6,20495.09,1
2023-04-09,Amazon,Grocery,False,Normal Day,16,18,6.3,7499.08,0
2023-04-09,Amazon,Books,False,Normal Day,15,18,8.1,6586.22,0
2023-04-09,Amazon,Sports & Fitness,False,Normal Day,16,17,6.0,18082.65,0
2023-04-09,Flipkart,Electronics,False,Normal Day,77,77,7.8,226230.01,2
2023-04-09,Flipkart,Mobiles,False,Normal Day,76,76,11.6,1009000.76,4
2023-04-09,Flipkart,Fashion,False,Normal Day,44,45,10.5,38993.29,1
2023-04-09,Flipkart,Home & Kitchen,False,Normal Day,47,52,11.3,65852.01,2
2023-04-09,Flipkart,Beauty & Personal Care,False,Normal Day,20,22,6.5,13129.04,0
2023-04-09,Flipkart,Grocery,False,Normal Day,15,19,13.3,7079.09,0
2023-04-09,Flipkart,Books,False,Normal Day,16,19,8.7,6945.04,0
2023-04-09,Flipkart,Sports & Fitness,False,Normal Day,19,22,6.0,21915.89,0
2023-04-10,Amazon,Electronics,False,Normal Day,50,56,10.6,160336.22,2
2023-04-10,Amazon,Mobiles,False,Normal Day,60,92,5.9,1265795.26,2
2023-04-10,Amazon,Fashion,False,Normal Day,23,23,6.6,20755.15,1
2023-04-10,Amazon,Home & Kitchen,False,Normal Day,32,34,7.2,43531.8,0
2023-04-10,Amazon,Beauty & Personal Care,False,Normal Day,19,22,11.2,13463.71,1
2023-04-10,Amazon,Grocery,False,Normal Day,18,19,14.0,6759.93,0
2023-04-10,Amazon,Books,False,Normal Day,8,9,13.7,3065.58,0
2023-04-10,Amazon,Sports & Fitness,False,Normal Day,26,33,10.6,33149.83,1
2023-04-10,Flipkart,Electronics,False,Normal Day,62,76,10.2,219961.5,1
2023-04-10,Flipkart,Mobiles,False,Normal Day,59,59,5.9,835608.19,3
2023-04-10,Flipkart,Fashion,False,Normal Day,33,41,12.3,34254.85,1
2023-04-10,Flipkart,Home & Kitchen,False,Normal Day,38,44,14.2,52653.1,2
2023-04-10,Flipkart,Beauty & Personal Care,False,Normal Day,16,18,8.0,10633.48,0
2023-04-10,Flipkart,Grocery,False,Normal Day,16,18,15.0,6791.7,0
2023-04-10,Flipkart,Books,False,Normal Day,11,11,5.2,4175.34,0
2023-04-10,Flipkart,Sports & Fitness,False,Normal Day,21,21,9.8,21514.12,0
2023-04-11,Amazon,Electronics,False,Normal Day,60,60,13.4,163719.24,2
2023-04-11,Amazon,Mobiles,False,Normal Day,59,75,13.0,952924.13,2
2023-04-11,Amazon,Fashion,False,Normal Day,27,27,12.8,22004.43,0
2023-04-11,Amazon,Home & Kitchen,False,Normal Day,41,56,7.2,72651.54,1
2023-04-11,Amazon,Beauty & Personal Care,False,Normal Day,21,26,11.5,14977.3,0
2023-04-11,Amazon,Grocery,False,Normal Day,10,11,13.8,3974.66,0
2023-04-11,Amazon,Books,False,Normal Day,16,17,14.2,5823.16,0
2023-04-11,Amazon,Sports & Fitness,False,Normal Day,23,23,7.4,24252.46,0
2023-04-11,Flipkart,Electronics,False,Normal Day,53,69,11.8,196427.58,1
2023-04-11,Flipkart,Mobiles,False,Normal Day,62,62,10.1,806206.51,1
2023-04-11,Flipkart,Fashion,False,Normal Day,36,38,7.4,33550.93,1
2023-04-11,Flipkart,Home & Kitchen,False,Normal Day,36,41,6.8,56214.23,1
2023-04-11,Flipkart,Beauty & Personal Care,False,Normal Day,30,31,10.4,17742.79,0
2023-04-11,Flipkart,Grocery,False,Normal Day,7,7,9.3,2840.53,0
2023-04-11,Flipkart,Books,False,Normal Day,11,12,8.8,4294.12,0
2023-04-11,Flipkart,Sports & Fitness,False,Normal Day,15,16,11.1,16423.09,0
2023-04-12,Amazon,Electronics,False,Normal Day,57,57,7.0,168645.81,3
2023-04-12,Amazon,Mobiles,False,Normal Day,84,87,11.1,1140206.23,4
2023-04-12,Amazon,Fashion,False,Normal Day,35,40,6.8,36863.49,1
2023-04-12,Amazon,Home & Kitchen,False,Normal Day,16,18,10.0,23835.29,0
2023-04-12,Amazon,Beauty & Personal Care,False,Normal Day,18,21,12.5,11617.21,0
2023-04-12,Amazon,Grocery,False,Normal Day,21,24,7.0,9385.83,1
2023-04-12,Amazon,Books,False,Normal Day,9,10,14.8,3556.0,0
2023-04-12,Amazon,Sports & Fitness,False,Normal Day,34,37,10.2,36447.97,1
2023-04-12,Flipkart,Electronics,False,Normal Day,50,61,11.7,173379.0,2
2023-04-12,Flipkart,Mobiles,False,Normal Day,57,61,8.2,827116.3,3
2023-04-12,Flipkart,Fashion,False,Normal Day,35,41,9.3,35957.68,0
2023-04-12,Flipkart,Home & Kitchen,False,Normal Day,31,31,7.0,39979.69,0
2023-04-12,Flipkart,Beauty & Personal Care,False,Normal Day,15,19,12.0,10724.7,0
2023-04-12,Flipkart,Grocery,False,Normal Day,15,17,7.7,6697.68,0
2023-04-12,Flipkart,Books,False,Normal Day,7,7,6.4,2392.49,0
2023-04-12,Flipkart,Sports & Fitness,False,Normal Day,16,16,8.0,16518.69,0
2023-04-13,Amazon,Electronics,False,Normal Day,64,66,12.5,188600.71,2
2023-04-13,Amazon,Mobiles,False,Normal Day,81,81,8.8,1034571.8,2
2023-04-13,Amazon,Fashion,False,Normal Day,39,45,7.3,40499.17,1
2023-04-13,Amazon,Home & Kitchen,False,Normal Day,34,37,9.0,50077.8,0
2023-04-13,Amazon,Beauty & Personal Care,False,Normal Day,35,43,6.2,27810.71,1
2023-04-13,Amazon,Grocery,False,Normal Day,22,26,7.4,10016.31,1
2023-04-13,Amazon,Books,False,Normal Day,18,21,12.2,7147.56,0
2023-04-13,Amazon,Sports & Fitness,False,Normal Day,26,26,13.5,24127.07,0
2023-04-13,Flipkart,Electronics,False,Normal Day,50,59,6.5,174472.29,1
2023-04-13,Flipkart,Mobiles,False,Normal Day,68,85,13.2,1095357.11,3
2023-04-13,Flipkart,Fashion,False,Normal Day,34,34,8.3,29674.16,1
2023-04-13,Flipkart,Home & Kitchen,False,Normal Day,23,25,5.2,32865.05,0
2023-04-13,Flipkart,Beauty & Personal Care,False,Normal Day,19,23,11.0,13186.04,0
2023-04-13,Flipkart,Grocery,False,Normal Day,11,12,6.5,4705.99,0
2023-04-13,Flipkart,Books,False,Normal Day,15,15,10.6,5371.46,0
2023-04-13,Flipkart,Sports & Fitness,False,Normal Day,13,13,7.2,13760.5,0
2023-04-14,Amazon,Electronics,False,Normal Day,59,74,5.4,223487.84,2
2023-04-14,Amazon,Mobiles,False,Normal Day,89,99,10.3,1284866.32,4
2023-04-14,Amazon,Fashion,False,Normal Day,32,38,6.3,35689.42,0
2023-04-14,Amazon,Home & Kitchen,False,Normal Day,30,34,14.3,42317.99,1
2023-04-14,Amazon,Beauty & Personal Care,False,Normal Day,24,25,7.2,15266.49,0
2023-04-14,Amazon,Grocery,False,Normal Day,9,10,14.3,3943.84,0
2023-04-14,Amazon,Books,False,Normal Day,10,11,14.0,3502.44,0
2023-04-14,Amazon,Sports & Fitness,False,Normal Day,25,33,6.8,33689.88,0
2023-04-14,Flipkart,Electronics,False,Normal Day,61,77,14.2,225433.67,1
2023-04-14,Flipkart,Mobiles,False,Normal Day,63,63,13.3,788381.63,2
2023-04-14,Flipkart,Fashion,False,Normal Day,37,52,12.9,46874.81,1
2023-04-14,Flipkart,Home & Kitchen,False,Normal Day,49,49,13.9,59558.71,1
2023-04-14,Flipkart,Beauty & Personal Care,False,Normal Day,21,26,7.9,16085.33,0
2023-04-14,Flipkart,Grocery,False,Normal Day,14,14,10.6,5526.81,0
2023-04-14,Flipkart,Books,False,Normal Day,4,5,10.5,1980.26,0
2023-04-14,Flipkart,Sports & Fitness,False,Normal Day,25,25,8.2,25067.56,1
2023-04-15,Amazon,Electronics,False,Normal Day,65,71,10.1,201896.78,2
2023-04-15,Amazon,Mobiles,False,Normal Day,87,96,6.3,1263578.06,4
2023-04-15,Amazon,Fashion,False,Normal Day,41,45,14.7,35913.17,1
2023-04-15,Amazon,Home & Kitchen,False,Normal Day,44,65,12.3,83464.0,0
2023-04-15,Amazon,Beauty & Personal Care,False,Normal Day,12,14,13.3,8733.63,0
2023-04-15,Amazon,Grocery,False,Normal Day,16,16,13.1,6022.44,0
2023-04-15,Amazon,Books,False,Normal Day,9,10,14.1,3432.45,0
2023-04-15,Amazon,Sports & Fitness,False,Normal Day,20,23,6.9,23047.59,1
2023-04-15,Flipkart,Electronics,False,Normal Day,65,71,8.9,203892.16,2
2023-04-15,Flipkart,Mobiles,False,Normal Day,75,88,9.3,1172984.88,2
2023-04-15,Flipkart,Fashion,False,Normal Day,45,50,11.9,41179.11,1
2023-04-15,Flipkart,Home & Kitchen,False,Normal Day,36,38,6.1,52489.18,1
2023-04-15,Flipkart,Beauty & Personal Care,False,Normal Day,17,24,5.1,15994.91,0
2023-04-15,Flipkart,Grocery,False,Normal Day,18,18,14.9,6643.12,0
2023-04-15,Flipkart,Books,False,Normal Day,12,13,14.8,4159.44,0
2023-04-15,Flipkart,Sports & Fitness,False,Normal Day,24,30,7.4,30147.05,0
2023-04-16,Amazon,Electronics,False,Normal Day,58,63,12.8,173653.01,2
2023-04-16,Amazon,Mobiles,False,Normal Day,61,61,7.4,825597.22,2
2023-04-16,Amazon,Fashion,False,Normal Day,41,51,7.8,44935.14,2
2023-04-16,Amazon,Home & Kitchen,False,Normal Day,34,34,13.3,39288.21,1
2023-04-16,Amazon,Beauty & Personal Care,False,Normal Day,22,26,5.6,16092.73,0
2023-04-16,Amazon,Grocery,False,Normal Day,13,20,12.2,7334.53,0
2023-04-16,Amazon,Books,False,Normal Day,17,18,9.2,5985.48,0
2023-04-16,Amazon,Sports & Fitness,False,Normal Day,35,40,14.5,37604.42,0
2023-04-16,Flipkart,Electronics,False,Normal Day,65,65,14.3,172114.82,2
2023-04-16,Flipkart,Mobiles,False,Normal Day,71,78,13.0,939008.17,1
2023-04-16,Flipkart,Fashion,False,Normal Day,36,37,8.0,33615.12,0
2023-04-16,Flipkart,Home & Kitchen,False,Normal Day,40,48,5.3,62626.38,1
2023-04-16,Flipkart,Beauty & Personal Care,False,Normal Day,22,26,9.0,15968.48,1
2023-04-16,Flipkart,Grocery,False,Normal Day,15,20,5.3,8064.16,0
2023-04-16,Flipkart,Books,False,Normal Day,9,9,6.8,3085.42,0
2023-04-16,Flipkart,Sports & Fitness,False,Normal Day,26,26,9.7,25786.96,1
2023-04-17,Amazon,Electronics,False,Normal Day,68,94,6.6,294211.85,2
2023-04-17,Amazon,Mobiles,False,Normal Day,51,52,12.5,669308.53,1
2023-04-17,Amazon,Fashion,False,Normal Day,32,37,13.7,32378.5,1
2023-04-17,Amazon,Home & Kitchen,False,Normal Day,27,30,9.2,38295.62,1
2023-04-17,Amazon,Beauty & Personal Care,False,Normal Day,23,28,9.9,16784.33,0
2023-04-17,Amazon,Grocery,False,Normal Day,14,14,10.2,5729.63,0
2023-04-17,Amazon,Books,False,Normal Day,11,11,6.1,3997.54,0
2023-04-17,Amazon,Sports & Fitness,False,Normal Day,17,17,14.2,16464.48,0
2023-04-17,Flipkart,Electronics,False,Normal Day,60,79,9.1,210276.7,1
2023-04-17,Flipkart,Mobiles,False,Normal Day,59,72,14.0,884741.85,1
2023-04-17,Flipkart,Fashion,False,Normal Day,27,28,11.3,24374.13,1
2023-04-17,Flipkart,Home & Kitchen,False,Normal Day,36,44,7.2,59091.27,1
2023-04-17,Flipkart,Beauty & Personal Care,False,Normal Day,14,14,8.1,8352.71,0
2023-04-17,Flipkart,Grocery,False,Normal Day,18,21,14.7,7364.49,0
2023-04-17,Flipkart,Books,False,Normal Day,12,12,10.1,4364.39,0
2023-04-17,Flipkart,Sports & Fitness,False,Normal Day,34,35,7.1,37992.36,0
2023-04-18,Amazon,Electronics,False,Normal Day,56,59,5.1,185901.08,1
2023-04-18,Amazon,Mobiles,False,Normal Day,70,82,5.4,1102296.74,3
2023-04-18,Amazon,Fashion,False,Normal Day,34,35,14.1,28907.27,1
2023-04-18,Amazon,Home & Kitchen,False,Normal Day,33,37,8.2,51383.36,0
2023-04-18,Amazon,Beauty & Personal Care,False,Normal Day,29,29,6.2,17472.12,0
2023-04-18,Amazon,Grocery,False,Normal Day,17,18,12.2,6794.88,0
2023-04-18,Amazon,Books,False,Normal Day,16,16,7.1,5685.0,0
2023-04-18,Amazon,Sports & Fitness,False,Normal Day,36,38,7.4,38596.77,1
2023-04-18,Flipkart,Electronics,False,Normal Day,72,80,7.1,232820.83,3
2023-04-18,Flipkart,Mobiles,False,Normal Day,65,68,5.2,953962.88,1
2023-04-18,Flipkart,Fashion,False,Normal Day,40,44,5.7,40197.12,1
2023-04-18,Flipkart,Home & Kitchen,False,Normal Day,35,36,9.7,43381.62,0
2023-04-18,Flipkart,Beauty & Personal Care,False,Normal Day,12,14,6.2,9093.49,0
2023-04-18,Flipkart,Grocery,False,Normal Day,13,15,8.0,5901.99,0
2023-04-18,Flipkart,Books,False,Normal Day,9,9,14.9,2966.18,0
2023-04-18,Flipkart,Sports & Fitness,False,Normal Day,24,29,14.7,26484.22,0
2023-04-19,Amazon,Electronics,False,Normal Day,72,87,8.3,260065.54,1
2023-04-19,Amazon,Mobiles,False,Normal Day,52,56,13.3,723944.41,3
2023-04-19,Amazon,Fashion,False,Normal Day,46,60,9.1,52319.95,1
2023-04-19,Amazon,Home & Kitchen,False,Normal Day,28,39,13.0,46566.23,0
2023-04-19,Amazon,Beauty & Personal Care,False,Normal Day,22,23,7.1,15011.12,0
2023-04-19,Amazon,Grocery,False,Normal Day,17,21,6.3,8563.02,0
2023-04-19,Amazon,Books,False,Normal Day,9,11,10.2,4184.46,0
2023-04-19,Amazon,Sports & Fitness,False,Normal Day,19,22,9.3,22898.06,0
2023-04-19,Flipkart,Electronics,False,Normal Day,57,65,10.7,194621.67,2
2023-04-19,Flipkart,Mobiles,False,Normal Day,75,99,13.2,1203875.44,3
2023-04-19,Flipkart,Fashion,False,Normal Day,31,38,8.4,32635.75,1
2023-04-19,Flipkart,Home & Kitchen,False,Normal Day,33,43,7.2,55706.76,1
2023-04-19,Flipkart,Beauty & Personal Care,False,Normal Day,27,34,12.9,19296.29,1
2023-04-19,Flipkart,Grocery,False,Normal Day,17,18,14.0,6758.49,0
2023-04-19,Flipkart,Books,False,Normal Day,8,8,6.0,2804.58,0
2023-04-19,Flipkart,Sports & Fitness,False,Normal Day,16,19,12.9,19453.07,0
2023-04-20,Amazon,Electronics,False,Normal Day,59,61,5.2,178812.0,2
2023-04-20,Amazon,Mobiles,False,Normal Day,68,90,6.4,1224806.33,2
2023-04-20,Amazon,Fashion,False,Normal Day,46,58,10.4,47866.18,2
2023-04-20,Amazon,Home & Kitchen,False,Normal Day,34,39,7.8,50701.51,1
2023-04-20,Amazon,Beauty & Personal Care,False,Normal Day,17,20,11.6,11669.45,0
2023-04-20,Amazon,Grocery,False,Normal Day,10,11,9.7,4346.77,0
2023-04-20,Amazon,Books,False,Normal Day,4,5,11.5,1681.07,0
2023-04-20,Amazon,Sports & Fitness,False,Normal Day,34,37,11.1,35053.1,0
2023-04-20,Flipkart,Electronics,False,Normal Day,71,73,12.9,223983.26,3
2023-04-20,Flipkart,Mobiles,False,Normal Day,67,85,9.6,1113162.63,3
2023-04-20,Flipkart,Fashion,False,Normal Day,45,45,5.1,40798.12,1
2023-04-20,Flipkart,Home & Kitchen,False,Normal Day,37,43,6.5,60624.58,1
2023-04-20,Flipkart,Beauty & Personal Care,False,Normal Day,13,13,13.0,7279.91,0
2023-04-20,Flipkart,Grocery,False,Normal Day,16,19,6.2,7419.85,0
2023-04-20,Flipkart,Books,False,Normal Day,15,16,6.8,5947.6,0
2023-04-20,Flipkart,Sports & Fitness,False,Normal Day,13,16,8.2,16653.15,0
2023-04-21,Amazon,Electronics,False,Normal Day,54,66,6.9,203463.61,1
2023-04-21,Amazon,Mobiles,False,Normal Day,47,56,10.2,690068.21,1
2023-04-21,Amazon,Fashion,False,Normal Day,56,57,7.0,52175.8,1
2023-04-21,Amazon,Home & Kitchen,False,Normal Day,28,28,7.5,35090.52,1
2023-04-21,Amazon,Beauty & Personal Care,False,Normal Day,18,18,13.5,9584.68,0
2023-04-21,Amazon,Grocery,False,Normal Day,20,22,9.2,8808.77,1
2023-04-21,Amazon,Books,False,Normal Day,12,12,14.5,4019.8,0
2023-04-21,Amazon,Sports & Fitness,False,Normal Day,26,34,13.8,31669.39,0
2023-04-21,Flipkart,Electronics,False,Normal Day,64,79,13.9,230763.33,3
2023-04-21,Flipkart,Mobiles,False,Normal Day,68,80,9.2,1010000.59,2
2023-04-21,Flipkart,Fashion,False,Normal Day,42,55,11.6,46656.88,1
2023-04-21,Flipkart,Home & Kitchen,False,Normal Day,35,51,10.2,64908.57,1
2023-04-21,Flipkart,Beauty & Personal Care,False,Normal Day,18,22,9.0,12950.63,0
2023-04-21,Flipkart,Grocery,False,Normal Day,15,17,7.4,6727.88,0
2023-04-21,Flipkart,Books,False,Normal Day,7,7,8.2,2503.29,0
2023-04-21,Flipkart,Sports & Fitness,False,Normal Day,18,18,14.6,17640.58,0
2023-04-22,Amazon,Electronics,False,Normal Day,67,78,10.0,230997.4,3
2023-04-22,Amazon,Mobiles,False,Normal Day,70,76,13.5,978247.93,2
2023-04-22,Amazon,Fashion,False,Normal Day,42,46,7.3,39867.81,2
2023-04-22,Amazon,Home & Kitchen,False,Normal Day,47,54,8.7,69726.93,1
2023-04-22,Amazon,Beauty & Personal Care,False,Normal Day,20,22,12.5,13405.74,0
2023-04-22,Amazon,Grocery,False,Normal Day,13,18,9.9,6903.23,0
2023-04-22,Amazon,Books,False,Normal Day,17,18,10.1,6720.09,0
2023-04-22,Amazon,Sports & Fitness,False,Normal Day,28,36,6.2,36279.88,0
2023-04-22,Flipkart,Electronics,False,Normal Day,64,77,13.9,211811.57,1
2023-04-22,Flipkart,Mobiles,False,Normal Day,65,65,8.2,892641.42,2
2023-04-22,Flipkart,Fashion,False,Normal Day,41,43,14.9,35013.19,1
2023-04-22,Flipkart,Home & Kitchen,False,Normal Day,39,55,12.5,68365.36,1
2023-04-22,Flipkart,Beauty & Personal Care,False,Normal Day,20,21,11.5,12235.13,1
2023-04-22,Flipkart,Grocery,False,Normal Day,15,17,8.7,6601.86,0
2023-04-22,Flipkart,Books,False,Normal Day,13,13,12.1,4724.02,0
2023-04-22,Flipkart,Sports & Fitness,False,Normal Day,28,36,9.1,37202.0,1
2023-04-23,Amazon,Electronics,False,Normal Day,73,73,12.1,202990.31,3
2023-04-23,Amazon,Mobiles,False,Normal Day,63,80,12.9,1029034.4,3
2023-04-23,Amazon,Fashion,False,Normal Day,37,38,12.5,32234.38,1
2023-04-23,Amazon,Home & Kitchen,False,Normal Day,38,49,14.6,60588.74,1
2023-04-23,Amazon,Beauty & Personal Care,False,Normal Day,27,29,5.2,17948.97,1
2023-04-23,Amazon,Grocery,False,Normal Day,23,29,7.7,11310.55,1
2023-04-23,Amazon,Books,False,Normal Day,16,21,12.3,7024.85,0
2023-04-23,Amazon,Sports & Fitness,False,Normal Day,22,30,9.5,28751.71,0
2023-04-23,Flipkart,Electronics,False,Normal Day,80,110,5.4,355707.74,4
2023-04-23,Flipkart,Mobiles,False,Normal Day,73,73,9.5,979412.5,3
2023-04-23,Flipkart,Fashion,False,Normal Day,40,41,8.7,37064.19,1
2023-04-23,Flipkart,Home & Kitchen,False,Normal Day,38,54,8.7,69067.57,1
2023-04-23,Flipkart,Beauty & Personal Care,False,Normal Day,22,22,7.4,12677.43,1
2023-04-23,Flipkart,Grocery,False,Normal Day,12,15,8.1,6127.18,0
2023-04-23,Flipkart,Books,False,Normal Day,13,13,14.9,4418.4,0
2023-04-23,Flipkart,Sports & Fitness,False,Normal Day,34,38,5.6,40208.44,0
2023-04-24,Amazon,Electronics,False,Normal Day,59,59,12.5,165550.91,2
2023-04-24,Amazon,Mobiles,False,Normal Day,83,108,12.4,1342413.08,3
2023-04-24,Amazon,Fashion,False,Normal Day,34,36,7.7,34047.54,1
2023-04-24,Amazon,Home & Kitchen,False,Normal Day,33,44,8.3,57301.93,1
2023-04-24,Amazon,Beauty & Personal Care,False,Normal Day,24,28,14.3,16002.18,0
2023-04-24,Amazon,Grocery,False,Normal Day,13,16,10.3,6484.09,0
2023-04-24,Amazon,Books,False,Normal Day,15,17,12.7,6027.12,0
2023-04-24,Amazon,Sports & Fitness,False,Normal Day,25,26,7.2,27192.46,1
2023-04-24,Flipkart,Electronics,False,Normal Day,62,68,9.8,195255.5,2
2023-04-24,Flipkart,Mobiles,False,Normal Day,85,104,10.8,1363886.14,4
2023-04-24,Flipkart,Fashion,False,Normal Day,47,47,12.2,42838.99,2
2023-04-24,Flipkart,Home & Kitchen,False,Normal Day,39,40,6.8,52809.51,1
2023-04-24,Flipkart,Beauty & Personal Care,False,Normal Day,18,20,11.5,11799.57,0
2023-04-24,Flipkart,Grocery,False,Normal Day,5,6,12.8,2410.63,0
2023-04-24,Flipkart,Books,False,Normal Day,14,14,9.9,5082.86,0
2023-04-24,Flipkart,Sports & Fitness,False,Normal Day,23,29,10.7,29510.3,0
2023-04-25,Amazon,Electronics,False,Normal Day,51,62,13.4,166478.79,2
2023-04-25,Amazon,Mobiles,False,Normal Day,77,95,6.9,1239488.89,3
2023-04-25,Amazon,Fashion,False,Normal Day,49,62,12.3,52248.31,2
2023-04-25,Amazon,Home & Kitchen,False,Normal Day,17,18,12.9,22177.0,0
2023-04-25,Amazon,Beauty & Personal Care,False,Normal Day,17,20,11.6,11993.74,0
2023-04-25,Amazon,Grocery,False,Normal Day,21,23,14.2,8593.44,0
2023-04-25,Amazon,Books,False,Normal Day,12,14,5.1,5045.78,0
2023-04-25,Amazon,Sports & Fitness,False,Normal Day,24,27,10.8,27082.58,0
2023-04-25,Flipkart,Electronics,False,Normal Day,88,93,9.6,262065.8,3
2023-04-25,Flipkart,Mobiles,False,Normal Day,70,84,11.9,1121304.51,3
2023-04-25,Flipkart,Fashion,False,Normal Day,38,38,13.0,31266.64,1
2023-04-25,Flipkart,Home & Kitchen,False,Normal Day,40,51,11.4,66691.07,1
2023-04-25,Flipkart,Beauty & Personal Care,False,Normal Day,27,27,6.6,16778.48,0
2023-04-25,Flipkart,Grocery,False,Normal Day,17,19,11.0,7250.23,0
2023-04-25,Flipkart,Books,False,Normal Day,15,16,7.8,5532.11,0
2023-04-25,Flipkart,Sports & Fitness,False,Normal Day,24,26,5.3,27939.22,0
2023-04-26,Amazon,Electronics,False,Normal Day,40,48,12.2,141966.41,1
2023-04-26,Amazon,Mobiles,False,Normal Day,80,80,9.6,1044869.77,2
2023-04-26,Amazon,Fashion,False,Normal Day,37,41,11.2,33455.37,0
2023-04-26,Amazon,Home & Kitchen,False,Normal Day,28,28,8.4,35483.57,0
2023-04-26,Amazon,Beauty & Personal Care,False,Normal Day,20,22,8.9,13338.26,1
2023-04-26,Amazon,Grocery,False,Normal Day,19,20,14.3,7529.23,1
2023-04-26,Amazon,Books,False,Normal Day,10,12,6.5,4659.52,0
2023-04-26,Amazon,Sports & Fitness,False,Normal Day,30,31,11.4,31587.28,0
2023-04-26,Flipkart,Electronics,False,Normal Day,60,60,11.2,168790.09,2
2023-04-26,Flipkart,Mobiles,False,Normal Day,76,79,5.5,1081803.0,2
2023-04-26,Flipkart,Fashion,False,Normal Day,19,21,9.2,18403.46,0
2023-04-26,Flipkart,Home & Kitchen,False,Normal Day,28,32,6.9,40713.22,0
2023-04-26,Flipkart,Beauty & Personal Care,False,Normal Day,27,36,11.3,20951.68,0
2023-04-26,Flipkart,Grocery,False,Normal Day,8,9,13.6,3690.1,0
2023-04-26,Flipkart,Books,False,Normal Day,11,11,14.4,3425.55,0
2023-04-26,Flipkart,Sports & Fitness,False,Normal Day,23,25,13.1,24324.46,1
2023-04-27,Amazon,Electronics,False,Normal Day,58,62,12.1,165541.09,1
2023-04-27,Amazon,Mobiles,False,Normal Day,73,73,12.0,915462.54,3
2023-04-27,Amazon,Fashion,False,Normal Day,49,66,10.7,53710.59,1
2023-04-27,Amazon,Home & Kitchen,False,Normal Day,33,35,11.7,44853.05,0
2023-04-27,Amazon,Beauty & Personal Care,False,Normal Day,24,24,7.0,14681.41,0
2023-04-27,Amazon,Grocery,False,Normal Day,10,12,9.0,4610.95,0
2023-04-27,Amazon,Books,False,Normal Day,12,13,13.8,4334.52,0
2023-04-27,Amazon,Sports & Fitness,False,Normal Day,14,14,14.1,12228.93,0
2023-04-27,Flipkart,Electronics,False,Normal Day,57,65,12.7,188188.23,3
2023-04-27,Flipkart,Mobiles,False,Normal Day,77,102,11.1,1311758.05,3
2023-04-27,Flipkart,Fashion,False,Normal Day,40,46,13.0,37435.22,2
2023-04-27,Flipkart,Home & Kitchen,False,Normal Day,28,33,7.1,41961.94,0
2023-04-27,Flipkart,Beauty & Personal Care,False,Normal Day,21,23,14.8,12688.76,1
2023-04-27,Flipkart,Grocery,False,Normal Day,18,20,5.6,8469.34,0
2023-04-27,Flipkart,Books,False,Normal Day,4,5,13.1,1579.39,0
2023-04-27,Flipkart,Sports & Fitness,False,Normal Day,14,14,10.2,13385.11,0
2023-04-28,Amazon,Electronics,False,Normal Day,46,63,6.4,192844.09,2
2023-04-28,Amazon,Mobiles,False,Normal Day,67,73,9.8,1025863.45,1
2023-04-28,Amazon,Fashion,False,Normal Day,38,41,8.2,36843.01,1
2023-04-28,Amazon,Home & Kitchen,False,Normal Day,40,43,11.4,52344.52,2
2023-04-28,Amazon,Beauty & Personal Care,False,Normal Day,28,33,11.5,18939.14,1
2023-04-28,Amazon,Grocery,False,Normal Day,8,9,12.4,3254.23,0
2023-04-28,Amazon,Books,False,Normal Day,8,8,5.5,2765.5,0
2023-04-28,Amazon,Sports & Fitness,False,Normal Day,26,41,14.8,35779.41,0
2023-04-28,Flipkart,Electronics,False,Normal Day,58,72,9.7,220292.25,3
2023-04-28,Flipkart,Mobiles,False,Normal Day,48,48,12.4,606409.27,2
2023-04-28,Flipkart,Fashion,False,Normal Day,43,44,12.2,37106.38,1
2023-04-28,Flipkart,Home & Kitchen,False,Normal Day,34,43,11.0,56892.03,1
2023-04-28,Flipkart,Beauty & Personal Care,False,Normal Day,14,14,7.5,8363.22,0
2023-04-28,Flipkart,Grocery,False,Normal Day,9,11,9.6,4466.52,0
2023-04-28,Flipkart,Books,False,Normal Day,6,6,12.2,2270.41,0
2023-04-28,Flipkart,Sports & Fitness,False,Normal Day,30,30,8.9,30596.22,1
2023-04-29,Amazon,Electronics,False,Normal Day,53,64,7.0,190163.58,1
2023-04-29,Amazon,Mobiles,False,Normal Day,90,96,14.7,1178788.15,1
2023-04-29,Amazon,Fashion,False,Normal Day,44,64,11.9,55631.58,2
2023-04-29,Amazon,Home & Kitchen,False,Normal Day,38,42,10.3,50585.28,1
2023-04-29,Amazon,Beauty & Personal Care,False,Normal Day,19,19,11.1,11375.95,0
2023-04-29,Amazon,Grocery,False,Normal Day,31,34,12.5,12048.8,1
2023-04-29,Amazon,Books,False,Normal Day,8,8,10.0,2895.12,0
2023-04-29,Amazon,Sports & Fitness,False,Normal Day,30,37,14.4,35558.8,1
2023-04-29,Flipkart,Electronics,False,Normal Day,69,78,7.7,242667.55,3
2023-04-29,Flipkart,Mobiles,False,Normal Day,74,85,5.3,1197934.86,3
2023-04-29,Flipkart,Fashion,False,Normal Day,39,39,13.0,32347.11,1
2023-04-29,Flipkart,Home & Kitchen,False,Normal Day,43,53,8.0,71570.62,2
2023-04-29,Flipkart,Beauty & Personal Care,False,Normal Day,25,25,10.8,14403.95,0
2023-04-29,Flipkart,Grocery,False,Normal Day,25,28,10.6,10682.08,1
2023-04-29,Flipkart,Books,False,Normal Day,14,14,6.2,5155.35,0
2023-04-29,Flipkart,Sports & Fitness,False,Normal Day,24,27,11.1,27705.2,0
2023-04-30,Amazon,Electronics,False,Normal Day,54,54,5.1,158796.03,2
2023-04-30,Amazon,Mobiles,False,Normal Day,70,80,5.4,1075037.11,3
2023-04-30,Amazon,Fashion,False,Normal Day,41,54,13.9,45140.38,2
2023-04-30,Amazon,Home & Kitchen,False,Normal Day,50,53,10.9,68827.66,1
2023-04-30,Amazon,Beauty & Personal Care,False,Normal Day,20,21,11.2,12539.54,0
2023-04-30,Amazon,Grocery,False,Normal Day,11,14,11.0,5584.18,0
2023-04-30,Amazon,Books,False,Normal Day,12,14,7.1,4849.31,0
2023-04-30,Amazon,Sports & Fitness,False,Normal Day,20,21,6.5,22298.65,0
2023-04-30,Flipkart,Electronics,False,Normal Day,54,68,14.4,193156.82,1
2023-04-30,Flipkart,Mobiles,False,Normal Day,80,93,6.0,1262428.82,4
2023-04-30,Flipkart,Fashion,False,Normal Day,31,39,11.9,33907.27,1
2023-04-30,Flipkart,Home & Kitchen,False,Normal Day,37,37,9.2,50013.43,0
2023-04-30,Flipkart,Beauty & Personal Care,False,Normal Day,27,34,5.9,20068.53,1
2023-04-30,Flipkart,Grocery,False,Normal Day,11,12,11.4,4842.07,0
2023-04-30,Flipkart,Books,False,Normal Day,15,15,13.2,4763.83,0
2023-04-30,Flipkart,Sports & Fitness,False,Normal Day,22,28,11.7,26670.09,0
2023-05-01,Amazon,Electronics,True,Summer Sale,94,136,27.5,332951.49,3
2023-05-01,Amazon,Mobiles,True,Summer Sale,101,128,28.7,1340405.26,8
2023-05-01,Amazon,Fashion,True,Summer Sale,67,96,26.4,64409.31,3
2023-05-01,Amazon,Home & Kitchen,True,Summer Sale,65,97,19.8,109417.54,3
2023-05-01,Amazon,Beauty & Personal Care,True,Summer Sale,36,48,26.6,22958.18,3
2023-05-01,Amazon,Grocery,True,Summer Sale,25,40,27.6,11648.87,1
2023-05-01,Amazon,Books,True,Summer Sale,19,26,25.8,7747.73,1
2023-05-01,Amazon,Sports & Fitness,True,Summer Sale,44,64,22.1,58373.77,2
2023-05-01,Flipkart,Electronics,True,Summer Sale,96,120,28.1,282127.94,5
2023-05-01,Flipkart,Mobiles,True,Summer Sale,117,194,19.5,2190433.98,5
2023-05-01,Flipkart,Fashion,True,Summer Sale,85,125,21.6,94161.97,6
2023-05-01,Flipkart,Home & Kitchen,True,Summer Sale,54,73,20.7,86109.1,3
2023-05-01,Flipkart,Beauty & Personal Care,True,Summer Sale,51,86,25.0,40814.95,2
2023-05-01,Flipkart,Grocery,True,Summer Sale,22,27,28.3,8068.64,1
2023-05-01,Flipkart,Books,True,Summer Sale,11,13,27.0,3669.0,0
2023-05-01,Flipkart,Sports & Fitness,True,Summer Sale,42,57,16.4,52134.26,3
2023-05-02,Amazon,Electronics,True,Summer Sale,124,206,23.5,534934.83,9
2023-05-02,Amazon,Mobiles,True,Summer Sale,146,216,19.4,2433981.18,7
2023-05-02,Amazon,Fashion,True,Summer Sale,67,84,27.2,58842.5,2
2023-05-02,Amazon,Home & Kitchen,True,Summer Sale,49,55,23.6,59653.93,3
2023-05-02,Amazon,Beauty & Personal Care,True,Summer Sale,26,37,23.2,18892.43,1
2023-05-02,Amazon,Grocery,True,Summer Sale,21,33,17.8,11823.6,1
2023-05-02,Amazon,Books,True,Summer Sale,25,41,29.4,11634.58,2
2023-05-02,Amazon,Sports & Fitness,True,Summer Sale,52,64,26.2,52781.39,3
2023-05-02,Flipkart,Electronics,True,Summer Sale,75,122,27.7,274381.57,6
2023-05-02,Flipkart,Mobiles,True,Summer Sale,114,164,19.1,1999004.05,9
2023-05-02,Flipkart,Fashion,True,Summer Sale,54,83,17.8,63283.97,4
2023-05-02,Flipkart,Home & Kitchen,True,Summer Sale,58,71,23.4,75783.63,3
2023-05-02,Flipkart,Beauty & Personal Care,True,Summer Sale,34,50,29.2,23790.59,1
2023-05-02,Flipkart,Grocery,True,Summer Sale,25,36,24.0,11658.09,1
2023-05-02,Flipkart,Books,True,Summer Sale,12,12,18.7,3802.61,0
2023-05-02,Flipkart,Sports & Fitness,True,Summer Sale,30,44,16.6,41494.53,2
2023-05-03,Amazon,Electronics,True,Summer Sale,106,156,28.4,361115.32,7
2023-05-03,Amazon,Mobiles,True,Summer Sale,92,146,26.9,1568812.28,5
2023-05-03,Amazon,Fashion,True,Summer Sale,68,87,17.6,71682.42,3
2023-05-03,Amazon,Home & Kitchen,True,Summer Sale,54,74,29.1,76315.48,3
2023-05-03,Amazon,Beauty & Personal Care,True,Summer Sale,28,37,26.7,18596.14,2
2023-05-03,Amazon,Grocery,True,Summer Sale,19,33,26.3,9766.66,1
2023-05-03,Amazon,Books,True,Summer Sale,17,23,26.6,6627.1,0
2023-05-03,Amazon,Sports & Fitness,True,Summer Sale,43,66,23.1,55965.79,3
2023-05-03,Flipkart,Electronics,True,Summer Sale,105,146,28.3,335700.14,4
2023-05-03,Flipkart,Mobiles,True,Summer Sale,130,144,26.0,1584665.94,10
2023-05-03,Flipkart,Fashion,True,Summer Sale,48,64,16.8,50875.71,4
2023-05-03,Flipkart,Home & Kitchen,True,Summer Sale,61,79,25.7,85656.98,2
2023-05-03,Flipkart,Beauty & Personal Care,True,Summer Sale,43,58,18.9,30513.2,2
2023-05-03,Flipkart,Grocery,True,Summer Sale,26,40,16.0,13876.76,2
2023-05-03,Flipkart,Books,True,Summer Sale,20,26,17.5,8285.8,1
2023-05-03,Flipkart,Sports & Fitness,True,Summer Sale,45,65,25.9,52950.43,2
2023-05-04,Amazon,Electronics,True,Summer Sale,108,143,29.7,326956.58,5
2023-05-04,Amazon,Mobiles,True,Summer Sale,142,193,27.5,2026568.52,9
2023-05-04,Amazon,Fashion,True,Summer Sale,54,77,21.2,56566.62,3
2023-05-04,Amazon,Home & Kitchen,True,Summer Sale,53,79,19.9,87745.54,2
2023-05-04,Amazon,Beauty & Personal Care,True,Summer Sale,25,30,19.0,16664.55,1
2023-05-04,Amazon,Grocery,True,Summer Sale,19,26,24.3,8129.29,1
2023-05-04,Amazon,Books,True,Summer Sale,10,14,29.4,3884.05,0
2023-05-04,Amazon,Sports & Fitness,True,Summer Sale,30,45,28.4,34568.54,1
2023-05-04,Flipkart,Electronics,True,Summer Sale,91,152,19.4,409831.07,6
2023-05-04,Flipkart,Mobiles,True,Summer Sale,118,155,27.1,1678977.5,6
2023-05-04,Flipkart,Fashion,True,Summer Sale,60,87,20.0,68396.66,3
2023-05-04,Flipkart,Home & Kitchen,True,Summer Sale,64,76,28.5,77300.49,4
2023-05-04,Flipkart,Beauty & Personal Care,True,Summer Sale,26,36,16.9,20786.22,2
2023-05-04,Flipkart,Grocery,True,Summer Sale,22,32,27.3,9886.68,1
2023-05-04,Flipkart,Books,True,Summer Sale,18,25,25.3,7223.63,0
2023-05-04,Flipkart,Sports & Fitness,True,Summer Sale,33,49,29.2,37318.59,2
2023-05-05,Amazon,Electronics,True,Summer Sale,99,139,27.4,307590.31,7
2023-05-05,Amazon,Mobiles,True,Summer Sale,130,180,22.6,2017881.87,9
2023-05-05,Amazon,Fashion,True,Summer Sale,73,109,25.0,80563.03,3
2023-05-05,Amazon,Home & Kitchen,True,Summer Sale,54,81,29.3,84210.04,4
2023-05-05,Amazon,Beauty & Personal Care,True,Summer Sale,37,52,22.2,27406.81,2
2023-05-05,Amazon,Grocery,True,Summer Sale,33,43,18.1,14199.34,1
2023-05-05,Amazon,Books,True,Summer Sale,13,19,23.4,5706.97,1
2023-05-05,Amazon,Sports & Fitness,True,Summer Sale,44,53,16.9,48031.28,2
2023-05-05,Flipkart,Electronics,True,Summer Sale,103,152,23.0,379798.3,4
2023-05-05,Flipkart,Mobiles,True,Summer Sale,107,163,23.8,1806541.76,8
2023-05-05,Flipkart,Fashion,True,Summer Sale,76,114,28.4,74324.22,6
2023-05-05,Flipkart,Home & Kitchen,True,Summer Sale,55,63,25.8,65867.46,2
2023-05-05,Flipkart,Beauty & Personal Care,True,Summer Sale,57,83,29.9,37427.56,4
2023-05-05,Flipkart,Grocery,True,Summer Sale,19,30,16.3,11271.69,1
2023-05-05,Flipkart,Books,True,Summer Sale,13,18,23.5,5119.97,0
2023-05-05,Flipkart,Sports & Fitness,True,Summer Sale,44,66,24.5,54128.49,3
2023-05-06,Amazon,Electronics,True,Summer Sale,134,178,29.2,408389.9,8
2023-05-06,Amazon,Mobiles,True,Summer Sale,139,184,20.5,2122454.76,9
2023-05-06,Amazon,Fashion,True,Summer Sale,57,71,20.3,51621.58,4
2023-05-06,Amazon,Home & Kitchen,True,Summer Sale,67,69,25.2,72649.87,3
2023-05-06,Amazon,Beauty & Personal Care,True,Summer Sale,63,82,28.5,35594.39,4
2023-05-06,Amazon,Grocery,True,Summer Sale,38,53,20.4,17781.18,3
2023-05-06,Amazon,Books,True,Summer Sale,25,32,19.6,10044.99,1
2023-05-06,Amazon,Sports & Fitness,True,Summer Sale,39,60,25.4,48593.75,2
2023-05-06,Flipkart,Electronics,True,Summer Sale,86,119,27.0,275102.19,5
2023-05-06,Flipkart,Mobiles,True,Summer Sale,174,200,15.5,2590757.09,12
2023-05-06,Flipkart,Fashion,True,Summer Sale,64,92,15.4,72089.17,3
2023-05-06,Flipkart,Home & Kitchen,True,Summer Sale,59,83,17.2,96240.9,2
2023-05-06,Flipkart,Beauty & Personal Care,True,Summer Sale,42,62,19.6,32547.39,2
2023-05-06,Flipkart,Grocery,True,Summer Sale,21,30,26.0,9157.91,1
2023-05-06,Flipkart,Books,True,Summer Sale,28,38,18.7,11621.15,1
2023-05-06,Flipkart,Sports & Fitness,True,Summer Sale,39,54,27.7,43175.76,3
2023-05-07,Amazon,Electronics,True,Summer Sale,116,142,26.4,354008.23,4
2023-05-07,Amazon,Mobiles,True,Summer Sale,138,179,25.2,1934718.12,9
2023-05-07,Amazon,Fashion,True,Summer Sale,74,90,27.0,64739.98,3
2023-05-07,Amazon,Home & Kitchen,True,Summer Sale,84,110,24.5,118063.51,4
2023-05-07,Amazon,Beauty & Personal Care,True,Summer Sale,40,59,21.1,30829.51,1
2023-05-07,Amazon,Grocery,True,Summer Sale,42,67,18.8,22636.87,2
2023-05-07,Amazon,Books,True,Summer Sale,27,43,27.4,11925.31,1
2023-05-07,Amazon,Sports & Fitness,True,Summer Sale,46,68,29.7,53225.92,3
2023-05-07,Flipkart,Electronics,True,Summer Sale,129,159,27.4,343514.87,10
2023-05-07,Flipkart,Mobiles,True,Summer Sale,138,174,29.2,1840834.63,10
2023-05-07,Flipkart,Fashion,True,Summer Sale,64,82,25.4,56801.23,3
2023-05-07,Flipkart,Home & Kitchen,True,Summer Sale,50,68,23.3,73507.19,3
2023-05-07,Flipkart,Beauty & Personal Care,True,Summer Sale,30,40,25.4,19601.15,2
2023-05-07,Flipkart,Grocery,True,Summer Sale,27,36,16.0,13010.21,1
2023-05-07,Flipkart,Books,True,Summer Sale,21,29,20.8,8883.93,1
2023-05-07,Flipkart,Sports & Fitness,True,Summer Sale,42,71,27.7,57639.42,2
2023-05-08,Amazon,Electronics,True,Summer Sale,94,111,22.4,278571.82,6
2023-05-08,Amazon,Mobiles,True,Summer Sale,109,155,29.1,1569719.69,8
2023-05-08,Amazon,Fashion,True,Summer Sale,63,78,28.7,55196.69,3
2023-05-08,Amazon,Home & Kitchen,True,Summer Sale,71,93,27.4,95885.25,3
2023-05-08,Amazon,Beauty & Personal Care,True,Summer Sale,39,56,29.6,25465.67,2
2023-05-08,Amazon,Grocery,True,Summer Sale,30,35,22.8,11890.06,2
2023-05-08,Amazon,Books,True,Summer Sale,20,32,16.7,9932.15,1
2023-05-08,Amazon,Sports & Fitness,True,Summer Sale,34,44,21.4,36821.68,1
2023-05-08,Flipkart,Electronics,True,Summer Sale,133,181,18.9,452824.52,11
2023-05-08,Flipkart,Mobiles,True,Summer Sale,128,146,25.5,1528341.77,10
2023-05-08,Flipkart,Fashion,True,Summer Sale,54,81,15.7,64954.17,2
2023-05-08,Flipkart,Home & Kitchen,True,Summer Sale,33,47,29.5,46670.77,2
2023-05-08,Flipkart,Beauty & Personal Care,True,Summer Sale,40,60,21.4,30434.43,2
2023-05-08,Flipkart,Grocery,True,Summer Sale,38,60,29.3,19290.76,2
2023-05-08,Flipkart,Books,True,Summer Sale,18,28,27.4,7672.58,0
2023-05-08,Flipkart,Sports & Fitness,True,Summer Sale,24,30,27.6,24103.96,0
2023-05-09,Amazon,Electronics,False,Normal Day,44,51,9.3,156332.68,1
2023-05-09,Amazon,Mobiles,False,Normal Day,84,93,13.2,1112352.09,4
2023-05-09,Amazon,Fashion,False,Normal Day,42,42,11.2,34634.45,2
2023-05-09,Amazon,Home & Kitchen,False,Normal Day,33,33,11.4,42446.61,1
2023-05-09,Amazon,Beauty & Personal Care,False,Normal Day,20,23,6.5,14713.52,0
2023-05-09,Amazon,Grocery,False,Normal Day,9,9,5.1,3611.6,0
2023-05-09,Amazon,Books,False,Normal Day,10,13,11.2,4898.3,0
2023-05-09,Amazon,Sports & Fitness,False,Normal Day,18,19,11.2,18506.26,0
2023-05-09,Flipkart,Electronics,False,Normal Day,65,65,9.7,188026.65,3
2023-05-09,Flipkart,Mobiles,False,Normal Day,58,63,5.8,867317.72,2
2023-05-09,Flipkart,Fashion,False,Normal Day,24,25,7.1,22156.83,1
2023-05-09,Flipkart,Home & Kitchen,False,Normal Day,29,42,9.5,53219.79,0
2023-05-09,Flipkart,Beauty & Personal Care,False,Normal Day,17,21,12.1,11639.83,0
2023-05-09,Flipkart,Grocery,False,Normal Day,12,15,5.0,6263.6,0
2023-05-09,Flipkart,Books,False,Normal Day,16,16,10.2,5382.01,0
2023-05-09,Flipkart,Sports & Fitness,False,Normal Day,22,22,11.3,21267.23,1
2023-05-10,Amazon,Electronics,False,Normal Day,60,71,14.8,204371.22,3
2023-05-10,Amazon,Mobiles,False,Normal Day,78,80,9.2,1060122.56,3
2023-05-10,Amazon,Fashion,False,Normal Day,40,42,6.6,39103.9,0
2023-05-10,Amazon,Home & Kitchen,False,Normal Day,34,34,8.2,42698.92,0
2023-05-10,Amazon,Beauty & Personal Care,False,Normal Day,17,17,7.1,10851.74,0
2023-05-10,Amazon,Grocery,False,Normal Day,15,18,5.1,7310.96,0
2023-05-10,Amazon,Books,False,Normal Day,5,5,9.0,1790.14,0
2023-05-10,Amazon,Sports & Fitness,False,Normal Day,24,30,7.5,31488.99,1
2023-05-10,Flipkart,Electronics,False,Normal Day,67,73,12.9,199896.23,2
2023-05-10,Flipkart,Mobiles,False,Normal Day,65,72,14.5,900492.16,2
2023-05-10,Flipkart,Fashion,False,Normal Day,51,54,8.9,46202.57,2
2023-05-10,Flipkart,Home & Kitchen,False,Normal Day,27,38,12.1,49701.08,0
2023-05-10,Flipkart,Beauty & Personal Care,False,Normal Day,23,31,7.0,18327.8,0
2023-05-10,Flipkart,Grocery,False,Normal Day,11,14,6.1,5891.35,0
2023-05-10,Flipkart,Books,False,Normal Day,13,14,7.5,5057.84,0
2023-05-10,Flipkart,Sports & Fitness,False,Normal Day,20,20,6.4,20541.07,0
2023-05-11,Amazon,Electronics,False,Normal Day,57,75,9.1,225043.34,2
2023-05-11,Amazon,Mobiles,False,Normal Day,75,75,14.3,946426.46,2
2023-05-11,Amazon,Fashion,False,Normal Day,36,37,14.5,30603.04,0
2023-05-11,Amazon,Home & Kitchen,False,Normal Day,31,35,10.8,45551.44,0
2023-05-11,Amazon,Beauty & Personal Care,False,Normal Day,15,15,8.1,9459.1,0
2023-05-11,Amazon,Grocery,False,Normal Day,11,12,5.0,4783.98,0
2023-05-11,Amazon,Books,False,Normal Day,13,15,11.7,4982.4,0
2023-05-11,Amazon,Sports & Fitness,False,Normal Day,24,30,13.2,28138.68,1
2023-05-11,Flipkart,Electronics,False,Normal Day,51,69,6.4,201043.76,1
2023-05-11,Flipkart,Mobiles,False,Normal Day,67,86,9.9,1029835.79,2
2023-05-11,Flipkart,Fashion,False,Normal Day,46,54,7.6,49192.48,1
2023-05-11,Flipkart,Home & Kitchen,False,Normal Day,39,52,12.0,66749.43,1
2023-05-11,Flipkart,Beauty & Personal Care,False,Normal Day,23,30,13.2,16805.29,1
2023-05-11,Flipkart,Grocery,False,Normal Day,10,14,6.7,5639.14,0
2023-05-11,Flipkart,Books,False,Normal Day,11,11,6.5,3896.13,0
2023-05-11,Flipkart,Sports & Fitness,False,Normal Day,23,23,9.7,24360.22,0
2023-05-12,Amazon,Electronics,False,Normal Day,52,54,7.7,159859.02,1
2023-05-12,Amazon,Mobiles,False,Normal Day,87,116,9.1,1580521.64,3
2023-05-12,Amazon,Fashion,False,Normal Day,49,61,10.2,49161.98,2
2023-05-12,Amazon,Home & Kitchen,False,Normal Day,53,54,15.0,64979.48,1
2023-05-12,Amazon,Beauty & Personal Care,False,Normal Day,24,24,11.1,13853.14,1
2023-05-12,Amazon,Grocery,False,Normal Day,10,10,7.6,4446.2,0
2023-05-12,Amazon,Books,False,Normal Day,10,10,13.9,3270.52,0
2023-05-12,Amazon,Sports & Fitness,False,Normal Day,23,23,11.2,23148.97,1
2023-05-12,Flipkart,Electronics,False,Normal Day,46,52,9.9,149436.16,2
2023-05-12,Flipkart,Mobiles,False,Normal Day,77,108,10.2,1407100.92,2
2023-05-12,Flipkart,Fashion,False,Normal Day,38,43,5.4,39004.8,1
2023-05-12,Flipkart,Home & Kitchen,False,Normal Day,29,34,13.9,41832.79,1
2023-05-12,Flipkart,Beauty & Personal Care,False,Normal Day,19,19,8.5,10816.7,1
2023-05-12,Flipkart,Grocery,False,Normal Day,10,11,7.0,4065.76,0
2023-05-12,Flipkart,Books,False,Normal Day,17,18,14.8,6292.53,0
2023-05-12,Flipkart,Sports & Fitness,False,Normal Day,18,21,14.0,20085.17,0
2023-05-13,Amazon,Electronics,False,Normal Day,48,61,8.9,179967.16,1
2023-05-13,Amazon,Mobiles,False,Normal Day,78,80,9.8,1094522.96,1
2023-05-13,Amazon,Fashion,False,Normal Day,61,70,9.8,62248.89,2
2023-05-13,Amazon,Home & Kitchen,False,Normal Day,42,42,14.0,52092.62,1
2023-05-13,Amazon,Beauty & Personal Care,False,Normal Day,22,22,7.9,13303.11,1
2023-05-13,Amazon,Grocery,False,Normal Day,16,17,6.0,7029.13,0
2023-05-13,Amazon,Books,False,Normal Day,10,11,5.6,4078.25,0
2023-05-13,Amazon,Sports & Fitness,False,Normal Day,28,28,8.8,27716.86,1
2023-05-13,Flipkart,Electronics,False,Normal Day,63,78,8.6,227349.23,2
2023-05-13,Flipkart,Mobiles,False,Normal Day,88,119,9.6,1542774.44,4
2023-05-13,Flipkart,Fashion,False,Normal Day,42,48,12.9,39118.53,2
2023-05-13,Flipkart,Home & Kitchen,False,Normal Day,32,38,9.5,49767.95,0
2023-05-13,Flipkart,Beauty & Personal Care,False,Normal Day,19,21,6.7,12724.66,0
2023-05-13,Flipkart,Grocery,False,Normal Day,14,17,9.8,6679.13,0
2023-05-13,Flipkart,Books,False,Normal Day,14,14,5.9,4927.19,0
2023-05-13,Flipkart,Sports & Fitness,False,Normal Day,24,26,9.1,25893.44,0
2023-05-14,Amazon,Electronics,False,Normal Day,47,47,13.9,128410.96,1
2023-05-14,Amazon,Mobiles,False,Normal Day,61,61,7.3,780893.01,1
2023-05-14,Amazon,Fashion,False,Normal Day,51,51,5.1,45879.62,1
2023-05-14,Amazon,Home & Kitchen,False,Normal Day,30,35,14.0,43864.74,1
2023-05-14,Amazon,Beauty & Personal Care,False,Normal Day,22,24,5.8,14454.77,1
2023-05-14,Amazon,Grocery,False,Normal Day,38,39,12.2,15796.99,1
2023-05-14,Amazon,Books,False,Normal Day,14,14,7.2,4947.35,0
2023-05-14,Amazon,Sports & Fitness,False,Normal Day,36,41,8.3,43107.55,0
2023-05-14,Flipkart,Electronics,False,Normal Day,59,63,13.6,183449.05,1
2023-05-14,Flipkart,Mobiles,False,Normal Day,69,69,11.3,885689.26,3
2023-05-14,Flipkart,Fashion,False,Normal Day,45,61,11.6,51928.84,1
2023-05-14,Flipkart,Home & Kitchen,False,Normal Day,27,29,5.2,39315.68,0
2023-05-14,Flipkart,Beauty & Personal Care,False,Normal Day,32,32,9.2,19521.5,1
2023-05-14,Flipkart,Grocery,False,Normal Day,17,25,12.1,9633.43,0
2023-05-14,Flipkart,Books,False,Normal Day,12,14,12.9,5022.29,0
2023-05-14,Flipkart,Sports & Fitness,False,Normal Day,19,19,11.7,19123.43,0
2023-05-15,Amazon,Electronics,False,Normal Day,71,71,14.1,201124.22,2
2023-05-15,Amazon,Mobiles,False,Normal Day,72,79,13.9,986480.57,3
2023-05-15,Amazon,Fashion,False,Normal Day,33,39,13.0,33168.44,1
2023-05-15,Amazon,Home & Kitchen,False,Normal Day,23,23,10.8,28301.78,0
2023-05-15,Amazon,Beauty & Personal Care,False,Normal Day,15,19,14.4,10830.19,0
2023-05-15,Amazon,Grocery,False,Normal Day,13,15,8.4,6293.85,0
2023-05-15,Amazon,Books,False,Normal Day,9,10,11.6,3625.9,0
2023-05-15,Amazon,Sports & Fitness,False,Normal Day,30,41,13.8,40885.18,1
2023-05-15,Flipkart,Electronics,False,Normal Day,59,81,14.4,221485.71,3
2023-05-15,Flipkart,Mobiles,False,Normal Day,66,68,13.9,886960.13,2
2023-05-15,Flipkart,Fashion,False,Normal Day,44,48,10.6,40036.17,1
2023-05-15,Flipkart,Home & Kitchen,False,Normal Day,32,38,7.5,49194.47,1
2023-05-15,Flipkart,Beauty & Personal Care,False,Normal Day,25,37,5.4,22592.85,0
2023-05-15,Flipkart,Grocery,False,Normal Day,14,17,15.0,6224.28,0
2023-05-15,Flipkart,Books,False,Normal Day,11,13,5.4,5183.78,0
2023-05-15,Flipkart,Sports & Fitness,False,Normal Day,22,27,8.4,27963.6,0
2023-05-16,Amazon,Electronics,False,Normal Day,59,59,10.9,166562.28,2
2023-05-16,Amazon,Mobiles,False,Normal Day,74,74,9.5,994253.99,3
2023-05-16,Amazon,Fashion,False,Normal Day,48,48,5.5,43648.25,2
2023-05-16,Amazon,Home & Kitchen,False,Normal Day,37,42,14.2,50738.57,0
2023-05-16,Amazon,Beauty & Personal Care,False,Normal Day,22,23,15.0,12841.2,0
2023-05-16,Amazon,Grocery,False,Normal Day,16,18,12.6,6674.83,0
2023-05-16,Amazon,Books,False,Normal Day,10,13,9.0,4464.97,0
2023-05-16,Amazon,Sports & Fitness,False,Normal Day,19,21,13.1,20875.41,0
2023-05-16,Flipkart,Electronics,False,Normal Day,49,56,10.4,165368.48,2
2023-05-16,Flipkart,Mobiles,False,Normal Day,59,62,5.2,836375.76,3
2023-05-16,Flipkart,Fashion,False,Normal Day,32,35,10.7,29717.3,1
2023-05-16,Flipkart,Home & Kitchen,False,Normal Day,35,38,11.9,46088.41,0
2023-05-16,Flipkart,Beauty & Personal Care,False,Normal Day,25,29,5.4,19318.43,1
2023-05-16,Flipkart,Grocery,False,Normal Day,10,14,8.6,5449.43,0
2023-05-16,Flipkart,Books,False,Normal Day,10,10,5.1,3630.51,0
2023-05-16,Flipkart,Sports & Fitness,False,Normal Day,26,26,9.5,25006.43,0
2023-05-17,Amazon,Electronics,False,Normal Day,67,79,9.3,231246.14,1
2023-05-17,Amazon,Mobiles,False,Normal Day,49,72,13.2,944742.14,2
2023-05-17,Amazon,Fashion,False,Normal Day,36,48,6.5,42540.91,1
2023-05-17,Amazon,Home & Kitchen,False,Normal Day,34,46,12.9,58161.82,0
2023-05-17,Amazon,Beauty & Personal Care,False,Normal Day,19,25,14.8,13641.1,1
2023-05-17,Amazon,Grocery,False,Normal Day,11,15,13.7,5464.67,0
2023-05-17,Amazon,Books,False,Normal Day,6,7,9.7,2573.28,0
2023-05-17,Amazon,Sports & Fitness,False,Normal Day,22,26,11.0,23608.21,0
2023-05-17,Flipkart,Electronics,False,Normal Day,56,60,14.7,165725.0,3
2023-05-17,Flipkart,Mobiles,False,Normal Day,74,76,6.5,1008014.95,2
2023-05-17,Flipkart,Fashion,False,Normal Day,34,34,12.2,27919.4,1
2023-05-17,Flipkart,Home & Kitchen,False,Normal Day,27,27,14.5,32308.18,1
2023-05-17,Flipkart,Beauty & Personal Care,False,Normal Day,16,16,14.6,8916.96,0
2023-05-17,Flipkart,Grocery,False,Normal Day,14,17,5.6,7080.64,0
2023-05-17,Flipkart,Books,False,Normal Day,11,12,8.6,4053.58,0
2023-05-17,Flipkart,Sports & Fitness,False,Normal Day,15,20,14.1,19097.38,0
2023-05-18,Amazon,Electronics,False,Normal Day,61,61,8.5,178379.16,1
2023-05-18,Amazon,Mobiles,False,Normal Day,75,80,13.0,1016905.81,3
2023-05-18,Amazon,Fashion,False,Normal Day,32,40,10.1,34653.74,1
2023-05-18,Amazon,Home & Kitchen,False,Normal Day,22,28,14.3,34890.2,1
2023-05-18,Amazon,Beauty & Personal Care,False,Normal Day,26,31,13.8,17324.17,0
2023-05-18,Amazon,Grocery,False,Normal Day,12,14,7.8,5474.46,0
2023-05-18,Amazon,Books,False,Normal Day,15,16,13.0,4913.72,0
2023-05-18,Amazon,Sports & Fitness,False,Normal Day,21,25,7.9,26319.02,0
2023-05-18,Flipkart,Electronics,False,Normal Day,65,90,13.7,264884.94,2
2023-05-18,Flipkart,Mobiles,False,Normal Day,78,115,11.5,1428091.6,1
2023-05-18,Flipkart,Fashion,False,Normal Day,46,49,9.4,44485.47,2
2023-05-18,Flipkart,Home & Kitchen,False,Normal Day,34,42,13.2,52539.27,1
2023-05-18,Flipkart,Beauty & Personal Care,False,Normal Day,20,24,10.9,13457.47,1
2023-05-18,Flipkart,Grocery,False,Normal Day,20,21,5.9,8444.2,1
2023-05-18,Flipkart,Books,False,Normal Day,10,12,11.6,4515.83,0
2023-05-18,Flipkart,Sports & Fitness,False,Normal Day,15,19,12.0,19679.79,0
2023-05-19,Amazon,Electronics,False,Normal Day,54,54,5.8,162558.89,3
2023-05-19,Amazon,Mobiles,False,Normal Day,69,75,14.7,860800.98,3
2023-05-19,Amazon,Fashion,False,Normal Day,27,40,12.0,35147.08,1
2023-05-19,Amazon,Home & Kitchen,False,Normal Day,35,35,8.5,44789.07,1
2023-05-19,Amazon,Beauty & Personal Care,False,Normal Day,20,21,5.8,13320.48,0
2023-05-19,Amazon,Grocery,False,Normal Day,9,10,11.4,3947.56,0
2023-05-19,Amazon,Books,False,Normal Day,10,12,14.0,4042.32,0
2023-05-19,Amazon,Sports & Fitness,False,Normal Day,34,34,10.0,34993.45,0
2023-05-19,Flipkart,Electronics,False,Normal Day,75,75,7.4,220987.66,2
2023-05-19,Flipkart,Mobiles,False,Normal Day,72,82,12.9,1067413.19,3
2023-05-19,Flipkart,Fashion,False,Normal Day,44,53,12.1,44891.6,0
2023-05-19,Flipkart,Home & Kitchen,False,Normal Day,30,38,11.6,49570.43,0
2023-05-19,Flipkart,Beauty & Personal Care,False,Normal Day,18,18,11.3,10964.68,0
2023-05-19,Flipkart,Grocery,False,Normal Day,16,20,8.3,8284.53,0
2023-05-19,Flipkart,Books,False,Normal Day,4,4,7.8,1590.61,0
2023-05-19,Flipkart,Sports & Fitness,False,Normal Day,29,39,11.2,37433.17,0
2023-05-20,Amazon,Electronics,False,Normal Day,98,98,14.0,277467.39,4
2023-05-20,Amazon,Mobiles,False,Normal Day,59,67,6.9,916643.13,3
2023-05-20,Amazon,Fashion,False,Normal Day,44,52,5.3,46591.11,1
2023-05-20,Amazon,Home & Kitchen,False,Normal Day,48,54,7.0,72002.13,2
2023-05-20,Amazon,Beauty & Personal Care,False,Normal Day,22,22,14.7,12128.79,1
2023-05-20,Amazon,Grocery,False,Normal Day,11,14,13.4,5100.6,0
2023-05-20,Amazon,Books,False,Normal Day,10,11,13.4,3728.1,0
2023-05-20,Amazon,Sports & Fitness,False,Normal Day,28,40,10.7,39766.53,1
2023-05-20,Flipkart,Electronics,False,Normal Day,60,69,9.6,200798.79,1
2023-05-20,Flipkart,Mobiles,False,Normal Day,81,112,11.1,1539524.39,3
2023-05-20,Flipkart,Fashion,False,Normal Day,38,42,6.2,38129.39,2
2023-05-20,Flipkart,Home & Kitchen,False,Normal Day,39,39,9.7,49991.83,1
2023-05-20,Flipkart,Beauty & Personal Care,False,Normal Day,26,34,9.9,20766.71,1
2023-05-20,Flipkart,Grocery,False,Normal Day,11,11,12.4,4113.67,0
2023-05-20,Flipkart,Books,False,Normal Day,11,13,5.3,4582.37,0
2023-05-20,Flipkart,Sports & Fitness,False,Normal Day,36,51,13.5,48350.28,1
2023-05-21,Amazon,Electronics,False,Normal Day,69,72,8.3,204442.28,3
2023-05-21,Amazon,Mobiles,False,Normal Day,90,93,6.1,1258577.92,3
2023-05-21,Amazon,Fashion,False,Normal Day,50,60,5.2,54501.68,1
2023-05-21,Amazon,Home & Kitchen,False,Normal Day,39,50,6.8,67251.88,1
2023-05-21,Amazon,Beauty & Personal Care,False,Normal Day,32,36,9.3,21924.9,0
2023-05-21,Amazon,Grocery,False,Normal Day,22,22,13.0,7855.24,0
2023-05-21,Amazon,Books,False,Normal Day,12,12,5.2,4362.45,0
2023-05-21,Amazon,Sports & Fitness,False,Normal Day,27,32,11.6,29536.55,0
2023-05-21,Flipkart,Electronics,False,Normal Day,56,80,10.5,230702.44,2
2023-05-21,Flipkart,Mobiles,False,Normal Day,106,117,11.3,1622993.76,4
2023-05-21,Flipkart,Fashion,False,Normal Day,41,57,11.1,49225.63,1
2023-05-21,Flipkart,Home & Kitchen,False,Normal Day,37,39,10.4,49645.26,1
2023-05-21,Flipkart,Beauty & Personal Care,False,Normal Day,21,22,5.7,14169.89,1
2023-05-21,Flipkart,Grocery,False,Normal Day,10,10,9.6,3709.18,0
2023-05-21,Flipkart,Books,False,Normal Day,15,19,7.4,7190.96,0
2023-05-21,Flipkart,Sports & Fitness,False,Normal Day,25,27,11.1,26610.37,0
2023-05-22,Amazon,Electronics,False,Normal Day,54,63,9.3,190513.71,3
2023-05-22,Amazon,Mobiles,False,Normal Day,65,65,11.8,838465.85,1
2023-05-22,Amazon,Fashion,False,Normal Day,43,47,6.9,42018.05,2
2023-05-22,Amazon,Home & Kitchen,False,Normal Day,31,32,11.2,40043.85,1
2023-05-22,Amazon,Beauty & Personal Care,False,Normal Day,14,15,6.3,10280.18,0
2023-05-22,Amazon,Grocery,False,Normal Day,10,13,13.8,4681.79,0
2023-05-22,Amazon,Books,False,Normal Day,12,13,6.8,4745.31,0
2023-05-22,Amazon,Sports & Fitness,False,Normal Day,28,37,11.2,35688.96,1
2023-05-22,Flipkart,Electronics,False,Normal Day,56,60,15.0,169329.47,2
2023-05-22,Flipkart,Mobiles,False,Normal Day,75,82,6.1,1142339.03,2
2023-05-22,Flipkart,Fashion,False,Normal Day,54,54,9.8,45696.73,1
2023-05-22,Flipkart,Home & Kitchen,False,Normal Day,18,19,13.4,23436.05,0
2023-05-22,Flipkart,Beauty & Personal Care,False,Normal Day,21,22,11.1,13201.89,1
2023-05-22,Flipkart,Grocery,False,Normal Day,24,31,5.7,12318.25,1
2023-05-22,Flipkart,Books,False,Normal Day,15,16,13.9,5139.93,0
2023-05-22,Flipkart,Sports & Fitness,False,Normal Day,17,19,14.6,18459.01,0
2023-05-23,Amazon,Electronics,False,Normal Day,47,56,8.3,161044.78,1
2023-05-23,Amazon,Mobiles,False,Normal Day,57,67,10.9,862236.77,1
2023-05-23,Amazon,Fashion,False,Normal Day,39,49,12.4,39077.37,1
2023-05-23,Amazon,Home & Kitchen,False,Normal Day,30,35,10.9,45696.04,0
2023-05-23,Amazon,Beauty & Personal Care,False,Normal Day,25,29,10.9,16900.49,1
2023-05-23,Amazon,Grocery,False,Normal Day,13,15,11.0,5900.02,0
2023-05-23,Amazon,Books,False,Normal Day,2,2,14.8,909.27,0
2023-05-23,Amazon,Sports & Fitness,False,Normal Day,26,28,14.7,27688.98,1
2023-05-23,Flipkart,Electronics,False,Normal Day,56,56,13.4,151590.04,2
2023-05-23,Flipkart,Mobiles,False,Normal Day,63,63,11.7,868949.25,1
2023-05-23,Flipkart,Fashion,False,Normal Day,50,58,12.0,49521.63,2
2023-05-23,Flipkart,Home & Kitchen,False,Normal Day,23,27,5.8,37191.07,1
2023-05-23,Flipkart,Beauty & Personal Care,False,Normal Day,9,9,9.7,5475.37,0
2023-05-23,Flipkart,Grocery,False,Normal Day,21,26,11.3,9962.5,0
2023-05-23,Flipkart,Books,False,Normal Day,10,10,14.5,3384.85,0
2023-05-23,Flipkart,Sports & Fitness,False,Normal Day,34,39,5.3,41006.88,1
2023-05-24,Amazon,Electronics,False,Normal Day,50,55,8.9,158319.35,2
2023-05-24,Amazon,Mobiles,False,Normal Day,69,80,7.3,1104172.55,2
2023-05-24,Amazon,Fashion,False,Normal Day,24,27,7.1,23975.96,1
2023-05-24,Amazon,Home & Kitchen,False,Normal Day,21,28,6.8,35915.11,1
2023-05-24,Amazon,Beauty & Personal Care,False,Normal Day,16,16,11.9,9381.94,0
2023-05-24,Amazon,Grocery,False,Normal Day,19,19,13.3,7034.6,0
2023-05-24,Amazon,Books,False,Normal Day,8,11,13.6,3656.13,0
2023-05-24,Amazon,Sports & Fitness,False,Normal Day,19,19,7.4,19637.57,0
2023-05-24,Flipkart,Electronics,False,Normal Day,65,65,10.5,188314.27,2
2023-05-24,Flipkart,Mobiles,False,Normal Day,65,73,6.5,1012073.31,2
2023-05-24,Flipkart,Fashion,False,Normal Day,41,45,5.7,40191.12,1
2023-05-24,Flipkart,Home & Kitchen,False,Normal Day,25,28,10.3,33035.43,0
2023-05-24,Flipkart,Beauty & Personal Care,False,Normal Day,21,21,12.3,12091.64,1
2023-05-24,Flipkart,Grocery,False,Normal Day,19,27,10.4,10019.85,0
2023-05-24,Flipkart,Books,False,Normal Day,14,17,14.1,5669.45,0
2023-05-24,Flipkart,Sports & Fitness,False,Normal Day,19,28,14.3,26085.62,0
2023-05-25,Amazon,Electronics,False,Normal Day,55,59,8.8,168513.6,2
2023-05-25,Amazon,Mobiles,False,Normal Day,72,72,9.0,946898.43,1
2023-05-25,Amazon,Fashion,False,Normal Day,48,64,12.7,52632.51,1
2023-05-25,Amazon,Home & Kitchen,False,Normal Day,29,34,5.1,45835.07,1
2023-05-25,Amazon,Beauty & Personal Care,False,Normal Day,27,33,7.5,19181.8,0
2023-05-25,Amazon,Grocery,False,Normal Day,13,13,8.5,5569.02,0
2023-05-25,Amazon,Books,False,Normal Day,11,13,6.1,4662.73,0
2023-05-25,Amazon,Sports & Fitness,False,Normal Day,18,25,7.1,25266.91,0
2023-05-25,Flipkart,Electronics,False,Normal Day,54,54,14.7,147570.11,2
2023-05-25,Flipkart,Mobiles,False,Normal Day,68,96,14.4,1205729.99,2
2023-05-25,Flipkart,Fashion,False,Normal Day,38,46,9.3,39505.26,1
2023-05-25,Flipkart,Home & Kitchen,False,Normal Day,37,43,13.8,52149.23,1
2023-05-25,Flipkart,Beauty & Personal Care,False,Normal Day,31,34,14.8,18331.9,1
2023-05-25,Flipkart,Grocery,False,Normal Day,12,18,7.8,6701.36,0
2023-05-25,Flipkart,Books,False,Normal Day,14,15,6.4,5720.41,0
2023-05-25,Flipkart,Sports & Fitness,False,Normal Day,16,22,13.0,23137.0,0
2023-05-26,Amazon,Electronics,False,Normal Day,70,83,6.0,260311.26,3
2023-05-26,Amazon,Mobiles,False,Normal Day,57,62,11.0,781788.21,2
2023-05-26,Amazon,Fashion,False,Normal Day,48,69,7.0,60875.12,2
2023-05-26,Amazon,Home & Kitchen,False,Normal Day,32,42,11.7,52370.65,0
2023-05-26,Amazon,Beauty & Personal Care,False,Normal Day,19,19,10.4,11075.53,0
2023-05-26,Amazon,Grocery,False,Normal Day,24,30,7.7,11892.85,0
2023-05-26,Amazon,Books,False,Normal Day,12,12,14.3,3932.19,0
2023-05-26,Amazon,Sports & Fitness,False,Normal Day,14,18,9.4,18339.75,0
2023-05-26,Flipkart,Electronics,False,Normal Day,66,82,12.3,238951.1,2
2023-05-26,Flipkart,Mobiles,False,Normal Day,54,62,14.6,742566.15,2
2023-05-26,Flipkart,Fashion,False,Normal Day,40,47,7.2,42473.46,1
2023-05-26,Flipkart,Home & Kitchen,False,Normal Day,29,29,13.9,35374.81,1
2023-05-26,Flipkart,Beauty & Personal Care,False,Normal Day,19,19,9.1,11226.68,0
2023-05-26,Flipkart,Grocery,False,Normal Day,13,15,11.5,5529.53,0
2023-05-26,Flipkart,Books,False,Normal Day,6,8,11.0,2925.91,0
2023-05-26,Flipkart,Sports & Fitness,False,Normal Day,23,26,5.6,28292.31,0
2023-05-27,Amazon,Electronics,False,Normal Day,59,67,10.1,207275.09,2
2023-05-27,Amazon,Mobiles,False,Normal Day,83,107,5.1,1505647.01,4
2023-05-27,Amazon,Fashion,False,Normal Day,45,54,11.3,44143.32,1
2023-05-27,Amazon,Home & Kitchen,False,Normal Day,31,31,13.5,39866.54,1
2023-05-27,Amazon,Beauty & Personal Care,False,Normal Day,14,14,10.0,8509.53,0
2023-05-27,Amazon,Grocery,False,Normal Day,17,20,12.4,7547.22,0
2023-05-27,Amazon,Books,False,Normal Day,11,14,5.4,4922.22,0
2023-05-27,Amazon,Sports & Fitness,False,Normal Day,22,24,13.3,23309.97,0
2023-05-27,Flipkart,Electronics,False,Normal Day,72,72,14.3,210281.94,2
2023-05-27,Flipkart,Mobiles,False,Normal Day,72,72,5.7,1020020.45,3
2023-05-27,Flipkart,Fashion,False,Normal Day,43,43,5.1,37473.29,2
2023-05-27,Flipkart,Home & Kitchen,False,Normal Day,47,57,7.3,75057.41,1
2023-05-27,Flipkart,Beauty & Personal Care,False,Normal Day,32,32,6.4,19606.7,1
2023-05-27,Flipkart,Grocery,False,Normal Day,16,16,12.2,5820.92,0
2023-05-27,Flipkart,Books,False,Normal Day,16,16,11.5,5348.64,0
2023-05-27,Flipkart,Sports & Fitness,False,Normal Day,17,19,9.6,18657.42,0
2023-05-28,Amazon,Electronics,False,Normal Day,74,77,7.6,235667.32,2
2023-05-28,Amazon,Mobiles,False,Normal Day,67,85,10.3,1143583.62,3
2023-05-28,Amazon,Fashion,False,Normal Day,46,53,9.5,47189.72,1
2023-05-28,Amazon,Home & Kitchen,False,Normal Day,45,53,14.9,63916.98,1
2023-05-28,Amazon,Beauty & Personal Care,False,Normal Day,21,21,6.8,12781.56,0
2023-05-28,Amazon,Grocery,False,Normal Day,13,13,9.6,4702.26,0
2023-05-28,Amazon,Books,False,Normal Day,13,18,14.1,6331.31,0
2023-05-28,Amazon,Sports & Fitness,False,Normal Day,24,27,7.0,29201.65,0
2023-05-28,Flipkart,Electronics,False,Normal Day,71,78,11.1,221433.72,2
2023-05-28,Flipkart,Mobiles,False,Normal Day,75,97,7.1,1337367.43,1
2023-05-28,Flipkart,Fashion,False,Normal Day,35,47,13.8,37847.24,1
2023-05-28,Flipkart,Home & Kitchen,False,Normal Day,32,43,10.6,55609.67,0
2023-05-28,Flipkart,Beauty & Personal Care,False,Normal Day,21,27,7.6,17421.15,1
2023-05-28,Flipkart,Grocery,False,Normal Day,18,21,12.4,7723.32,0
2023-05-28,Flipkart,Books,False,Normal Day,14,17,6.2,6158.95,0
2023-05-28,Flipkart,Sports & Fitness,False,Normal Day,28,28,5.0,29598.94,0
2023-05-29,Amazon,Electronics,False,Normal Day,49,54,5.4,161978.21,1
2023-05-29,Amazon,Mobiles,False,Normal Day,81,106,8.5,1381690.33,4
2023-05-29,Amazon,Fashion,False,Normal Day,45,50,14.3,41336.13,1
2023-05-29,Amazon,Home & Kitchen,False,Normal Day,37,37,7.7,47528.86,1
2023-05-29,Amazon,Beauty & Personal Care,False,Normal Day,11,14,7.2,8750.58,0
2023-05-29,Amazon,Grocery,False,Normal Day,17,17,9.4,6451.03,0
2023-05-29,Amazon,Books,False,Normal Day,7,10,8.7,3434.55,0
2023-05-29,Amazon,Sports & Fitness,False,Normal Day,24,24,11.9,22942.46,1
2023-05-29,Flipkart,Electronics,False,Normal Day,56,62,11.7,183992.36,3
2023-05-29,Flipkart,Mobiles,False,Normal Day,69,88,10.8,1151544.49,3
2023-05-29,Flipkart,Fashion,False,Normal Day,27,28,15.0,21848.15,1
2023-05-29,Flipkart,Home & Kitchen,False,Normal Day,25,25,5.7,33654.69,0
2023-05-29,Flipkart,Beauty & Personal Care,False,Normal Day,24,33,14.1,18949.24,0
2023-05-29,Flipkart,Grocery,False,Normal Day,14,14,8.9,5456.32,0
2023-05-29,Flipkart,Books,False,Normal Day,13,13,11.4,4345.23,0
2023-05-29,Flipkart,Sports & Fitness,False,Normal Day,20,21,7.2,22948.53,0
2023-05-30,Amazon,Electronics,False,Normal Day,52,56,5.9,169755.41,2
2023-05-30,Amazon,Mobiles,False,Normal Day,88,104,6.2,1382775.83,4
2023-05-30,Amazon,Fashion,False,Normal Day,38,50,10.7,42693.93,1
2023-05-30,Amazon,Home & Kitchen,False,Normal Day,38,45,14.7,54504.54,1
2023-05-30,Amazon,Beauty & Personal Care,False,Normal Day,33,38,10.5,22374.89,1
2023-05-30,Amazon,Grocery,False,Normal Day,21,22,13.7,8401.82,0
2023-05-30,Amazon,Books,False,Normal Day,13,18,12.2,6473.6,0
2023-05-30,Amazon,Sports & Fitness,False,Normal Day,27,33,13.1,33087.03,1
2023-05-30,Flipkart,Electronics,False,Normal Day,54,61,13.5,180867.27,1
2023-05-30,Flipkart,Mobiles,False,Normal Day,66,74,12.3,999295.75,2
2023-05-30,Flipkart,Fashion,False,Normal Day,48,55,13.1,45050.84,2
2023-05-30,Flipkart,Home & Kitchen,False,Normal Day,35,49,10.1,62648.26,1
2023-05-30,Flipkart,Beauty & Personal Care,False,Normal Day,19,22,7.3,14109.19,0
2023-05-30,Flipkart,Grocery,False,Normal Day,4,4,5.1,1592.85,0
2023-05-30,Flipkart,Books,False,Normal Day,3,3,6.5,1306.16,0
2023-05-30,Flipkart,Sports & Fitness,False,Normal Day,25,31,5.5,33164.96,1
2023-05-31,Amazon,Electronics,False,Normal Day,48,61,9.1,178404.54,1
2023-05-31,Amazon,Mobiles,False,Normal Day,69,69,13.1,889992.21,1
2023-05-31,Amazon,Fashion,False,Normal Day,30,31,9.3,25971.19,1
2023-05-31,Amazon,Home & Kitchen,False,Normal Day,32,34,5.3,45425.63,1
2023-05-31,Amazon,Beauty & Personal Care,False,Normal Day,14,14,12.0,8134.94,0
2023-05-31,Amazon,Grocery,False,Normal Day,17,21,6.9,8489.0,0
2023-05-31,Amazon,Books,False,Normal Day,10,10,10.0,3506.48,0
2023-05-31,Amazon,Sports & Fitness,False,Normal Day,34,46,7.8,46894.15,0
2023-05-31,Flipkart,Electronics,False,Normal Day,48,50,11.4,146022.02,0
2023-05-31,Flipkart,Mobiles,False,Normal Day,82,94,5.8,1240182.63,1
2023-05-31,Flipkart,Fashion,False,Normal Day,32,39,9.7,34298.77,0
2023-05-31,Flipkart,Home & Kitchen,False,Normal Day,30,37,10.6,47038.28,0
2023-05-31,Flipkart,Beauty & Personal Care,False,Normal Day,23,25,7.3,15504.24,0
2023-05-31,Flipkart,Grocery,False,Normal Day,16,20,6.8,8165.41,0
2023-05-31,Flipkart,Books,False,Normal Day,15,15,12.0,5061.3,0
2023-05-31,Flipkart,Sports & Fitness,False,Normal Day,29,29,13.9,27922.13,0
2023-06-01,Amazon,Electronics,False,Normal Day,71,83,5.6,252067.45,2
2023-06-01,Amazon,Mobiles,False,Normal Day,60,60,9.1,822700.14,2
2023-06-01,Amazon,Fashion,False,Normal Day,34,34,8.0,29629.89,1
2023-06-01,Amazon,Home & Kitchen,False,Normal Day,39,49,9.3,61374.97,2
2023-06-01,Amazon,Beauty & Personal Care,False,Normal Day,30,30,9.3,18454.73,1
2023-06-01,Amazon,Grocery,False,Normal Day,9,9,5.1,3675.75,0
2023-06-01,Amazon,Books,False,Normal Day,4,4,6.6,1687.34,0
2023-06-01,Amazon,Sports & Fitness,False,Normal Day,25,29,11.3,29411.11,1
2023-06-01,Flipkart,Electronics,False,Normal Day,56,57,8.7,173643.43,1
2023-06-01,Flipkart,Mobiles,False,Normal Day,70,72,13.1,917173.98,3
2023-06-01,Flipkart,Fashion,False,Normal Day,28,28,14.1,22096.88,1
2023-06-01,Flipkart,Home & Kitchen,False,Normal Day,27,38,13.4,47698.61,1
2023-06-01,Flipkart,Beauty & Personal Care,False,Normal Day,22,23,9.3,13683.62,1
2023-06-01,Flipkart,Grocery,False,Normal Day,11,11,5.7,4332.42,0
2023-06-01,Flipkart,Books,False,Normal Day,10,12,6.2,4371.47,0
2023-06-01,Flipkart,Sports & Fitness,False,Normal Day,35,38,8.0,41120.46,1
2023-06-02,Amazon,Electronics,False,Normal Day,62,79,14.6,205571.1,3
2023-06-02,Amazon,Mobiles,False,Normal Day,80,89,12.8,1125179.12,3
2023-06-02,Amazon,Fashion,False,Normal Day,33,42,5.1,36411.28,0
2023-06-02,Amazon,Home & Kitchen,False,Normal Day,23,26,9.9,35137.22,1
2023-06-02,Amazon,Beauty & Personal Care,False,Normal Day,26,31,6.6,18392.61,0
2023-06-02,Amazon,Grocery,False,Normal Day,20,27,14.0,9755.33,1
2023-06-02,Amazon,Books,False,Normal Day,12,16,7.5,5634.59,0
2023-06-02,Amazon,Sports & Fitness,False,Normal Day,10,13,6.7,13345.47,0
2023-06-02,Flipkart,Electronics,False,Normal Day,48,62,6.4,178574.4,1
2023-06-02,Flipkart,Mobiles,False,Normal Day,86,113,14.1,1454225.67,2
2023-06-02,Flipkart,Fashion,False,Normal Day,42,55,8.7,49938.39,1
2023-06-02,Flipkart,Home & Kitchen,False,Normal Day,39,45,6.2,55272.88,2
2023-06-02,Flipkart,Beauty & Personal Care,False,Normal Day,15,18,10.7,10911.85,0
2023-06-02,Flipkart,Grocery,False,Normal Day,17,21,13.9,7755.33,0
2023-06-02,Flipkart,Books,False,Normal Day,14,17,5.1,6239.11,0
2023-06-02,Flipkart,Sports & Fitness,False,Normal Day,25,28,9.8,27818.15,1
2023-06-03,Amazon,Electronics,False,Normal Day,57,57,6.4,179054.73,2
2023-06-03,Amazon,Mobiles,False,Normal Day,58,68,6.2,912293.8,2
2023-06-03,Amazon,Fashion,False,Normal Day,40,47,8.4,40843.34,1
2023-06-03,Amazon,Home & Kitchen,False,Normal Day,43,58,9.1,74691.57,1
2023-06-03,Amazon,Beauty & Personal Care,False,Normal Day,27,30,14.8,17393.9,1
2023-06-03,Amazon,Grocery,False,Normal Day,23,28,5.2,11248.96,1
2023-06-03,Amazon,Books,False,Normal Day,16,19,9.9,7291.26,0
2023-06-03,Amazon,Sports & Fitness,False,Normal Day,39,39,11.6,37768.47,1
2023-06-03,Flipkart,Electronics,False,Normal Day,63,71,13.3,201376.94,3
2023-06-03,Flipkart,Mobiles,False,Normal Day,78,82,10.9,1078153.67,2
2023-06-03,Flipkart,Fashion,False,Normal Day,36,44,13.4,35603.04,1
2023-06-03,Flipkart,Home & Kitchen,False,Normal Day,33,37,11.1,46714.04,1
2023-06-03,Flipkart,Beauty & Personal Care,False,Normal Day,25,31,8.2,18303.88,0
2023-06-03,Flipkart,Grocery,False,Normal Day,18,21,10.5,8012.94,0
2023-06-03,Flipkart,Books,False,Normal Day,13,13,8.7,4406.04,0
2023-06-03,Flipkart,Sports & Fitness,False,Normal Day,37,45,11.0,45171.27,1
2023-06-04,Amazon,Electronics,False,Normal Day,78,80,12.1,229774.62,3
2023-06-04,Amazon,Mobiles,False,Normal Day,44,47,11.2,598073.99,1
2023-06-04,Amazon,Fashion,False,Normal Day,40,58,7.1,48247.57,1
2023-06-04,Amazon,Home & Kitchen,False,Normal Day,18,18,11.8,23101.82,0
2023-06-04,Amazon,Beauty & Personal Care,False,Normal Day,26,31,7.8,18719.35,0
2023-06-04,Amazon,Grocery,False,Normal Day,18,26,7.5,10237.9,0
2023-06-04,Amazon,Books,False,Normal Day,15,15,14.4,5200.36,0
2023-06-04,Amazon,Sports & Fitness,False,Normal Day,25,28,8.6,29412.36,1
2023-06-04,Flipkart,Electronics,False,Normal Day,93,93,12.9,244657.15,3
2023-06-04,Flipkart,Mobiles,False,Normal Day,78,94,12.0,1244607.49,3
2023-06-04,Flipkart,Fashion,False,Normal Day,47,49,12.2,41620.8,2
2023-06-04,Flipkart,Home & Kitchen,False,Normal Day,49,68,12.6,80828.63,2
2023-06-04,Flipkart,Beauty & Personal Care,False,Normal Day,26,28,11.8,16462.72,1
2023-06-04,Flipkart,Grocery,False,Normal Day,27,34,9.0,13641.52,1
2023-06-04,Flipkart,Books,False,Normal Day,13,15,8.7,5848.1,0
2023-06-04,Flipkart,Sports & Fitness,False,Normal Day,25,30,5.0,32207.24,1
2023-06-05,Amazon,Electronics,False,Normal Day,58,70,14.1,194908.47,3
2023-06-05,Amazon,Mobiles,False,Normal Day,55,71,8.5,913761.45,2
2023-06-05,Amazon,Fashion,False,Normal Day,32,36,6.0,33836.16,1
2023-06-05,Amazon,Home & Kitchen,False,Normal Day,48,57,11.8,69720.8,2
2023-06-05,Amazon,Beauty & Personal Care,False,Normal Day,31,33,6.2,20414.43,1
2023-06-05,Amazon,Grocery,False,Normal Day,12,15,10.7,5879.25,0
2023-06-05,Amazon,Books,False,Normal Day,12,17,5.5,6027.95,0
2023-06-05,Amazon,Sports & Fitness,False,Normal Day,24,34,10.8,32914.32,1
2023-06-05,Flipkart,Electronics,False,Normal Day,46,55,11.9,166613.03,1
2023-06-05,Flipkart,Mobiles,False,Normal Day,79,88,5.5,1201171.99,2
2023-06-05,Flipkart,Fashion,False,Normal Day,35,44,12.2,37130.61,1
2023-06-05,Flipkart,Home & Kitchen,False,Normal Day,38,50,6.7,65672.16,0
2023-06-05,Flipkart,Beauty & Personal Care,False,Normal Day,27,30,9.4,18564.45,0
2023-06-05,Flipkart,Grocery,False,Normal Day,15,20,9.4,7415.02,0
2023-06-05,Flipkart,Books,False,Normal Day,16,21,7.2,8164.15,0
2023-06-05,Flipkart,Sports & Fitness,False,Normal Day,19,20,6.5,21661.17,1
2023-06-06,Amazon,Electronics,False,Normal Day,75,85,9.0,236913.81,2
2023-06-06,Amazon,Mobiles,False,Normal Day,82,100,5.4,1422590.09,4
2023-06-06,Amazon,Fashion,False,Normal Day,32,41,12.8,35000.15,1
2023-06-06,Amazon,Home & Kitchen,False,Normal Day,35,41,13.7,51591.99,1
2023-06-06,Amazon,Beauty & Personal Care,False,Normal Day,25,27,9.4,17640.41,1
2023-06-06,Amazon,Grocery,False,Normal Day,19,19,13.5,6992.59,0
2023-06-06,Amazon,Books,False,Normal Day,12,14,8.0,5113.86,0
2023-06-06,Amazon,Sports & Fitness,False,Normal Day,17,21,12.0,20689.25,0
2023-06-06,Flipkart,Electronics,False,Normal Day,67,67,10.5,198389.86,1
2023-06-06,Flipkart,Mobiles,False,Normal Day,78,90,6.2,1283324.0,2
2023-06-06,Flipkart,Fashion,False,Normal Day,39,39,8.4,33269.23,2
2023-06-06,Flipkart,Home & Kitchen,False,Normal Day,49,56,6.0,76189.74,1
2023-06-06,Flipkart,Beauty & Personal Care,False,Normal Day,22,26,10.9,15427.17,1
2023-06-06,Flipkart,Grocery,False,Normal Day,15,16,7.1,6486.7,0
2023-06-06,Flipkart,Books,False,Normal Day,6,7,7.6,2712.26,0
2023-06-06,Flipkart,Sports & Fitness,False,Normal Day,16,17,13.9,16892.69,0
2023-06-07,Amazon,Electronics,False,Normal Day,50,69,9.6,206467.62,2
2023-06-07,Amazon,Mobiles,False,Normal Day,69,89,12.8,1110203.51,2
2023-06-07,Amazon,Fashion,False,Normal Day,50,61,7.5,56309.82,1
2023-06-07,Amazon,Home & Kitchen,False,Normal Day,34,35,13.7,44093.26,0
2023-06-07,Amazon,Beauty & Personal Care,False,Normal Day,20,20,8.0,12341.88,0
2023-06-07,Amazon,Grocery,False,Normal Day,19,19,13.8,6964.05,0
2023-06-07,Amazon,Books,False,Normal Day,20,26,11.8,9677.14,0
2023-06-07,Amazon,Sports & Fitness,False,Normal Day,18,20,13.5,18926.54,0
2023-06-07,Flipkart,Electronics,False,Normal Day,67,67,6.9,189511.91,3
2023-06-07,Flipkart,Mobiles,False,Normal Day,75,75,12.3,979346.46,3
2023-06-07,Flipkart,Fashion,False,Normal Day,26,34,5.3,32045.14,1
2023-06-07,Flipkart,Home & Kitchen,False,Normal Day,44,58,10.1,70526.17,2
2023-06-07,Flipkart,Beauty & Personal Care,False,Normal Day,21,23,7.1,13826.67,1
2023-06-07,Flipkart,Grocery,False,Normal Day,3,3,12.8,1095.02,0
2023-06-07,Flipkart,Books,False,Normal Day,16,20,13.7,6068.3,0
2023-06-07,Flipkart,Sports & Fitness,False,Normal Day,21,23,9.1,23532.14,0
2023-06-08,Amazon,Electronics,False,Normal Day,38,42,8.2,120741.13,2
2023-06-08,Amazon,Mobiles,False,Normal Day,60,77,13.5,1013843.01,2
2023-06-08,Amazon,Fashion,False,Normal Day,14,19,14.5,16024.94,0
2023-06-08,Amazon,Home & Kitchen,False,Normal Day,42,49,8.4,66131.66,2
2023-06-08,Amazon,Beauty & Personal Care,False,Normal Day,19,24,11.4,13145.04,0
2023-06-08,Amazon,Grocery,False,Normal Day,22,33,12.8,12389.55,0
2023-06-08,Amazon,Books,False,Normal Day,10,10,11.7,3593.36,0
2023-06-08,Amazon,Sports & Fitness,False,Normal Day,22,22,10.7,22054.86,1
2023-06-08,Flipkart,Electronics,False,Normal Day,52,75,9.4,219048.27,1
2023-06-08,Flipkart,Mobiles,False,Normal Day,57,57,5.4,783181.47,3
2023-06-08,Flipkart,Fashion,False,Normal Day,39,50,11.1,44083.8,1
2023-06-08,Flipkart,Home & Kitchen,False,Normal Day,45,61,7.1,78141.36,1
2023-06-08,Flipkart,Beauty & Personal Care,False,Normal Day,13,17,11.4,10024.99,0
2023-06-08,Flipkart,Grocery,False,Normal Day,12,16,5.1,6769.47,0
2023-06-08,Flipkart,Books,False,Normal Day,9,12,11.1,4373.66,0
2023-06-08,Flipkart,Sports & Fitness,False,Normal Day,16,18,13.0,16985.14,0
2023-06-09,Amazon,Electronics,False,Normal Day,76,103,5.2,299755.32,2
2023-06-09,Amazon,Mobiles,False,Normal Day,91,91,11.0,1178441.05,3
2023-06-09,Amazon,Fashion,False,Normal Day,38,38,6.2,32535.77,1
2023-06-09,Amazon,Home & Kitchen,False,Normal Day,30,36,12.5,45570.46,0
2023-06-09,Amazon,Beauty & Personal Care,False,Normal Day,20,26,6.2,16004.93,0
2023-06-09,Amazon,Grocery,False,Normal Day,16,17,13.6,6488.93,0
2023-06-09,Amazon,Books,False,Normal Day,15,16,6.7,6080.32,0
2023-06-09,Amazon,Sports & Fitness,False,Normal Day,17,17,7.9,17636.28,0
2023-06-09,Flipkart,Electronics,False,Normal Day,46,55,5.8,172702.79,2
2023-06-09,Flipkart,Mobiles,False,Normal Day,75,82,11.6,1068334.19,4
2023-06-09,Flipkart,Fashion,False,Normal Day,43,47,11.0,41443.28,1
2023-06-09,Flipkart,Home & Kitchen,False,Normal Day,41,49,12.0,61124.98,1
2023-06-09,Flipkart,Beauty & Personal Care,False,Normal Day,22,22,11.3,13027.79,0
2023-06-09,Flipkart,Grocery,False,Normal Day,13,13,14.4,4885.33,0
2023-06-09,Flipkart,Books,False,Normal Day,9,10,14.8,3507.4,0
2023-06-09,Flipkart,Sports & Fitness,False,Normal Day,20,27,12.6,26727.53,0
2023-06-10,Amazon,Electronics,False,Normal Day,96,135,13.5,373151.61,4
2023-06-10,Amazon,Mobiles,False,Normal Day,87,117,13.5,1503384.44,4
2023-06-10,Amazon,Fashion,False,Normal Day,54,62,5.6,55572.26,3
2023-06-10,Amazon,Home & Kitchen,False,Normal Day,41,56,7.1,72449.32,1
2023-06-10,Amazon,Beauty & Personal Care,False,Normal Day,24,26,6.0,17051.64,1
2023-06-10,Amazon,Grocery,False,Normal Day,19,25,8.0,10102.45,0
2023-06-10,Amazon,Books,False,Normal Day,8,9,7.9,3479.41,0
2023-06-10,Amazon,Sports & Fitness,False,Normal Day,28,33,13.3,32723.49,0
2023-06-10,Flipkart,Electronics,False,Normal Day,56,65,14.5,173165.09,3
2023-06-10,Flipkart,Mobiles,False,Normal Day,90,98,9.3,1185323.41,2
2023-06-10,Flipkart,Fashion,False,Normal Day,46,46,5.4,43475.77,1
2023-06-10,Flipkart,Home & Kitchen,False,Normal Day,39,51,6.3,70749.15,1
2023-06-10,Flipkart,Beauty & Personal Care,False,Normal Day,24,30,15.0,16399.42,0
2023-06-10,Flipkart,Grocery,False,Normal Day,18,20,5.6,8585.6,0
2023-06-10,Flipkart,Books,False,Normal Day,7,7,5.3,2661.99,0
2023-06-10,Flipkart,Sports & Fitness,False,Normal Day,47,53,11.5,51556.22,2
2023-06-11,Amazon,Electronics,False,Normal Day,67,70,14.1,194352.89,2
2023-06-11,Amazon,Mobiles,False,Normal Day,64,75,8.4,983512.28,3
2023-06-11,Amazon,Fashion,False,Normal Day,45,45,12.8,37590.68,1
2023-06-11,Amazon,Home & Kitchen,False,Normal Day,48,56,13.5,68201.11,2
2023-06-11,Amazon,Beauty & Personal Care,False,Normal Day,19,22,9.2,13343.45,0
2023-06-11,Amazon,Grocery,False,Normal Day,18,20,8.6,7805.33,0
2023-06-11,Amazon,Books,False,Normal Day,9,12,11.1,4363.88,0
2023-06-11,Amazon,Sports & Fitness,False,Normal Day,32,33,8.5,32962.85,0
2023-06-11,Flipkart,Electronics,False,Normal Day,72,72,7.7,197915.69,2
2023-06-11,Flipkart,Mobiles,False,Normal Day,60,61,13.8,742609.3,1
2023-06-11,Flipkart,Fashion,False,Normal Day,54,62,6.4,56019.56,1
2023-06-11,Flipkart,Home & Kitchen,False,Normal Day,44,48,13.4,60599.5,2
2023-06-11,Flipkart,Beauty & Personal Care,False,Normal Day,13,16,5.2,10409.72,0
2023-06-11,Flipkart,Grocery,False,Normal Day,8,8,14.9,3070.1,0
2023-06-11,Flipkart,Books,False,Normal Day,7,8,14.8,2921.23,0
2023-06-11,Flipkart,Sports & Fitness,False,Normal Day,26,29,12.5,27890.01,0
2023-06-12,Amazon,Electronics,False,Normal Day,72,96,6.2,294167.51,4
2023-06-12,Amazon,Mobiles,False,Normal Day,91,95,10.7,1264960.56,4
2023-06-12,Amazon,Fashion,False,Normal Day,48,61,8.5,54002.32,1
2023-06-12,Amazon,Home & Kitchen,False,Normal Day,43,53,13.6,67035.39,2
2023-06-12,Amazon,Beauty & Personal Care,False,Normal Day,31,31,10.7,18173.05,1
2023-06-12,Amazon,Grocery,False,Normal Day,20,23,12.5,9278.21,0
2023-06-12,Amazon,Books,False,Normal Day,12,12,5.1,4359.93,0
2023-06-12,Amazon,Sports & Fitness,False,Normal Day,30,30,5.5,32194.33,1
2023-06-12,Flipkart,Electronics,False,Normal Day,84,95,13.3,273962.48,2
2023-06-12,Flipkart,Mobiles,False,Normal Day,79,91,9.1,1202867.17,3
2023-06-12,Flipkart,Fashion,False,Normal Day,33,35,8.9,30058.76,1
2023-06-12,Flipkart,Home & Kitchen,False,Normal Day,32,32,11.7,39770.01,1
2023-06-12,Flipkart,Beauty & Personal Care,False,Normal Day,29,39,13.3,21353.15,1
2023-06-12,Flipkart,Grocery,False,Normal Day,16,19,11.6,6977.8,0
2023-06-12,Flipkart,Books,False,Normal Day,4,4,12.2,1519.85,0
2023-06-12,Flipkart,Sports & Fitness,False,Normal Day,29,41,14.7,37119.44,1
2023-06-13,Amazon,Electronics,False,Normal Day,68,85,14.2,234440.58,4
2023-06-13,Amazon,Mobiles,False,Normal Day,55,61,13.8,754681.14,2
2023-06-13,Amazon,Fashion,False,Normal Day,33,42,13.3,34892.27,0
2023-06-13,Amazon,Home & Kitchen,False,Normal Day,47,51,13.1,61205.73,2
2023-06-13,Amazon,Beauty & Personal Care,False,Normal Day,14,14,10.4,8702.73,0
2023-06-13,Amazon,Grocery,False,Normal Day,15,17,5.1,7249.94,0
2023-06-13,Amazon,Books,False,Normal Day,8,11,13.5,3946.82,0
2023-06-13,Amazon,Sports & Fitness,False,Normal Day,14,16,12.5,14837.89,0
2023-06-13,Flipkart,Electronics,False,Normal Day,44,45,6.8,133680.97,0
2023-06-13,Flipkart,Mobiles,False,Normal Day,68,97,11.3,1297698.7,3
2023-06-13,Flipkart,Fashion,False,Normal Day,38,38,11.3,31992.59,0
2023-06-13,Flipkart,Home & Kitchen,False,Normal Day,30,31,15.0,38000.94,1
2023-06-13,Flipkart,Beauty & Personal Care,False,Normal Day,16,16,7.4,9530.86,0
2023-06-13,Flipkart,Grocery,False,Normal Day,14,15,14.4,5714.38,0
2023-06-13,Flipkart,Books,False,Normal Day,6,7,13.7,2470.7,0
2023-06-13,Flipkart,Sports & Fitness,False,Normal Day,16,17,13.0,17411.15,0
2023-06-14,Amazon,Electronics,False,Normal Day,55,66,11.3,189066.92,2
2023-06-14,Amazon,Mobiles,False,Normal Day,60,78,13.9,1035515.93,3
2023-06-14,Amazon,Fashion,False,Normal Day,33,45,9.9,36660.05,0
2023-06-14,Amazon,Home & Kitchen,False,Normal Day,28,33,5.2,46691.62,0
2023-06-14,Amazon,Beauty & Personal Care,False,Normal Day,28,33,5.5,21310.17,1
2023-06-14,Amazon,Grocery,False,Normal Day,11,12,11.8,4678.16,0
2023-06-14,Amazon,Books,False,Normal Day,11,17,13.2,5681.69,0
2023-06-14,Amazon,Sports & Fitness,False,Normal Day,41,41,10.4,42843.38,0
2023-06-14,Flipkart,Electronics,False,Normal Day,40,41,10.8,124062.9,1
2023-06-14,Flipkart,Mobiles,False,Normal Day,56,69,14.4,878427.38,3
2023-06-14,Flipkart,Fashion,False,Normal Day,54,73,10.1,61913.9,2
2023-06-14,Flipkart,Home & Kitchen,False,Normal Day,37,40,8.0,52333.44,1
2023-06-14,Flipkart,Beauty & Personal Care,False,Normal Day,19,24,13.8,13491.68,0
2023-06-14,Flipkart,Grocery,False,Normal Day,16,23,7.1,8605.1,0
2023-06-14,Flipkart,Books,False,Normal Day,7,8,6.6,3016.16,0
2023-06-14,Flipkart,Sports & Fitness,False,Normal Day,27,29,10.7,27793.16,0
2023-06-15,Amazon,Electronics,False,Normal Day,76,115,14.5,320627.02,4
2023-06-15,Amazon,Mobiles,False,Normal Day,77,95,12.4,1236928.84,3
2023-06-15,Amazon,Fashion,False,Normal Day,39,47,5.8,42838.16,2
2023-06-15,Amazon,Home & Kitchen,False,Normal Day,25,33,10.8,42085.13,0
2023-06-15,Amazon,Beauty & Personal Care,False,Normal Day,20,25,14.0,14526.63,0
2023-06-15,Amazon,Grocery,False,Normal Day,6,9,14.8,3321.3,0
2023-06-15,Amazon,Books,False,Normal Day,15,19,6.9,6975.23,0
2023-06-15,Amazon,Sports & Fitness,False,Normal Day,29,35,14.6,34674.94,1
2023-06-15,Flipkart,Electronics,False,Normal Day,55,79,9.8,225842.37,1
2023-06-15,Flipkart,Mobiles,False,Normal Day,65,82,8.2,1138069.35,2
2023-06-15,Flipkart,Fashion,False,Normal Day,44,50,5.5,48125.01,2
2023-06-15,Flipkart,Home & Kitchen,False,Normal Day,39,39,9.8,51191.29,0
2023-06-15,Flipkart,Beauty & Personal Care,False,Normal Day,21,22,6.7,13842.32,1
2023-06-15,Flipkart,Grocery,False,Normal Day,20,23,14.9,8120.18,0
2023-06-15,Flipkart,Books,False,Normal Day,8,9,11.8,3151.08,0
2023-06-15,Flipkart,Sports & Fitness,False,Normal Day,16,19,12.0,18920.74,0
2023-06-16,Amazon,Electronics,False,Normal Day,59,61,14.9,169087.35,3
2023-06-16,Amazon,Mobiles,False,Normal Day,95,109,11.4,1420503.5,5
2023-06-16,Amazon,Fashion,False,Normal Day,48,62,7.6,54398.58,2
2023-06-16,Amazon,Home & Kitchen,False,Normal Day,21,30,8.4,36796.31,1
2023-06-16,Amazon,Beauty & Personal Care,False,Normal Day,21,21,11.1,11703.07,0
2023-06-16,Amazon,Grocery,False,Normal Day,14,15,8.2,5830.16,0
2023-06-16,Amazon,Books,False,Normal Day,11,11,5.2,4064.71,0
2023-06-16,Amazon,Sports & Fitness,False,Normal Day,23,32,12.8,32297.92,1
2023-06-16,Flipkart,Electronics,False,Normal Day,49,65,7.4,196956.95,2
2023-06-16,Flipkart,Mobiles,False,Normal Day,70,96,12.0,1219984.02,1
2023-06-16,Flipkart,Fashion,False,Normal Day,42,45,8.0,38492.24,0
2023-06-16,Flipkart,Home & Kitchen,False,Normal Day,54,54,11.2,66921.17,1
2023-06-16,Flipkart,Beauty & Personal Care,False,Normal Day,29,32,10.4,18971.62,1
2023-06-16,Flipkart,Grocery,False,Normal Day,17,20,11.6,7278.31,0
2023-06-16,Flipkart,Books,False,Normal Day,10,10,7.6,3408.03,0
2023-06-16,Flipkart,Sports & Fitness,False,Normal Day,24,24,8.7,24837.7,1
2023-06-17,Amazon,Electronics,False,Normal Day,62,67,11.8,197357.11,2
2023-06-17,Amazon,Mobiles,False,Normal Day,79,92,15.0,1126910.16,3
2023-06-17,Amazon,Fashion,False,Normal Day,49,53,8.2,47342.54,1
2023-06-17,Amazon,Home & Kitchen,False,Normal Day,32,47,7.5,60330.89,1
2023-06-17,Amazon,Beauty & Personal Care,False,Normal Day,20,23,13.0,12687.87,1
2023-06-17,Amazon,Grocery,False,Normal Day,16,16,8.4,6400.11,0
2023-06-17,Amazon,Books,False,Normal Day,10,12,10.1,4137.86,0
2023-06-17,Amazon,Sports & Fitness,False,Normal Day,29,30,13.9,28448.17,0
2023-06-17,Flipkart,Electronics,False,Normal Day,47,47,8.2,134935.75,2
2023-06-17,Flipkart,Mobiles,False,Normal Day,48,51,11.8,647619.24,1
2023-06-17,Flipkart,Fashion,False,Normal Day,48,48,13.8,39467.0,2
2023-06-17,Flipkart,Home & Kitchen,False,Normal Day,35,51,12.8,59872.49,1
2023-06-17,Flipkart,Beauty & Personal Care,False,Normal Day,19,23,9.9,13819.22,0
2023-06-17,Flipkart,Grocery,False,Normal Day,15,16,7.3,6324.92,0
2023-06-17,Flipkart,Books,False,Normal Day,14,15,7.9,5371.84,0
2023-06-17,Flipkart,Sports & Fitness,False,Normal Day,30,35,5.4,36257.81,0
2023-06-18,Amazon,Electronics,False,Normal Day,82,105,6.1,328699.4,1
2023-06-18,Amazon,Mobiles,False,Normal Day,66,77,7.3,993226.08,3
2023-06-18,Amazon,Fashion,False,Normal Day,50,54,9.7,47755.76,1
2023-06-18,Amazon,Home & Kitchen,False,Normal Day,34,42,8.2,50675.9,1
2023-06-18,Amazon,Beauty & Personal Care,False,Normal Day,30,34,9.9,19409.76,0
2023-06-18,Amazon,Grocery,False,Normal Day,17,20,12.5,7664.11,0
2023-06-18,Amazon,Books,False,Normal Day,8,8,5.0,2814.99,0
2023-06-18,Amazon,Sports & Fitness,False,Normal Day,24,26,5.4,27875.91,1
2023-06-18,Flipkart,Electronics,False,Normal Day,67,68,11.3,191431.45,2
2023-06-18,Flipkart,Mobiles,False,Normal Day,51,61,13.9,771854.07,1
2023-06-18,Flipkart,Fashion,False,Normal Day,44,44,13.1,37695.18,2
2023-06-18,Flipkart,Home & Kitchen,False,Normal Day,40,52,12.6,63120.16,2
2023-06-18,Flipkart,Beauty & Personal Care,False,Normal Day,34,37,7.7,22728.38,1
2023-06-18,Flipkart,Grocery,False,Normal Day,26,26,7.9,10246.05,1
2023-06-18,Flipkart,Books,False,Normal Day,15,18,7.9,6397.44,0
2023-06-18,Flipkart,Sports & Fitness,False,Normal Day,30,43,13.0,40319.4,1
2023-06-19,Amazon,Electronics,False,Normal Day,70,98,8.7,290920.44,2
2023-06-19,Amazon,Mobiles,False,Normal Day,56,65,13.8,814249.25,1
2023-06-19,Amazon,Fashion,False,Normal Day,46,50,8.6,45902.02,2
2023-06-19,Amazon,Home & Kitchen,False,Normal Day,34,38,14.4,44745.89,1
2023-06-19,Amazon,Beauty & Personal Care,False,Normal Day,25,25,13.8,14271.82,1
2023-06-19,Amazon,Grocery,False,Normal Day,14,18,15.0,6533.25,0
2023-06-19,Amazon,Books,False,Normal Day,14,14,13.0,4353.1,0
2023-06-19,Amazon,Sports & Fitness,False,Normal Day,25,28,5.9,28405.5,0
2023-06-19,Flipkart,Electronics,False,Normal Day,52,60,13.8,170446.29,2
2023-06-19,Flipkart,Mobiles,False,Normal Day,59,79,7.0,1085457.92,3
2023-06-19,Flipkart,Fashion,False,Normal Day,22,22,13.6,18195.97,0
2023-06-19,Flipkart,Home & Kitchen,False,Normal Day,31,38,10.7,45573.04,0
2023-06-19,Flipkart,Beauty & Personal Care,False,Normal Day,16,16,13.9,8576.2,0
2023-06-19,Flipkart,Grocery,False,Normal Day,8,9,6.1,3589.0,0
2023-06-19,Flipkart,Books,False,Normal Day,8,8,11.5,3087.5,0
2023-06-19,Flipkart,Sports & Fitness,False,Normal Day,26,35,14.8,33722.32,1
2023-06-20,Amazon,Electronics,False,Normal Day,83,88,13.9,250726.95,3
2023-06-20,Amazon,Mobiles,False,Normal Day,69,89,5.3,1205347.08,2
2023-06-20,Amazon,Fashion,False,Normal Day,25,25,8.4,22314.53,0
2023-06-20,Amazon,Home & Kitchen,False,Normal Day,36,39,7.7,49968.36,2
2023-06-20,Amazon,Beauty & Personal Care,False,Normal Day,28,29,9.3,17185.07,1
2023-06-20,Amazon,Grocery,False,Normal Day,15,19,10.2,7149.21,0
2023-06-20,Amazon,Books,False,Normal Day,18,18,13.0,5837.62,0
2023-06-20,Amazon,Sports & Fitness,False,Normal Day,22,27,6.7,28433.22,1
2023-06-20,Flipkart,Electronics,False,Normal Day,41,45,9.5,137942.39,1
2023-06-20,Flipkart,Mobiles,False,Normal Day,84,84,10.4,1056878.72,2
2023-06-20,Flipkart,Fashion,False,Normal Day,30,30,5.2,27688.86,0
2023-06-20,Flipkart,Home & Kitchen,False,Normal Day,25,25,8.3,32193.53,0
2023-06-20,Flipkart,Beauty & Personal Care,False,Normal Day,29,29,8.2,16912.49,1
2023-06-20,Flipkart,Grocery,False,Normal Day,22,25,11.3,9238.16,1
2023-06-20,Flipkart,Books,False,Normal Day,17,17,7.1,5924.2,0
2023-06-20,Flipkart,Sports & Fitness,False,Normal Day,17,17,5.3,17694.33,0
2023-06-21,Amazon,Electronics,False,Normal Day,61,67,5.7,201230.33,3
2023-06-21,Amazon,Mobiles,False,Normal Day,59,82,7.7,1118249.68,1
2023-06-21,Amazon,Fashion,False,Normal Day,40,49,9.7,42995.64,1
2023-06-21,Amazon,Home & Kitchen,False,Normal Day,51,58,10.9,74981.76,2
2023-06-21,Amazon,Beauty & Personal Care,False,Normal Day,17,17,7.2,10211.68,0
2023-06-21,Amazon,Grocery,False,Normal Day,12,12,14.9,4471.33,0
2023-06-21,Amazon,Books,False,Normal Day,9,11,9.4,3865.62,0
2023-06-21,Amazon,Sports & Fitness,False,Normal Day,31,40,9.0,39607.97,0
2023-06-21,Flipkart,Electronics,False,Normal Day,64,83,9.9,250069.02,3
2023-06-21,Flipkart,Mobiles,False,Normal Day,74,85,7.6,1132101.94,2
2023-06-21,Flipkart,Fashion,False,Normal Day,25,27,11.8,22395.39,1
2023-06-21,Flipkart,Home & Kitchen,False,Normal Day,22,22,10.4,26766.38,0
2023-06-21,Flipkart,Beauty & Personal Care,False,Normal Day,26,27,9.9,15965.34,1
2023-06-21,Flipkart,Grocery,False,Normal Day,18,22,9.2,8792.54,0
2023-06-21,Flipkart,Books,False,Normal Day,9,11,5.9,4089.55,0
2023-06-21,Flipkart,Sports & Fitness,False,Normal Day,23,23,13.2,23279.81,0
2023-06-22,Amazon,Electronics,False,Normal Day,58,70,9.9,199601.69,2
2023-06-22,Amazon,Mobiles,False,Normal Day,43,53,11.1,702895.38,0
2023-06-22,Amazon,Fashion,False,Normal Day,41,51,5.7,45286.08,2
2023-06-22,Amazon,Home & Kitchen,False,Normal Day,35,41,8.3,51766.34,2
2023-06-22,Amazon,Beauty & Personal Care,False,Normal Day,23,25,6.8,15759.43,1
2023-06-22,Amazon,Grocery,False,Normal Day,15,17,12.3,6792.42,0
2023-06-22,Amazon,Books,False,Normal Day,9,10,5.8,3642.86,0
2023-06-22,Amazon,Sports & Fitness,False,Normal Day,26,28,10.1,27915.93,1
2023-06-22,Flipkart,Electronics,False,Normal Day,50,54,14.8,148975.82,2
2023-06-22,Flipkart,Mobiles,False,Normal Day,68,86,12.9,1069704.41,4
2023-06-22,Flipkart,Fashion,False,Normal Day,37,37,8.2,33832.07,1
2023-06-22,Flipkart,Home & Kitchen,False,Normal Day,34,34,7.5,44404.87,1
2023-06-22,Flipkart,Beauty & Personal Care,False,Normal Day,17,18,5.4,11437.02,0
2023-06-22,Flipkart,Grocery,False,Normal Day,22,25,11.0,9625.77,0
2023-06-22,Flipkart,Books,False,Normal Day,12,12,14.3,4381.95,0
2023-06-22,Flipkart,Sports & Fitness,False,Normal Day,17,17,13.2,16080.35,0
2023-06-23,Amazon,Electronics,False,Normal Day,53,61,13.7,173665.11,2
2023-06-23,Amazon,Mobiles,False,Normal Day,55,63,6.4,822153.28,3
2023-06-23,Amazon,Fashion,False,Normal Day,48,50,7.6,44047.4,2
2023-06-23,Amazon,Home & Kitchen,False,Normal Day,38,46,14.2,56714.73,2
2023-06-23,Amazon,Beauty & Personal Care,False,Normal Day,15,19,11.0,12057.46,0
2023-06-23,Amazon,Grocery,False,Normal Day,13,13,12.9,4547.75,0
2023-06-23,Amazon,Books,False,Normal Day,19,19,13.8,6416.74,0
2023-06-23,Amazon,Sports & Fitness,False,Normal Day,28,38,13.9,36226.56,1
2023-06-23,Flipkart,Electronics,False,Normal Day,50,56,9.3,168043.22,2
2023-06-23,Flipkart,Mobiles,False,Normal Day,76,80,8.2,1074620.57,2
2023-06-23,Flipkart,Fashion,False,Normal Day,25,27,12.2,23342.56,0
2023-06-23,Flipkart,Home & Kitchen,False,Normal Day,31,33,10.3,38921.42,1
2023-06-23,Flipkart,Beauty & Personal Care,False,Normal Day,16,20,6.5,12432.4,0
2023-06-23,Flipkart,Grocery,False,Normal Day,21,22,8.3,8926.67,0
2023-06-23,Flipkart,Books,False,Normal Day,11,12,12.7,4116.78,0
2023-06-23,Flipkart,Sports & Fitness,False,Normal Day,30,30,5.9,32497.44,1
2023-06-24,Amazon,Electronics,False,Normal Day,62,74,9.9,207137.81,2
2023-06-24,Amazon,Mobiles,False,Normal Day,74,92,11.6,1183283.46,4
2023-06-24,Amazon,Fashion,False,Normal Day,49,53,8.6,47038.45,2
2023-06-24,Amazon,Home & Kitchen,False,Normal Day,44,45,5.4,61756.96,1
2023-06-24,Amazon,Beauty & Personal Care,False,Normal Day,17,17,9.8,10053.1,0
2023-06-24,Amazon,Grocery,False,Normal Day,24,28,9.2,10525.4,0
2023-06-24,Amazon,Books,False,Normal Day,12,12,6.6,4503.35,0
2023-06-24,Amazon,Sports & Fitness,False,Normal Day,32,43,10.9,41993.69,1
2023-06-24,Flipkart,Electronics,False,Normal Day,54,81,13.7,223341.39,1
2023-06-24,Flipkart,Mobiles,False,Normal Day,74,84,6.2,1168065.2,3
2023-06-24,Flipkart,Fashion,False,Normal Day,31,40,6.9,36950.85,0
2023-06-24,Flipkart,Home & Kitchen,False,Normal Day,32,41,7.2,53817.31,1
2023-06-24,Flipkart,Beauty & Personal Care,False,Normal Day,19,25,9.9,15168.07,0
2023-06-24,Flipkart,Grocery,False,Normal Day,21,26,6.5,10031.39,1
2023-06-24,Flipkart,Books,False,Normal Day,9,9,7.4,3039.12,0
2023-06-24,Flipkart,Sports & Fitness,False,Normal Day,26,31,12.7,30467.29,0
2023-06-25,Amazon,Electronics,False,Normal Day,73,93,9.1,277404.31,2
2023-06-25,Amazon,Mobiles,False,Normal Day,81,91,10.4,1209961.65,1
2023-06-25,Amazon,Fashion,False,Normal Day,56,60,6.1,54255.0,2
2023-06-25,Amazon,Home & Kitchen,False,Normal Day,35,40,10.2,51399.83,1
2023-06-25,Amazon,Beauty & Personal Care,False,Normal Day,21,21,5.4,13302.87,1
2023-06-25,Amazon,Grocery,False,Normal Day,20,23,8.4,8671.35,0
2023-06-25,Amazon,Books,False,Normal Day,12,12,8.2,4738.28,0
2023-06-25,Amazon,Sports & Fitness,False,Normal Day,20,22,9.3,23940.52,0
2023-06-25,Flipkart,Electronics,False,Normal Day,58,69,9.5,199551.95,3
2023-06-25,Flipkart,Mobiles,False,Normal Day,57,61,13.3,779109.96,2
2023-06-25,Flipkart,Fashion,False,Normal Day,47,61,8.2,54825.81,2
2023-06-25,Flipkart,Home & Kitchen,False,Normal Day,30,33,6.2,46551.02,1
2023-06-25,Flipkart,Beauty & Personal Care,False,Normal Day,29,31,13.7,17984.62,0
2023-06-25,Flipkart,Grocery,False,Normal Day,8,9,6.5,3893.46,0
2023-06-25,Flipkart,Books,False,Normal Day,14,16,14.4,5503.37,0
2023-06-25,Flipkart,Sports & Fitness,False,Normal Day,31,43,10.9,45483.69,1
2023-06-26,Amazon,Electronics,False,Normal Day,67,77,12.5,220225.08,1
2023-06-26,Amazon,Mobiles,False,Normal Day,78,102,6.4,1412500.49,4
2023-06-26,Amazon,Fashion,False,Normal Day,30,40,14.5,33755.75,1
2023-06-26,Amazon,Home & Kitchen,False,Normal Day,39,40,13.4,49246.74,1
2023-06-26,Amazon,Beauty & Personal Care,False,Normal Day,31,34,12.9,20024.87,1
2023-06-26,Amazon,Grocery,False,Normal Day,17,24,12.4,8715.46,0
2023-06-26,Amazon,Books,False,Normal Day,8,11,14.7,3657.75,0
2023-06-26,Amazon,Sports & Fitness,False,Normal Day,31,35,6.9,35980.26,0
2023-06-26,Flipkart,Electronics,False,Normal Day,60,70,11.4,202525.73,2
2023-06-26,Flipkart,Mobiles,False,Normal Day,93,111,5.5,1448123.0,2
2023-06-26,Flipkart,Fashion,False,Normal Day,29,35,13.1,28293.72,0
2023-06-26,Flipkart,Home & Kitchen,False,Normal Day,27,30,11.8,37374.14,1
2023-06-26,Flipkart,Beauty & Personal Care,False,Normal Day,20,23,5.4,14418.13,0
2023-06-26,Flipkart,Grocery,False,Normal Day,12,12,10.3,4856.55,0
2023-06-26,Flipkart,Books,False,Normal Day,10,13,12.2,4311.49,0
2023-06-26,Flipkart,Sports & Fitness,False,Normal Day,24,24,11.3,23208.43,0
2023-06-27,Amazon,Electronics,False,Normal Day,50,50,7.0,146982.06,1
2023-06-27,Amazon,Mobiles,False,Normal Day,73,75,14.7,920690.12,1
2023-06-27,Amazon,Fashion,False,Normal Day,29,36,5.8,33801.97,1
2023-06-27,Amazon,Home & Kitchen,False,Normal Day,52,58,8.4,82058.97,1
2023-06-27,Amazon,Beauty & Personal Care,False,Normal Day,17,22,5.3,14088.04,0
2023-06-27,Amazon,Grocery,False,Normal Day,13,14,9.4,5406.38,0
2023-06-27,Amazon,Books,False,Normal Day,12,18,7.4,6683.0,0
2023-06-27,Amazon,Sports & Fitness,False,Normal Day,29,35,8.7,36600.16,1
2023-06-27,Flipkart,Electronics,False,Normal Day,55,76,9.3,222226.29,2
2023-06-27,Flipkart,Mobiles,False,Normal Day,68,73,8.9,936833.28,1
2023-06-27,Flipkart,Fashion,False,Normal Day,21,23,7.5,18860.04,1
2023-06-27,Flipkart,Home & Kitchen,False,Normal Day,31,32,14.2,39851.78,1
2023-06-27,Flipkart,Beauty & Personal Care,False,Normal Day,31,41,8.0,24965.2,1
2023-06-27,Flipkart,Grocery,False,Normal Day,8,10,9.1,4248.16,0
2023-06-27,Flipkart,Books,False,Normal Day,12,14,7.0,4906.42,0
2023-06-27,Flipkart,Sports & Fitness,False,Normal Day,26,27,10.8,26769.69,1
2023-06-28,Amazon,Electronics,False,Normal Day,48,51,14.3,149188.64,2
2023-06-28,Amazon,Mobiles,False,Normal Day,78,78,12.3,976894.57,3
2023-06-28,Amazon,Fashion,False,Normal Day,42,56,13.3,47616.96,2
2023-06-28,Amazon,Home & Kitchen,False,Normal Day,31,38,6.9,51769.45,1
2023-06-28,Amazon,Beauty & Personal Care,False,Normal Day,30,40,9.2,23566.86,0
2023-06-28,Amazon,Grocery,False,Normal Day,10,13,13.7,5030.21,0
2023-06-28,Amazon,Books,False,Normal Day,14,18,10.4,6609.29,0
2023-06-28,Amazon,Sports & Fitness,False,Normal Day,27,27,7.3,27500.24,0
2023-06-28,Flipkart,Electronics,False,Normal Day,51,62,6.3,191327.97,1
2023-06-28,Flipkart,Mobiles,False,Normal Day,64,68,11.1,894920.44,1
2023-06-28,Flipkart,Fashion,False,Normal Day,39,48,6.8,46009.67,1
2023-06-28,Flipkart,Home & Kitchen,False,Normal Day,17,17,9.5,21888.3,0
2023-06-28,Flipkart,Beauty & Personal Care,False,Normal Day,20,22,5.9,14343.05,1
2023-06-28,Flipkart,Grocery,False,Normal Day,14,15,13.0,5638.8,0
2023-06-28,Flipkart,Books,False,Normal Day,7,7,12.8,2308.51,0
2023-06-28,Flipkart,Sports & Fitness,False,Normal Day,27,30,5.4,31953.19,0
2023-06-29,Amazon,Electronics,False,Normal Day,70,70,13.6,190270.17,2
2023-06-29,Amazon,Mobiles,False,Normal Day,58,82,6.2,1145008.39,1
2023-06-29,Amazon,Fashion,False,Normal Day,41,41,6.0,34728.84,1
2023-06-29,Amazon,Home & Kitchen,False,Normal Day,46,46,13.1,55220.93,2
2023-06-29,Amazon,Beauty & Personal Care,False,Normal Day,10,11,10.1,6342.05,0
2023-06-29,Amazon,Grocery,False,Normal Day,11,14,9.0,5839.38,0
2023-06-29,Amazon,Books,False,Normal Day,10,11,5.6,4145.57,0
2023-06-29,Amazon,Sports & Fitness,False,Normal Day,25,32,9.3,32774.83,0
2023-06-29,Flipkart,Electronics,False,Normal Day,56,78,7.9,211765.88,3
2023-06-29,Flipkart,Mobiles,False,Normal Day,61,65,5.9,872799.11,3
2023-06-29,Flipkart,Fashion,False,Normal Day,48,54,11.8,46517.52,2
2023-06-29,Flipkart,Home & Kitchen,False,Normal Day,36,36,11.8,43817.08,1
2023-06-29,Flipkart,Beauty & Personal Care,False,Normal Day,27,27,11.2,16218.63,1
2023-06-29,Flipkart,Grocery,False,Normal Day,12,14,8.2,5296.19,0
2023-06-29,Flipkart,Books,False,Normal Day,9,9,7.2,3025.66,0
2023-06-29,Flipkart,Sports & Fitness,False,Normal Day,26,33,13.5,33136.72,1
2023-06-30,Amazon,Electronics,False,Normal Day,42,42,8.4,123721.2,1
2023-06-30,Amazon,Mobiles,False,Normal Day,67,76,11.1,985389.16,1
2023-06-30,Amazon,Fashion,False,Normal Day,38,50,9.2,44463.78,2
2023-06-30,Amazon,Home & Kitchen,False,Normal Day,23,26,7.8,33335.36,0
2023-06-30,Amazon,Beauty & Personal Care,False,Normal Day,18,22,9.0,13531.5,0
2023-06-30,Amazon,Grocery,False,Normal Day,14,16,13.3,6101.55,0
2023-06-30,Amazon,Books,False,Normal Day,12,13,9.4,4509.04,0
2023-06-30,Amazon,Sports & Fitness,False,Normal Day,27,27,9.7,27284.06,1
2023-06-30,Flipkart,Electronics,False,Normal Day,35,43,13.7,121196.9,0
2023-06-30,Flipkart,Mobiles,False,Normal Day,73,73,10.3,934315.37,3
2023-06-30,Flipkart,Fashion,False,Normal Day,40,47,9.2,42698.2,1
2023-06-30,Flipkart,Home & Kitchen,False,Normal Day,32,39,6.3,50697.08,0
2023-06-30,Flipkart,Beauty & Personal Care,False,Normal Day,23,24,9.4,14661.02,1
2023-06-30,Flipkart,Grocery,False,Normal Day,15,21,8.5,8220.66,0
2023-06-30,Flipkart,Books,False,Normal Day,7,7,5.1,2603.95,0
2023-06-30,Flipkart,Sports & Fitness,False,Normal Day,30,36,12.9,36609.46,0
2023-07-01,Amazon,Electronics,False,Normal Day,60,60,6.6,182744.48,2
2023-07-01,Amazon,Mobiles,False,Normal Day,90,105,14.0,1308129.7,4
2023-07-01,Amazon,Fashion,False,Normal Day,28,31,10.9,27035.98,1
2023-07-01,Amazon,Home & Kitchen,False,Normal Day,44,56,14.9,68176.02,2
2023-07-01,Amazon,Beauty & Personal Care,False,Normal Day,18,18,7.0,11167.76,0
2023-07-01,Amazon,Grocery,False,Normal Day,17,20,12.4,7726.57,0
2023-07-01,Amazon,Books,False,Normal Day,15,15,7.4,5272.23,0
2023-07-01,Amazon,Sports & Fitness,False,Normal Day,29,41,12.6,39647.09,1
2023-07-01,Flipkart,Electronics,False,Normal Day,67,78,12.5,220508.75,3
2023-07-01,Flipkart,Mobiles,False,Normal Day,79,92,12.7,1086436.26,4
2023-07-01,Flipkart,Fashion,False,Normal Day,30,37,12.3,30736.11,1
2023-07-01,Flipkart,Home & Kitchen,False,Normal Day,41,44,10.2,56779.91,1
2023-07-01,Flipkart,Beauty & Personal Care,False,Normal Day,35,35,14.8,19701.75,1
2023-07-01,Flipkart,Grocery,False,Normal Day,19,19,9.3,7597.49,0
2023-07-01,Flipkart,Books,False,Normal Day,14,19,8.5,6892.57,0
2023-07-01,Flipkart,Sports & Fitness,False,Normal Day,42,43,5.2,44764.35,1
2023-07-02,Amazon,Electronics,False,Normal Day,56,61,10.0,176302.24,1
2023-07-02,Amazon,Mobiles,False,Normal Day,87,98,12.8,1243256.61,3
2023-07-02,Amazon,Fashion,False,Normal Day,45,45,14.2,36832.75,2
2023-07-02,Amazon,Home & Kitchen,False,Normal Day,33,42,12.7,53466.39,1
2023-07-02,Amazon,Beauty & Personal Care,False,Normal Day,25,28,5.1,17564.46,0
2023-07-02,Amazon,Grocery,False,Normal Day,16,17,9.4,6895.92,0
2023-07-02,Amazon,Books,False,Normal Day,10,10,7.3,3736.68,0
2023-07-02,Amazon,Sports & Fitness,False,Normal Day,29,33,9.5,31895.53,1
2023-07-02,Flipkart,Electronics,False,Normal Day,61,61,6.6,184897.29,2
2023-07-02,Flipkart,Mobiles,False,Normal Day,92,102,5.6,1371714.35,4
2023-07-02,Flipkart,Fashion,False,Normal Day,40,40,9.3,34908.93,1
2023-07-02,Flipkart,Home & Kitchen,False,Normal Day,39,42,8.3,56190.31,1
2023-07-02,Flipkart,Beauty & Personal Care,False,Normal Day,22,29,9.3,18106.46,1
2023-07-02,Flipkart,Grocery,False,Normal Day,16,16,10.2,6029.55,0
2023-07-02,Flipkart,Books,False,Normal Day,14,15,11.8,5048.1,0
2023-07-02,Flipkart,Sports & Fitness,False,Normal Day,24,34,6.9,35060.58,1
2023-07-03,Amazon,Electronics,False,Normal Day,54,58,7.7,184513.27,1
2023-07-03,Amazon,Mobiles,False,Normal Day,73,86,11.5,1077497.16,2
2023-07-03,Amazon,Fashion,False,Normal Day,42,51,10.0,41486.69,1
2023-07-03,Amazon,Home & Kitchen,False,Normal Day,26,32,6.1,41230.65,0
2023-07-03,Amazon,Beauty & Personal Care,False,Normal Day,26,28,5.0,17465.42,1
2023-07-03,Amazon,Grocery,False,Normal Day,22,22,9.5,8063.81,0
2023-07-03,Amazon,Books,False,Normal Day,14,18,13.2,6040.22,0
2023-07-03,Amazon,Sports & Fitness,False,Normal Day,17,23,5.1,24652.57,0
2023-07-03,Flipkart,Electronics,False,Normal Day,63,63,6.9,188089.0,1
2023-07-03,Flipkart,Mobiles,False,Normal Day,68,68,8.8,858193.45,2
2023-07-03,Flipkart,Fashion,False,Normal Day,30,39,7.4,34478.12,1
2023-07-03,Flipkart,Home & Kitchen,False,Normal Day,36,39,11.8,50411.4,1
2023-07-03,Flipkart,Beauty & Personal Care,False,Normal Day,14,15,13.8,8458.46,0
2023-07-03,Flipkart,Grocery,False,Normal Day,14,19,9.7,7635.01,0
2023-07-03,Flipkart,Books,False,Normal Day,9,9,10.6,3126.54,0
2023-07-03,Flipkart,Sports & Fitness,False,Normal Day,28,33,10.0,32986.72,1
2023-07-04,Amazon,Electronics,False,Normal Day,54,67,11.7,196933.8,2
2023-07-04,Amazon,Mobiles,False,Normal Day,87,87,10.6,1073797.35,3
2023-07-04,Amazon,Fashion,False,Normal Day,30,34,6.1,31838.71,1
2023-07-04,Amazon,Home & Kitchen,False,Normal Day,37,43,11.3,53046.62,2
2023-07-04,Amazon,Beauty & Personal Care,False,Normal Day,26,26,8.4,15944.14,0
2023-07-04,Amazon,Grocery,False,Normal Day,11,11,14.5,4086.04,0
2023-07-04,Amazon,Books,False,Normal Day,8,11,13.1,3568.45,0
2023-07-04,Amazon,Sports & Fitness,False,Normal Day,25,25,8.4,26080.02,0
2023-07-04,Flipkart,Electronics,False,Normal Day,37,37,6.6,111925.34,1
2023-07-04,Flipkart,Mobiles,False,Normal Day,76,96,8.8,1260271.15,1
2023-07-04,Flipkart,Fashion,False,Normal Day,42,55,14.1,44673.09,1
2023-07-04,Flipkart,Home & Kitchen,False,Normal Day,30,43,11.4,53543.1,0
2023-07-04,Flipkart,Beauty & Personal Care,False,Normal Day,22,27,5.5,16600.7,0
2023-07-04,Flipkart,Grocery,False,Normal Day,12,12,5.7,5035.05,0
2023-07-04,Flipkart,Books,False,Normal Day,7,7,11.8,2611.4,0
2023-07-04,Flipkart,Sports & Fitness,False,Normal Day,28,33,11.0,31492.67,0
2023-07-05,Amazon,Electronics,False,Normal Day,61,80,9.1,239052.48,2
2023-07-05,Amazon,Mobiles,False,Normal Day,68,73,9.5,958272.1,3
2023-07-05,Amazon,Fashion,False,Normal Day,49,49,7.2,43997.38,1
2023-07-05,Amazon,Home & Kitchen,False,Normal Day,36,41,11.2,52541.97,0
2023-07-05,Amazon,Beauty & Personal Care,False,Normal Day,22,22,10.3,13258.54,0
2023-07-05,Amazon,Grocery,False,Normal Day,14,16,13.8,6030.27,0
2023-07-05,Amazon,Books,False,Normal Day,9,9,9.9,3049.62,0
2023-07-05,Amazon,Sports & Fitness,False,Normal Day,29,29,12.1,28206.85,0
2023-07-05,Flipkart,Electronics,False,Normal Day,59,74,7.8,210063.23,1
2023-07-05,Flipkart,Mobiles,False,Normal Day,72,99,14.6,1221752.15,2
2023-07-05,Flipkart,Fashion,False,Normal Day,45,49,13.3,41887.64,1
2023-07-05,Flipkart,Home & Kitchen,False,Normal Day,40,46,8.8,63759.0,2
2023-07-05,Flipkart,Beauty & Personal Care,False,Normal Day,23,30,9.5,17988.53,0
2023-07-05,Flipkart,Grocery,False,Normal Day,13,15,10.0,6000.95,0
2023-07-05,Flipkart,Books,False,Normal Day,18,26,9.0,9390.24,0
2023-07-05,Flipkart,Sports & Fitness,False,Normal Day,25,25,10.7,25384.42,0
2023-07-06,Amazon,Electronics,False,Normal Day,53,57,12.2,160299.98,2
2023-07-06,Amazon,Mobiles,False,Normal Day,49,65,6.3,896462.04,1
2023-07-06,Amazon,Fashion,False,Normal Day,34,40,11.5,33915.28,0
2023-07-06,Amazon,Home & Kitchen,False,Normal Day,25,33,8.3,40759.1,0
2023-07-06,Amazon,Beauty & Personal Care,False,Normal Day,31,37,6.2,23602.49,1
2023-07-06,Amazon,Grocery,False,Normal Day,10,12,12.1,4526.3,0
2023-07-06,Amazon,Books,False,Normal Day,8,10,12.5,3383.18,0
2023-07-06,Amazon,Sports & Fitness,False,Normal Day,30,37,6.4,38870.63,1
2023-07-06,Flipkart,Electronics,False,Normal Day,52,52,12.6,147497.03,1
2023-07-06,Flipkart,Mobiles,False,Normal Day,62,73,12.8,964385.13,2
2023-07-06,Flipkart,Fashion,False,Normal Day,35,40,8.9,35923.66,1
2023-07-06,Flipkart,Home & Kitchen,False,Normal Day,31,41,5.0,58777.79,1
2023-07-06,Flipkart,Beauty & Personal Care,False,Normal Day,22,31,14.2,17370.06,1
2023-07-06,Flipkart,Grocery,False,Normal Day,17,18,8.3,6804.59,0
2023-07-06,Flipkart,Books,False,Normal Day,14,20,14.6,6436.02,0
2023-07-06,Flipkart,Sports & Fitness,False,Normal Day,28,34,8.1,36065.12,0
2023-07-07,Amazon,Electronics,False,Normal Day,51,51,10.3,153741.49,2
2023-07-07,Amazon,Mobiles,False,Normal Day,80,88,9.1,1103199.27,2
2023-07-07,Amazon,Fashion,False,Normal Day,49,55,13.9,47162.71,1
2023-07-07,Amazon,Home & Kitchen,False,Normal Day,31,35,5.4,45641.22,0
2023-07-07,Amazon,Beauty & Personal Care,False,Normal Day,17,19,11.9,10788.3,0
2023-07-07,Amazon,Grocery,False,Normal Day,18,22,14.0,8258.78,0
2023-07-07,Amazon,Books,False,Normal Day,10,10,6.1,3712.98,0
2023-07-07,Amazon,Sports & Fitness,False,Normal Day,27,34,11.8,34050.64,0
2023-07-07,Flipkart,Electronics,False,Normal Day,50,58,9.4,165588.85,2
2023-07-07,Flipkart,Mobiles,False,Normal Day,86,115,6.9,1602803.52,4
2023-07-07,Flipkart,Fashion,False,Normal Day,47,52,11.4,44189.87,1
2023-07-07,Flipkart,Home & Kitchen,False,Normal Day,29,31,5.7,39415.15,1
2023-07-07,Flipkart,Beauty & Personal Care,False,Normal Day,12,16,8.9,9662.33,0
2023-07-07,Flipkart,Grocery,False,Normal Day,28,33,6.1,13050.99,1
2023-07-07,Flipkart,Books,False,Normal Day,7,7,7.1,2534.39,0
2023-07-07,Flipkart,Sports & Fitness,False,Normal Day,22,25,8.1,25700.0,0
2023-07-08,Amazon,Electronics,False,Normal Day,51,55,15.0,145707.66,2
2023-07-08,Amazon,Mobiles,False,Normal Day,94,125,10.3,1649229.28,4
2023-07-08,Amazon,Fashion,False,Normal Day,53,68,12.1,55895.83,2
2023-07-08,Amazon,Home & Kitchen,False,Normal Day,49,68,14.6,82369.98,2
2023-07-08,Amazon,Beauty & Personal Care,False,Normal Day,20,22,13.3,12605.6,0
2023-07-08,Amazon,Grocery,False,Normal Day,16,19,14.6,6857.12,0
2023-07-08,Amazon,Books,False,Normal Day,23,31,14.1,10523.61,0
2023-07-08,Amazon,Sports & Fitness,False,Normal Day,22,22,10.4,20533.65,0
2023-07-08,Flipkart,Electronics,False,Normal Day,58,58,8.1,171006.91,1
2023-07-08,Flipkart,Mobiles,False,Normal Day,78,91,13.4,1168298.48,3
2023-07-08,Flipkart,Fashion,False,Normal Day,39,44,9.4,37584.22,1
2023-07-08,Flipkart,Home & Kitchen,False,Normal Day,59,60,14.4,75766.2,2
2023-07-08,Flipkart,Beauty & Personal Care,False,Normal Day,30,34,12.2,19591.28,0
2023-07-08,Flipkart,Grocery,False,Normal Day,17,19,12.3,7091.29,0
2023-07-08,Flipkart,Books,False,Normal Day,20,20,6.2,7420.46,0
2023-07-08,Flipkart,Sports & Fitness,False,Normal Day,29,29,6.3,29622.36,1
2023-07-09,Amazon,Electronics,False,Normal Day,53,61,14.8,165516.55,1
2023-07-09,Amazon,Mobiles,False,Normal Day,80,87,11.0,1075548.51,1
2023-07-09,Amazon,Fashion,False,Normal Day,41,43,9.6,36848.39,2
2023-07-09,Amazon,Home & Kitchen,False,Normal Day,38,52,13.4,66745.38,1
2023-07-09,Amazon,Beauty & Personal Care,False,Normal Day,18,20,14.9,11135.11,0
2023-07-09,Amazon,Grocery,False,Normal Day,15,17,13.4,6179.46,0
2023-07-09,Amazon,Books,False,Normal Day,12,16,7.1,5401.25,0
2023-07-09,Amazon,Sports & Fitness,False,Normal Day,23,27,14.8,24864.35,0
2023-07-09,Flipkart,Electronics,False,Normal Day,56,65,8.7,185172.59,1
2023-07-09,Flipkart,Mobiles,False,Normal Day,98,123,8.0,1753649.95,5
2023-07-09,Flipkart,Fashion,False,Normal Day,39,53,6.2,47467.15,0
2023-07-09,Flipkart,Home & Kitchen,False,Normal Day,36,39,10.6,51953.22,2
2023-07-09,Flipkart,Beauty & Personal Care,False,Normal Day,30,35,11.2,19806.6,1
2023-07-09,Flipkart,Grocery,False,Normal Day,22,22,5.0,8759.82,1
2023-07-09,Flipkart,Books,False,Normal Day,16,18,13.6,6069.61,0
2023-07-09,Flipkart,Sports & Fitness,False,Normal Day,20,25,13.9,24237.63,0
2023-07-10,Amazon,Electronics,False,Normal Day,73,86,5.6,268278.58,3
2023-07-10,Amazon,Mobiles,False,Normal Day,56,84,5.2,1159189.56,1
2023-07-10,Amazon,Fashion,False,Normal Day,48,60,5.5,51319.66,1
2023-07-10,Amazon,Home & Kitchen,False,Normal Day,38,50,7.5,68225.57,0
2023-07-10,Amazon,Beauty & Personal Care,False,Normal Day,15,19,7.4,12213.96,0
2023-07-10,Amazon,Grocery,False,Normal Day,16,16,7.1,6196.03,0
2023-07-10,Amazon,Books,False,Normal Day,19,21,10.6,7151.64,0
2023-07-10,Amazon,Sports & Fitness,False,Normal Day,24,27,14.3,26928.65,1
2023-07-10,Flipkart,Electronics,False,Normal Day,71,96,13.8,276605.72,2
2023-07-10,Flipkart,Mobiles,False,Normal Day,64,75,9.2,983912.3,1
2023-07-10,Flipkart,Fashion,False,Normal Day,38,46,12.2,40664.26,1
2023-07-10,Flipkart,Home & Kitchen,False,Normal Day,30,35,10.8,46577.07,1
2023-07-10,Flipkart,Beauty & Personal Care,False,Normal Day,23,26,14.8,14464.91,0
2023-07-10,Flipkart,Grocery,False,Normal Day,22,27,11.5,9837.89,0
2023-07-10,Flipkart,Books,False,Normal Day,10,10,7.2,3395.64,0
2023-07-10,Flipkart,Sports & Fitness,False,Normal Day,25,33,6.6,33821.34,1
2023-07-11,Amazon,Electronics,False,Normal Day,55,69,7.2,196104.16,3
2023-07-11,Amazon,Mobiles,False,Normal Day,48,53,10.5,697577.29,2
2023-07-11,Amazon,Fashion,False,Normal Day,48,55,8.7,46931.39,2
2023-07-11,Amazon,Home & Kitchen,False,Normal Day,24,29,7.1,38344.18,1
2023-07-11,Amazon,Beauty & Personal Care,False,Normal Day,20,25,14.3,14128.79,0
2023-07-11,Amazon,Grocery,False,Normal Day,12,14,10.3,5458.79,0
2023-07-11,Amazon,Books,False,Normal Day,8,8,5.6,3007.66,0
2023-07-11,Amazon,Sports & Fitness,False,Normal Day,27,29,9.1,28807.01,0
2023-07-11,Flipkart,Electronics,False,Normal Day,43,51,13.5,133856.9,1
2023-07-11,Flipkart,Mobiles,False,Normal Day,66,68,8.2,941245.47,1
2023-07-11,Flipkart,Fashion,False,Normal Day,40,42,13.6,34220.77,1
2023-07-11,Flipkart,Home & Kitchen,False,Normal Day,36,52,10.8,65556.92,1
2023-07-11,Flipkart,Beauty & Personal Care,False,Normal Day,17,17,14.2,9494.33,0
2023-07-11,Flipkart,Grocery,False,Normal Day,7,7,6.5,2772.97,0
2023-07-11,Flipkart,Books,False,Normal Day,13,15,14.7,5009.43,0
2023-07-11,Flipkart,Sports & Fitness,False,Normal Day,24,31,8.5,31827.23,1
2023-07-12,Amazon,Electronics,False,Normal Day,56,62,5.2,194693.71,1
2023-07-12,Amazon,Mobiles,False,Normal Day,81,93,5.8,1221706.09,4
2023-07-12,Amazon,Fashion,False,Normal Day,37,41,5.3,35102.68,1
2023-07-12,Amazon,Home & Kitchen,False,Normal Day,39,41,8.4,53077.35,1
2023-07-12,Amazon,Beauty & Personal Care,False,Normal Day,21,25,5.5,15459.65,0
2023-07-12,Amazon,Grocery,False,Normal Day,17,17,9.2,6738.54,0
2023-07-12,Amazon,Books,False,Normal Day,11,13,13.9,4351.71,0
2023-07-12,Amazon,Sports & Fitness,False,Normal Day,23,23,9.9,23444.75,0
2023-07-12,Flipkart,Electronics,False,Normal Day,59,70,12.2,190952.08,2
2023-07-12,Flipkart,Mobiles,False,Normal Day,63,79,5.8,1072744.45,2
2023-07-12,Flipkart,Fashion,False,Normal Day,37,52,13.4,43813.36,2
2023-07-12,Flipkart,Home & Kitchen,False,Normal Day,18,23,9.4,30801.19,0
2023-07-12,Flipkart,Beauty & Personal Care,False,Normal Day,28,28,10.2,17025.98,1
2023-07-12,Flipkart,Grocery,False,Normal Day,23,24,6.2,9759.09,0
2023-07-12,Flipkart,Books,False,Normal Day,17,19,12.6,6660.83,0
2023-07-12,Flipkart,Sports & Fitness,False,Normal Day,23,23,14.9,21688.67,0
2023-07-13,Amazon,Electronics,False,Normal Day,59,59,10.1,172328.51,2
2023-07-13,Amazon,Mobiles,False,Normal Day,82,91,9.5,1242034.79,3
2023-07-13,Amazon,Fashion,False,Normal Day,39,39,11.9,32917.06,1
2023-07-13,Amazon,Home & Kitchen,False,Normal Day,44,56,7.4,71468.55,1
2023-07-13,Amazon,Beauty & Personal Care,False,Normal Day,11,12,8.9,7382.26,0
2023-07-13,Amazon,Grocery,False,Normal Day,17,17,7.7,6810.3,0
2023-07-13,Amazon,Books,False,Normal Day,13,14,9.8,4885.51,0
2023-07-13,Amazon,Sports & Fitness,False,Normal Day,19,25,10.6,23805.64,1
2023-07-13,Flipkart,Electronics,False,Normal Day,48,64,7.6,185120.23,2
2023-07-13,Flipkart,Mobiles,False,Normal Day,68,78,7.3,1143499.93,3
2023-07-13,Flipkart,Fashion,False,Normal Day,43,61,14.3,49745.77,2
2023-07-13,Flipkart,Home & Kitchen,False,Normal Day,37,44,10.4,54946.32,1
2023-07-13,Flipkart,Beauty & Personal Care,False,Normal Day,17,23,7.8,13769.71,0
2023-07-13,Flipkart,Grocery,False,Normal Day,8,11,14.9,3985.52,0
2023-07-13,Flipkart,Books,False,Normal Day,17,25,10.1,8467.56,0
2023-07-13,Flipkart,Sports & Fitness,False,Normal Day,27,34,9.4,33957.41,1
2023-07-14,Amazon,Electronics,False,Normal Day,58,73,5.3,227066.08,1
2023-07-14,Amazon,Mobiles,False,Normal Day,81,81,6.9,1148695.38,4
2023-07-14,Amazon,Fashion,False,Normal Day,32,41,7.6,34716.01,0
2023-07-14,Amazon,Home & Kitchen,False,Normal Day,24,30,5.2,41634.96,0
2023-07-14,Amazon,Beauty & Personal Care,False,Normal Day,21,27,12.0,15335.18,0
2023-07-14,Amazon,Grocery,False,Normal Day,18,20,9.2,7437.44,0
2023-07-14,Amazon,Books,False,Normal Day,13,13,9.8,4476.59,0
2023-07-14,Amazon,Sports & Fitness,False,Normal Day,16,18,11.3,17933.93,0
2023-07-14,Flipkart,Electronics,False,Normal Day,61,72,8.0,208544.22,2
2023-07-14,Flipkart,Mobiles,False,Normal Day,82,88,8.3,1154222.39,4
2023-07-14,Flipkart,Fashion,False,Normal Day,31,40,11.7,34248.58,0
2023-07-14,Flipkart,Home & Kitchen,False,Normal Day,22,27,12.9,35441.48,0
2023-07-14,Flipkart,Beauty & Personal Care,False,Normal Day,14,19,7.3,11871.58,0
2023-07-14,Flipkart,Grocery,False,Normal Day,12,13,7.1,5269.0,0
2023-07-14,Flipkart,Books,False,Normal Day,13,13,7.4,4470.16,0
2023-07-14,Flipkart,Sports & Fitness,False,Normal Day,23,30,6.3,29578.13,1
2023-07-15,Amazon,Electronics,False,Normal Day,60,65,5.6,205644.84,1
2023-07-15,Amazon,Mobiles,False,Normal Day,89,101,10.3,1334070.16,3
2023-07-15,Amazon,Fashion,False,Normal Day,48,48,6.7,43023.42,2
2023-07-15,Amazon,Home & Kitchen,False,Normal Day,45,45,13.7,54895.2,2
2023-07-15,Amazon,Beauty & Personal Care,False,Normal Day,33,33,12.7,19384.78,1
2023-07-15,Amazon,Grocery,False,Normal Day,23,28,6.6,11650.81,0
2023-07-15,Amazon,Books,False,Normal Day,10,10,7.2,3459.94,0
2023-07-15,Amazon,Sports & Fitness,False,Normal Day,23,23,5.4,24693.24,0
2023-07-15,Flipkart,Electronics,False,Normal Day,75,75,11.7,222636.06,2
2023-07-15,Flipkart,Mobiles,False,Normal Day,72,79,9.1,1044146.66,2
2023-07-15,Flipkart,Fashion,False,Normal Day,42,51,11.7,42787.86,0
2023-07-15,Flipkart,Home & Kitchen,False,Normal Day,30,37,11.4,45771.23,1
2023-07-15,Flipkart,Beauty & Personal Care,False,Normal Day,29,36,10.0,20825.38,1
2023-07-15,Flipkart,Grocery,False,Normal Day,21,21,5.3,8735.86,0
2023-07-15,Flipkart,Books,False,Normal Day,11,13,9.3,4574.25,0
2023-07-15,Flipkart,Sports & Fitness,False,Normal Day,25,25,12.1,25105.56,1
2023-07-16,Amazon,Electronics,False,Normal Day,67,85,12.9,245738.03,2
2023-07-16,Amazon,Mobiles,False,Normal Day,92,95,6.4,1263507.01,2
2023-07-16,Amazon,Fashion,False,Normal Day,41,49,11.4,42208.28,2
2023-07-16,Amazon,Home & Kitchen,False,Normal Day,31,37,5.3,48349.62,0
2023-07-16,Amazon,Beauty & Personal Care,False,Normal Day,33,38,12.4,23476.91,1
2023-07-16,Amazon,Grocery,False,Normal Day,20,22,12.1,8435.83,0
2023-07-16,Amazon,Books,False,Normal Day,7,10,12.2,3495.99,0
2023-07-16,Amazon,Sports & Fitness,False,Normal Day,42,52,11.6,50827.75,1
2023-07-16,Flipkart,Electronics,False,Normal Day,52,53,5.5,165446.97,1
2023-07-16,Flipkart,Mobiles,False,Normal Day,91,107,8.3,1450107.59,4
2023-07-16,Flipkart,Fashion,False,Normal Day,69,81,14.5,64380.71,1
2023-07-16,Flipkart,Home & Kitchen,False,Normal Day,48,65,5.1,83343.55,1
2023-07-16,Flipkart,Beauty & Personal Care,False,Normal Day,33,37,6.0,22842.06,1
2023-07-16,Flipkart,Grocery,False,Normal Day,12,13,10.2,4992.54,0
2023-07-16,Flipkart,Books,False,Normal Day,10,12,11.6,4250.35,0
2023-07-16,Flipkart,Sports & Fitness,False,Normal Day,37,42,7.5,43452.54,1
2023-07-17,Amazon,Electronics,False,Normal Day,56,73,5.6,216393.56,2
2023-07-17,Amazon,Mobiles,False,Normal Day,72,78,12.7,992948.41,2
2023-07-17,Amazon,Fashion,False,Normal Day,40,49,13.1,41107.73,1
2023-07-17,Amazon,Home & Kitchen,False,Normal Day,36,38,6.8,48488.09,1
2023-07-17,Amazon,Beauty & Personal Care,False,Normal Day,17,20,6.4,12685.34,0
2023-07-17,Amazon,Grocery,False,Normal Day,16,19,9.0,7838.21,0
2023-07-17,Amazon,Books,False,Normal Day,16,16,9.6,5391.65,0
2023-07-17,Amazon,Sports & Fitness,False,Normal Day,29,38,12.0,37300.79,1
2023-07-17,Flipkart,Electronics,False,Normal Day,63,78,10.6,232159.91,2
2023-07-17,Flipkart,Mobiles,False,Normal Day,60,83,8.1,1088655.19,3
2023-07-17,Flipkart,Fashion,False,Normal Day,52,52,11.1,42472.77,1
2023-07-17,Flipkart,Home & Kitchen,False,Normal Day,42,65,6.9,85502.93,1
2023-07-17,Flipkart,Beauty & Personal Care,False,Normal Day,21,21,12.8,12215.08,0
2023-07-17,Flipkart,Grocery,False,Normal Day,19,23,13.6,8423.36,1
2023-07-17,Flipkart,Books,False,Normal Day,14,15,7.5,5443.21,0
2023-07-17,Flipkart,Sports & Fitness,False,Normal Day,25,31,14.3,28751.66,1
2023-07-18,Amazon,Electronics,False,Normal Day,60,79,7.7,223007.61,2
2023-07-18,Amazon,Mobiles,False,Normal Day,82,89,7.9,1205151.01,1
2023-07-18,Amazon,Fashion,False,Normal Day,54,66,14.8,50845.18,1
2023-07-18,Amazon,Home & Kitchen,False,Normal Day,26,26,7.4,32062.04,1
2023-07-18,Amazon,Beauty & Personal Care,False,Normal Day,22,25,7.0,15323.16,0
2023-07-18,Amazon,Grocery,False,Normal Day,13,13,5.9,5757.35,0
2023-07-18,Amazon,Books,False,Normal Day,8,10,8.2,3733.03,0
2023-07-18,Amazon,Sports & Fitness,False,Normal Day,27,36,11.6,33912.69,0
2023-07-18,Flipkart,Electronics,False,Normal Day,49,55,9.7,164264.76,2
2023-07-18,Flipkart,Mobiles,False,Normal Day,67,81,6.7,1094518.83,2
2023-07-18,Flipkart,Fashion,False,Normal Day,51,68,11.4,56901.91,1
2023-07-18,Flipkart,Home & Kitchen,False,Normal Day,31,31,6.1,40830.08,1
2023-07-18,Flipkart,Beauty & Personal Care,False,Normal Day,24,29,13.4,17062.61,0
2023-07-18,Flipkart,Grocery,False,Normal Day,22,25,8.2,9660.66,1
2023-07-18,Flipkart,Books,False,Normal Day,20,20,12.2,6628.33,1
2023-07-18,Flipkart,Sports & Fitness,False,Normal Day,18,20,13.5,19649.34,0
2023-07-19,Amazon,Electronics,False,Normal Day,53,56,12.0,164196.31,2
2023-07-19,Amazon,Mobiles,False,Normal Day,73,98,10.0,1279182.46,3
2023-07-19,Amazon,Fashion,False,Normal Day,60,62,6.6,54426.93,1
2023-07-19,Amazon,Home & Kitchen,False,Normal Day,32,38,9.3,50422.7,1
2023-07-19,Amazon,Beauty & Personal Care,False,Normal Day,18,24,12.2,13373.05,0
2023-07-19,Amazon,Grocery,False,Normal Day,17,20,15.0,7242.98,0
2023-07-19,Amazon,Books,False,Normal Day,9,10,13.3,3553.62,0
2023-07-19,Amazon,Sports & Fitness,False,Normal Day,29,35,13.3,34487.28,1
2023-07-19,Flipkart,Electronics,False,Normal Day,63,67,9.7,192767.66,3
2023-07-19,Flipkart,Mobiles,False,Normal Day,65,67,8.9,938241.13,3
2023-07-19,Flipkart,Fashion,False,Normal Day,33,33,13.3,26679.14,1
2023-07-19,Flipkart,Home & Kitchen,False,Normal Day,37,45,10.1,57531.32,0
2023-07-19,Flipkart,Beauty & Personal Care,False,Normal Day,20,20,12.7,11214.89,0
2023-07-19,Flipkart,Grocery,False,Normal Day,12,15,12.3,5365.22,0
2023-07-19,Flipkart,Books,False,Normal Day,7,9,11.8,3093.3,0
2023-07-19,Flipkart,Sports & Fitness,False,Normal Day,15,16,8.8,15648.04,0
2023-07-20,Amazon,Electronics,False,Normal Day,41,48,5.5,150676.7,1
2023-07-20,Amazon,Mobiles,False,Normal Day,66,90,10.9,1131074.68,2
2023-07-20,Amazon,Fashion,False,Normal Day,30,34,6.4,30043.92,1
2023-07-20,Amazon,Home & Kitchen,False,Normal Day,32,35,7.0,44603.15,1
2023-07-20,Amazon,Beauty & Personal Care,False,Normal Day,22,22,14.2,12011.69,0
2023-07-20,Amazon,Grocery,False,Normal Day,19,22,14.4,8302.57,0
2023-07-20,Amazon,Books,False,Normal Day,12,13,14.9,4621.46,0
2023-07-20,Amazon,Sports & Fitness,False,Normal Day,32,34,6.9,35418.89,1
2023-07-20,Flipkart,Electronics,False,Normal Day,46,59,11.7,170231.0,1
2023-07-20,Flipkart,Mobiles,False,Normal Day,56,64,10.3,879028.29,2
2023-07-20,Flipkart,Fashion,False,Normal Day,29,38,9.9,32308.7,1
2023-07-20,Flipkart,Home & Kitchen,False,Normal Day,43,52,10.9,69639.94,1
2023-07-20,Flipkart,Beauty & Personal Care,False,Normal Day,27,29,11.6,18099.41,0
2023-07-20,Flipkart,Grocery,False,Normal Day,12,12,12.4,4528.39,0
2023-07-20,Flipkart,Books,False,Normal Day,12,12,7.2,4274.51,0
2023-07-20,Flipkart,Sports & Fitness,False,Normal Day,27,37,12.0,36757.09,0
2023-07-21,Amazon,Electronics,False,Normal Day,73,73,13.9,198525.7,1
2023-07-21,Amazon,Mobiles,False,Normal Day,61,76,7.8,971787.4,3
2023-07-21,Amazon,Fashion,False,Normal Day,43,52,10.4,44603.81,1
2023-07-21,Amazon,Home & Kitchen,False,Normal Day,36,40,8.1,51190.25,0
2023-07-21,Amazon,Beauty & Personal Care,False,Normal Day,11,11,5.5,7184.92,0
2023-07-21,Amazon,Grocery,False,Normal Day,21,21,12.1,7866.89,0
2023-07-21,Amazon,Books,False,Normal Day,4,4,5.6,1469.94,0
2023-07-21,Amazon,Sports & Fitness,False,Normal Day,30,30,12.6,29090.54,0
2023-07-21,Flipkart,Electronics,False,Normal Day,63,79,6.9,237120.88,2
2023-07-21,Flipkart,Mobiles,False,Normal Day,82,99,14.0,1275516.27,3
2023-07-21,Flipkart,Fashion,False,Normal Day,44,63,9.0,53891.72,1
2023-07-21,Flipkart,Home & Kitchen,False,Normal Day,40,45,10.3,57178.28,2
2023-07-21,Flipkart,Beauty & Personal Care,False,Normal Day,23,23,6.4,14224.8,1
2023-07-21,Flipkart,Grocery,False,Normal Day,16,16,11.4,6114.44,0
2023-07-21,Flipkart,Books,False,Normal Day,7,10,11.8,3399.1,0
2023-07-21,Flipkart,Sports & Fitness,False,Normal Day,15,21,11.3,20906.01,0
2023-07-22,Amazon,Electronics,False,Normal Day,84,105,12.9,305475.14,3
2023-07-22,Amazon,Mobiles,False,Normal Day,115,142,6.5,1968284.86,5
2023-07-22,Amazon,Fashion,False,Normal Day,37,46,9.8,42635.36,0
2023-07-22,Amazon,Home & Kitchen,False,Normal Day,35,46,8.6,62123.51,0
2023-07-22,Amazon,Beauty & Personal Care,False,Normal Day,34,39,8.2,22079.19,0
2023-07-22,Amazon,Grocery,False,Normal Day,26,29,13.1,10713.49,1
2023-07-22,Amazon,Books,False,Normal Day,4,4,12.2,1673.73,0
2023-07-22,Amazon,Sports & Fitness,False,Normal Day,18,20,8.2,20471.85,0
2023-07-22,Flipkart,Electronics,False,Normal Day,48,62,13.7,171103.99,0
2023-07-22,Flipkart,Mobiles,False,Normal Day,97,136,12.9,1736270.8,2
2023-07-22,Flipkart,Fashion,False,Normal Day,44,60,9.4,51390.91,2
2023-07-22,Flipkart,Home & Kitchen,False,Normal Day,49,66,13.3,80656.44,1
2023-07-22,Flipkart,Beauty & Personal Care,False,Normal Day,17,20,13.5,11988.83,0
2023-07-22,Flipkart,Grocery,False,Normal Day,15,18,11.8,6787.79,0
2023-07-22,Flipkart,Books,False,Normal Day,8,10,10.0,3774.47,0
2023-07-22,Flipkart,Sports & Fitness,False,Normal Day,26,30,13.6,28648.53,1
2023-07-23,Amazon,Electronics,False,Normal Day,69,83,8.6,235742.61,3
2023-07-23,Amazon,Mobiles,False,Normal Day,69,76,14.7,950099.18,1
2023-07-23,Amazon,Fashion,False,Normal Day,32,32,6.4,26872.03,0
2023-07-23,Amazon,Home & Kitchen,False,Normal Day,57,67,13.7,79376.6,2
2023-07-23,Amazon,Beauty & Personal Care,False,Normal Day,27,31,7.6,18179.2,1
2023-07-23,Amazon,Grocery,False,Normal Day,15,19,8.3,7376.26,0
2023-07-23,Amazon,Books,False,Normal Day,11,12,13.1,4086.06,0
2023-07-23,Amazon,Sports & Fitness,False,Normal Day,21,25,6.7,27142.58,0
2023-07-23,Flipkart,Electronics,False,Normal Day,85,85,6.4,258415.29,4
2023-07-23,Flipkart,Mobiles,False,Normal Day,82,91,13.1,1174554.08,2
2023-07-23,Flipkart,Fashion,False,Normal Day,38,40,6.2,35951.43,1
2023-07-23,Flipkart,Home & Kitchen,False,Normal Day,28,40,9.4,49868.91,1
2023-07-23,Flipkart,Beauty & Personal Care,False,Normal Day,26,26,13.7,14724.09,1
2023-07-23,Flipkart,Grocery,False,Normal Day,16,16,12.8,5509.58,0
2023-07-23,Flipkart,Books,False,Normal Day,15,16,7.0,6015.78,0
2023-07-23,Flipkart,Sports & Fitness,False,Normal Day,37,44,14.6,40344.35,2
2023-07-24,Amazon,Electronics,False,Normal Day,44,46,5.3,140885.22,1
2023-07-24,Amazon,Mobiles,False,Normal Day,52,58,14.4,735425.18,3
2023-07-24,Amazon,Fashion,False,Normal Day,50,59,14.8,48538.28,1
2023-07-24,Amazon,Home & Kitchen,False,Normal Day,39,55,13.6,65887.46,1
2023-07-24,Amazon,Beauty & Personal Care,False,Normal Day,18,21,9.3,13231.96,0
2023-07-24,Amazon,Grocery,False,Normal Day,19,19,14.5,6919.41,0
2023-07-24,Amazon,Books,False,Normal Day,6,6,6.1,2538.33,0
2023-07-24,Amazon,Sports & Fitness,False,Normal Day,9,12,12.6,11624.67,0
2023-07-24,Flipkart,Electronics,False,Normal Day,69,80,8.2,234161.98,2
2023-07-24,Flipkart,Mobiles,False,Normal Day,78,95,5.6,1387435.64,2
2023-07-24,Flipkart,Fashion,False,Normal Day,30,30,14.0,24817.16,1
2023-07-24,Flipkart,Home & Kitchen,False,Normal Day,31,44,14.1,53289.03,1
2023-07-24,Flipkart,Beauty & Personal Care,False,Normal Day,16,16,6.6,9882.79,0
2023-07-24,Flipkart,Grocery,False,Normal Day,10,10,14.9,3470.65,0
2023-07-24,Flipkart,Books,False,Normal Day,15,18,6.8,6558.13,0
2023-07-24,Flipkart,Sports & Fitness,False,Normal Day,25,26,14.7,24614.86,0
2023-07-25,Amazon,Electronics,False,Normal Day,57,67,8.4,201723.57,1
2023-07-25,Amazon,Mobiles,False,Normal Day,78,78,5.8,1044946.82,3
2023-07-25,Amazon,Fashion,False,Normal Day,34,39,12.4,32134.22,1
2023-07-25,Amazon,Home & Kitchen,False,Normal Day,32,38,11.2,48077.5,1
2023-07-25,Amazon,Beauty & Personal Care,False,Normal Day,19,24,11.1,13900.37,1
2023-07-25,Amazon,Grocery,False,Normal Day,24,28,14.1,10178.27,1
2023-07-25,Amazon,Books,False,Normal Day,10,12,8.7,4540.66,0
2023-07-25,Amazon,Sports & Fitness,False,Normal Day,18,27,12.5,24357.94,0
2023-07-25,Flipkart,Electronics,False,Normal Day,67,67,7.1,192254.15,2
2023-07-25,Flipkart,Mobiles,False,Normal Day,78,101,7.8,1389509.24,1
2023-07-25,Flipkart,Fashion,False,Normal Day,37,44,11.8,38077.11,1
2023-07-25,Flipkart,Home & Kitchen,False,Normal Day,23,26,6.6,34797.39,0
2023-07-25,Flipkart,Beauty & Personal Care,False,Normal Day,21,21,12.9,12043.13,0
2023-07-25,Flipkart,Grocery,False,Normal Day,23,23,8.1,8771.54,0
2023-07-25,Flipkart,Books,False,Normal Day,3,3,5.4,1068.23,0
2023-07-25,Flipkart,Sports & Fitness,False,Normal Day,20,29,12.4,28530.56,0
2023-07-26,Amazon,Electronics,False,Normal Day,38,47,14.8,125446.56,2
2023-07-26,Amazon,Mobiles,False,Normal Day,73,86,9.3,1188369.64,4
2023-07-26,Amazon,Fashion,False,Normal Day,35,43,9.6,38316.54,0
2023-07-26,Amazon,Home & Kitchen,False,Normal Day,32,34,5.7,46016.15,1
2023-07-26,Amazon,Beauty & Personal Care,False,Normal Day,24,24,7.1,13936.77,0
2023-07-26,Amazon,Grocery,False,Normal Day,11,13,10.4,5292.37,0
2023-07-26,Amazon,Books,False,Normal Day,7,9,11.0,3197.6,0
2023-07-26,Amazon,Sports & Fitness,False,Normal Day,19,22,12.3,21518.86,0
2023-07-26,Flipkart,Electronics,False,Normal Day,52,62,8.4,183426.89,1
2023-07-26,Flipkart,Mobiles,False,Normal Day,58,61,12.9,781835.73,3
2023-07-26,Flipkart,Fashion,False,Normal Day,32,36,11.6,32018.33,1
2023-07-26,Flipkart,Home & Kitchen,False,Normal Day,36,41,10.5,51253.51,1
2023-07-26,Flipkart,Beauty & Personal Care,False,Normal Day,17,17,10.4,9854.46,0
2023-07-26,Flipkart,Grocery,False,Normal Day,20,21,9.1,7823.88,1
2023-07-26,Flipkart,Books,False,Normal Day,10,10,11.8,3198.63,0
2023-07-26,Flipkart,Sports & Fitness,False,Normal Day,23,24,5.3,25134.07,1
2023-07-27,Amazon,Electronics,False,Normal Day,64,90,13.8,248202.15,1
2023-07-27,Amazon,Mobiles,False,Normal Day,66,66,6.3,904885.52,2
2023-07-27,Amazon,Fashion,False,Normal Day,34,41,9.0,36114.16,1
2023-07-27,Amazon,Home & Kitchen,False,Normal Day,37,41,5.1,53392.14,1
2023-07-27,Amazon,Beauty & Personal Care,False,Normal Day,26,27,13.4,15473.94,1
2023-07-27,Amazon,Grocery,False,Normal Day,18,18,6.1,7403.43,1
2023-07-27,Amazon,Books,False,Normal Day,13,14,8.3,5225.82,0
2023-07-27,Amazon,Sports & Fitness,False,Normal Day,18,19,14.4,18817.96,1
2023-07-27,Flipkart,Electronics,False,Normal Day,47,59,13.7,166437.81,2
2023-07-27,Flipkart,Mobiles,False,Normal Day,68,78,11.8,988940.65,2
2023-07-27,Flipkart,Fashion,False,Normal Day,29,29,12.3,24258.83,0
2023-07-27,Flipkart,Home & Kitchen,False,Normal Day,35,38,11.8,46578.97,0
2023-07-27,Flipkart,Beauty & Personal Care,False,Normal Day,22,24,13.5,13757.07,0
2023-07-27,Flipkart,Grocery,False,Normal Day,18,18,12.4,6635.33,0
2023-07-27,Flipkart,Books,False,Normal Day,16,24,10.0,8339.96,0
2023-07-27,Flipkart,Sports & Fitness,False,Normal Day,24,29,5.6,31973.44,1
2023-07-28,Amazon,Electronics,False,Normal Day,40,48,7.6,147241.08,2
2023-07-28,Amazon,Mobiles,False,Normal Day,80,82,7.2,1057295.7,3
2023-07-28,Amazon,Fashion,False,Normal Day,32,36,14.2,29072.45,0
2023-07-28,Amazon,Home & Kitchen,False,Normal Day,39,41,5.4,54560.81,2
2023-07-28,Amazon,Beauty & Personal Care,False,Normal Day,22,29,14.1,16247.1,1
2023-07-28,Amazon,Grocery,False,Normal Day,15,17,13.9,6465.1,0
2023-07-28,Amazon,Books,False,Normal Day,11,17,5.1,6130.35,0
2023-07-28,Amazon,Sports & Fitness,False,Normal Day,21,21,12.7,19821.32,1
2023-07-28,Flipkart,Electronics,False,Normal Day,56,56,7.1,167077.89,2
2023-07-28,Flipkart,Mobiles,False,Normal Day,71,74,7.6,991657.39,2
2023-07-28,Flipkart,Fashion,False,Normal Day,34,42,11.3,37122.28,1
2023-07-28,Flipkart,Home & Kitchen,False,Normal Day,28,34,13.1,43799.17,0
2023-07-28,Flipkart,Beauty & Personal Care,False,Normal Day,20,21,10.0,12412.11,0
2023-07-28,Flipkart,Grocery,False,Normal Day,17,17,9.3,6360.75,0
2023-07-28,Flipkart,Books,False,Normal Day,10,11,14.5,3787.75,0
2023-07-28,Flipkart,Sports & Fitness,False,Normal Day,18,24,12.9,23614.12,0
2023-07-29,Amazon,Electronics,False,Normal Day,97,97,8.4,286330.91,5
2023-07-29,Amazon,Mobiles,False,Normal Day,70,91,13.0,1083821.31,2
2023-07-29,Amazon,Fashion,False,Normal Day,33,47,10.5,38461.54,1
2023-07-29,Amazon,Home & Kitchen,False,Normal Day,34,37,7.0,47898.38,1
2023-07-29,Amazon,Beauty & Personal Care,False,Normal Day,28,35,7.6,21166.51,0
2023-07-29,Amazon,Grocery,False,Normal Day,20,20,12.4,7516.83,0
2023-07-29,Amazon,Books,False,Normal Day,8,9,11.6,3258.63,0
2023-07-29,Amazon,Sports & Fitness,False,Normal Day,34,44,9.0,43652.67,1
2023-07-29,Flipkart,Electronics,False,Normal Day,70,81,6.2,249457.93,2
2023-07-29,Flipkart,Mobiles,False,Normal Day,65,76,9.5,1006049.82,2
2023-07-29,Flipkart,Fashion,False,Normal Day,52,65,6.0,59713.05,2
2023-07-29,Flipkart,Home & Kitchen,False,Normal Day,47,52,7.6,72348.81,1
2023-07-29,Flipkart,Beauty & Personal Care,False,Normal Day,22,25,10.7,14325.13,1
2023-07-29,Flipkart,Grocery,False,Normal Day,20,25,13.8,9578.89,1
2023-07-29,Flipkart,Books,False,Normal Day,18,20,8.4,7166.35,0
2023-07-29,Flipkart,Sports & Fitness,False,Normal Day,27,27,11.9,26937.73,0
2023-07-30,Amazon,Electronics,False,Normal Day,69,69,7.0,210433.76,2
2023-07-30,Amazon,Mobiles,False,Normal Day,93,126,13.4,1535387.42,4
2023-07-30,Amazon,Fashion,False,Normal Day,53,58,7.0,53130.55,1
2023-07-30,Amazon,Home & Kitchen,False,Normal Day,31,31,10.2,39179.77,0
2023-07-30,Amazon,Beauty & Personal Care,False,Normal Day,25,29,11.3,18064.72,0
2023-07-30,Amazon,Grocery,False,Normal Day,17,23,6.6,9134.9,0
2023-07-30,Amazon,Books,False,Normal Day,10,14,13.1,4435.15,0
2023-07-30,Amazon,Sports & Fitness,False,Normal Day,28,30,10.1,30293.41,0
2023-07-30,Flipkart,Electronics,False,Normal Day,62,79,8.6,235757.65,2
2023-07-30,Flipkart,Mobiles,False,Normal Day,60,84,7.5,1178391.2,2
2023-07-30,Flipkart,Fashion,False,Normal Day,48,66,8.7,58717.0,1
2023-07-30,Flipkart,Home & Kitchen,False,Normal Day,31,42,9.7,55197.46,0
2023-07-30,Flipkart,Beauty & Personal Care,False,Normal Day,20,20,10.2,12269.68,1
2023-07-30,Flipkart,Grocery,False,Normal Day,22,29,13.5,11020.07,0
2023-07-30,Flipkart,Books,False,Normal Day,17,19,9.5,6458.2,0
2023-07-30,Flipkart,Sports & Fitness,False,Normal Day,30,37,7.6,39307.68,1
2023-07-31,Amazon,Electronics,False,Normal Day,42,60,7.8,173744.18,2
2023-07-31,Amazon,Mobiles,False,Normal Day,74,90,12.3,1132022.05,2
2023-07-31,Amazon,Fashion,False,Normal Day,38,38,14.6,32141.75,1
2023-07-31,Amazon,Home & Kitchen,False,Normal Day,31,31,10.5,39435.13,0
2023-07-31,Amazon,Beauty & Personal Care,False,Normal Day,21,29,9.0,18227.29,1
2023-07-31,Amazon,Grocery,False,Normal Day,14,17,12.9,6354.56,0
2023-07-31,Amazon,Books,False,Normal Day,10,10,6.1,3730.48,0
2023-07-31,Amazon,Sports & Fitness,False,Normal Day,23,28,12.4,24902.24,1
2023-07-31,Flipkart,Electronics,False,Normal Day,61,88,13.3,245246.08,2
2023-07-31,Flipkart,Mobiles,False,Normal Day,58,66,7.5,903016.26,2
2023-07-31,Flipkart,Fashion,False,Normal Day,42,54,9.5,47225.55,1
2023-07-31,Flipkart,Home & Kitchen,False,Normal Day,33,33,7.6,44736.94,1
2023-07-31,Flipkart,Beauty & Personal Care,False,Normal Day,21,26,13.1,13836.09,0
2023-07-31,Flipkart,Grocery,False,Normal Day,11,11,9.2,4081.89,0
2023-07-31,Flipkart,Books,False,Normal Day,14,17,9.4,6027.29,0
2023-07-31,Flipkart,Sports & Fitness,False,Normal Day,22,25,13.4,24901.36,0
2023-08-01,Amazon,Electronics,False,Normal Day,62,65,7.4,192992.13,2
2023-08-01,Amazon,Mobiles,False,Normal Day,76,90,11.8,1096882.7,2
2023-08-01,Amazon,Fashion,False,Normal Day,32,41,8.7,36027.56,1
2023-08-01,Amazon,Home & Kitchen,False,Normal Day,30,35,5.2,44898.39,1
2023-08-01,Amazon,Beauty & Personal Care,False,Normal Day,22,31,8.7,19576.62,0
2023-08-01,Amazon,Grocery,False,Normal Day,10,11,9.5,4341.58,0
2023-08-01,Amazon,Books,False,Normal Day,11,11,12.6,3804.75,0
2023-08-01,Amazon,Sports & Fitness,False,Normal Day,24,32,6.5,34351.12,1
2023-08-01,Flipkart,Electronics,False,Normal Day,45,60,6.3,181606.68,2
2023-08-01,Flipkart,Mobiles,False,Normal Day,74,82,5.3,1073849.6,1
2023-08-01,Flipkart,Fashion,False,Normal Day,37,42,10.7,37585.65,1
2023-08-01,Flipkart,Home & Kitchen,False,Normal Day,33,47,5.1,68659.08,1
2023-08-01,Flipkart,Beauty & Personal Care,False,Normal Day,11,13,14.8,7287.51,0
2023-08-01,Flipkart,Grocery,False,Normal Day,14,14,9.7,5144.34,0
2023-08-01,Flipkart,Books,False,Normal Day,16,19,12.7,6428.49,0
2023-08-01,Flipkart,Sports & Fitness,False,Normal Day,35,41,11.4,40446.3,1
2023-08-02,Amazon,Electronics,False,Normal Day,55,71,6.0,208960.89,3
2023-08-02,Amazon,Mobiles,False,Normal Day,53,70,8.0,978076.49,1
2023-08-02,Amazon,Fashion,False,Normal Day,32,43,10.8,35317.25,1
2023-08-02,Amazon,Home & Kitchen,False,Normal Day,29,35,5.0,45721.4,1
2023-08-02,Amazon,Beauty & Personal Care,False,Normal Day,23,32,11.8,17889.54,0
2023-08-02,Amazon,Grocery,False,Normal Day,24,25,13.6,9563.85,0
2023-08-02,Amazon,Books,False,Normal Day,21,23,13.9,7914.1,1
2023-08-02,Amazon,Sports & Fitness,False,Normal Day,19,19,5.5,21459.63,0
2023-08-02,Flipkart,Electronics,False,Normal Day,56,62,11.4,182009.95,2
2023-08-02,Flipkart,Mobiles,False,Normal Day,83,107,13.7,1371128.14,1
2023-08-02,Flipkart,Fashion,False,Normal Day,51,64,7.0,56879.97,1
2023-08-02,Flipkart,Home & Kitchen,False,Normal Day,28,34,13.6,41301.09,0
2023-08-02,Flipkart,Beauty & Personal Care,False,Normal Day,20,25,13.4,13903.99,1
2023-08-02,Flipkart,Grocery,False,Normal Day,14,21,15.0,7739.52,0
2023-08-02,Flipkart,Books,False,Normal Day,8,8,10.5,2903.7,0
2023-08-02,Flipkart,Sports & Fitness,False,Normal Day,32,34,10.3,34927.68,0
2023-08-03,Amazon,Electronics,False,Normal Day,63,78,7.8,232441.21,2
2023-08-03,Amazon,Mobiles,False,Normal Day,63,74,10.6,982367.6,2
2023-08-03,Amazon,Fashion,False,Normal Day,41,46,11.2,37522.87,1
2023-08-03,Amazon,Home & Kitchen,False,Normal Day,24,33,6.7,40256.47,1
2023-08-03,Amazon,Beauty & Personal Care,False,Normal Day,23,24,12.7,13742.77,0
2023-08-03,Amazon,Grocery,False,Normal Day,15,15,8.0,6240.93,0
2023-08-03,Amazon,Books,False,Normal Day,13,13,14.1,4170.32,0
2023-08-03,Amazon,Sports & Fitness,False,Normal Day,29,34,7.9,35324.26,0
2023-08-03,Flipkart,Electronics,False,Normal Day,62,87,9.6,252498.03,2
2023-08-03,Flipkart,Mobiles,False,Normal Day,77,77,12.8,1012996.58,4
2023-08-03,Flipkart,Fashion,False,Normal Day,32,32,11.7,26557.53,1
2023-08-03,Flipkart,Home & Kitchen,False,Normal Day,27,34,6.6,45759.88,0
2023-08-03,Flipkart,Beauty & Personal Care,False,Normal Day,18,21,12.4,12206.43,0
2023-08-03,Flipkart,Grocery,False,Normal Day,7,7,13.3,2932.62,0
2023-08-03,Flipkart,Books,False,Normal Day,11,11,14.0,3552.38,0
2023-08-03,Flipkart,Sports & Fitness,False,Normal Day,30,34,11.9,33017.85,0
2023-08-04,Amazon,Electronics,False,Normal Day,49,49,10.0,144200.52,2
2023-08-04,Amazon,Mobiles,False,Normal Day,61,80,6.2,1099049.21,3
2023-08-04,Amazon,Fashion,False,Normal Day,41,41,7.3,34171.54,1
2023-08-04,Amazon,Home & Kitchen,False,Normal Day,35,35,7.3,45620.35,1
2023-08-04,Amazon,Beauty & Personal Care,False,Normal Day,24,24,11.7,14091.18,0
2023-08-04,Amazon,Grocery,False,Normal Day,14,16,12.6,6035.71,0
2023-08-04,Amazon,Books,False,Normal Day,16,16,13.8,5748.39,0
2023-08-04,Amazon,Sports & Fitness,False,Normal Day,21,22,11.5,20889.75,0
2023-08-04,Flipkart,Electronics,False,Normal Day,45,53,10.9,150791.57,2
2023-08-04,Flipkart,Mobiles,False,Normal Day,59,60,12.4,767461.14,3
2023-08-04,Flipkart,Fashion,False,Normal Day,43,51,8.0,45770.02,2
2023-08-04,Flipkart,Home & Kitchen,False,Normal Day,43,48,7.5,62366.97,2
2023-08-04,Flipkart,Beauty & Personal Care,False,Normal Day,13,13,7.9,8075.85,0
2023-08-04,Flipkart,Grocery,False,Normal Day,14,15,15.0,5654.08,0
2023-08-04,Flipkart,Books,False,Normal Day,7,7,13.9,2364.37,0
2023-08-04,Flipkart,Sports & Fitness,False,Normal Day,19,24,8.6,22886.82,1
2023-08-05,Amazon,Electronics,False,Normal Day,69,91,7.8,252491.33,3
2023-08-05,Amazon,Mobiles,False,Normal Day,51,62,13.1,791005.95,2
2023-08-05,Amazon,Fashion,False,Normal Day,38,39,5.7,35343.22,1
2023-08-05,Amazon,Home & Kitchen,False,Normal Day,40,50,13.1,63341.5,2
2023-08-05,Amazon,Beauty & Personal Care,False,Normal Day,21,26,13.8,13400.19,0
2023-08-05,Amazon,Grocery,False,Normal Day,20,24,14.0,8885.54,0
2023-08-05,Amazon,Books,False,Normal Day,11,13,10.2,4655.87,0
2023-08-05,Amazon,Sports & Fitness,False,Normal Day,23,27,12.2,29044.52,0
2023-08-05,Flipkart,Electronics,False,Normal Day,45,56,11.2,157626.26,1
2023-08-05,Flipkart,Mobiles,False,Normal Day,98,98,5.4,1343401.26,5
2023-08-05,Flipkart,Fashion,False,Normal Day,43,43,9.6,36007.39,1
2023-08-05,Flipkart,Home & Kitchen,False,Normal Day,44,53,5.2,70906.83,1
2023-08-05,Flipkart,Beauty & Personal Care,False,Normal Day,27,27,7.4,16447.23,1
2023-08-05,Flipkart,Grocery,False,Normal Day,16,19,14.3,6722.07,0
2023-08-05,Flipkart,Books,False,Normal Day,2,2,7.9,939.73,0
2023-08-05,Flipkart,Sports & Fitness,False,Normal Day,30,38,9.2,37835.24,1
2023-08-06,Amazon,Electronics,False,Normal Day,65,87,9.3,248761.22,3
2023-08-06,Amazon,Mobiles,False,Normal Day,58,61,7.4,803415.89,3
2023-08-06,Amazon,Fashion,False,Normal Day,54,69,10.1,60067.07,2
2023-08-06,Amazon,Home & Kitchen,False,Normal Day,37,44,10.5,55057.78,1
2023-08-06,Amazon,Beauty & Personal Care,False,Normal Day,29,29,8.5,17169.52,0
2023-08-06,Amazon,Grocery,False,Normal Day,21,22,13.7,8245.7,0
2023-08-06,Amazon,Books,False,Normal Day,13,15,7.5,5482.1,0
2023-08-06,Amazon,Sports & Fitness,False,Normal Day,34,41,9.9,40376.26,0
2023-08-06,Flipkart,Electronics,False,Normal Day,95,131,14.2,380045.89,5
2023-08-06,Flipkart,Mobiles,False,Normal Day,76,76,7.0,1064165.21,2
2023-08-06,Flipkart,Fashion,False,Normal Day,45,62,6.2,57042.79,0
2023-08-06,Flipkart,Home & Kitchen,False,Normal Day,32,41,11.9,50636.32,1
2023-08-06,Flipkart,Beauty & Personal Care,False,Normal Day,14,15,7.4,9716.79,0
2023-08-06,Flipkart,Grocery,False,Normal Day,19,22,9.8,8270.06,0
2023-08-06,Flipkart,Books,False,Normal Day,12,12,12.8,4174.88,0
2023-08-06,Flipkart,Sports & Fitness,False,Normal Day,29,31,11.2,30962.74,1
2023-08-07,Amazon,Electronics,False,Normal Day,72,72,14.9,193207.23,3
2023-08-07,Amazon,Mobiles,False,Normal Day,82,92,11.2,1213698.47,2
2023-08-07,Amazon,Fashion,False,Normal Day,51,67,5.7,59631.48,2
2023-08-07,Amazon,Home & Kitchen,False,Normal Day,33,40,13.3,47371.49,1
2023-08-07,Amazon,Beauty & Personal Care,False,Normal Day,16,16,9.0,9747.67,0
2023-08-07,Amazon,Grocery,False,Normal Day,15,22,12.3,8511.98,0
2023-08-07,Amazon,Books,False,Normal Day,14,18,14.3,6030.18,0
2023-08-07,Amazon,Sports & Fitness,False,Normal Day,34,36,13.3,35607.85,1
2023-08-07,Flipkart,Electronics,False,Normal Day,67,76,12.7,202286.02,4
2023-08-07,Flipkart,Mobiles,False,Normal Day,52,52,8.6,671721.52,1
2023-08-07,Flipkart,Fashion,False,Normal Day,53,69,9.3,61442.01,1
2023-08-07,Flipkart,Home & Kitchen,False,Normal Day,36,36,13.2,45957.44,0
2023-08-07,Flipkart,Beauty & Personal Care,False,Normal Day,25,29,12.9,16612.61,1
2023-08-07,Flipkart,Grocery,False,Normal Day,13,15,13.2,5726.35,0
2023-08-07,Flipkart,Books,False,Normal Day,13,16,8.2,5913.45,0
2023-08-07,Flipkart,Sports & Fitness,False,Normal Day,19,20,14.0,19883.76,0
2023-08-08,Amazon,Electronics,False,Normal Day,57,57,14.2,162375.12,3
2023-08-08,Amazon,Mobiles,False,Normal Day,46,56,13.2,668112.16,1
2023-08-08,Amazon,Fashion,False,Normal Day,26,29,9.2,24620.4,0
2023-08-08,Amazon,Home & Kitchen,False,Normal Day,41,41,7.5,54861.07,2
2023-08-08,Amazon,Beauty & Personal Care,False,Normal Day,22,22,8.3,13154.32,1
2023-08-08,Amazon,Grocery,False,Normal Day,24,31,13.4,11490.24,1
2023-08-08,Amazon,Books,False,Normal Day,5,5,5.8,1965.52,0
2023-08-08,Amazon,Sports & Fitness,False,Normal Day,21,27,8.8,29631.05,1
2023-08-08,Flipkart,Electronics,False,Normal Day,54,54,9.9,151292.45,2
2023-08-08,Flipkart,Mobiles,False,Normal Day,46,50,9.3,667104.52,1
2023-08-08,Flipkart,Fashion,False,Normal Day,29,33,8.7,27505.05,1
2023-08-08,Flipkart,Home & Kitchen,False,Normal Day,33,36,8.6,48307.47,1
2023-08-08,Flipkart,Beauty & Personal Care,False,Normal Day,25,26,7.6,15263.26,1
2023-08-08,Flipkart,Grocery,False,Normal Day,13,16,14.0,5656.73,0
2023-08-08,Flipkart,Books,False,Normal Day,10,13,9.2,4465.71,0
2023-08-08,Flipkart,Sports & Fitness,False,Normal Day,24,27,12.7,26624.49,1
2023-08-09,Amazon,Electronics,True,Independence Day Sale,117,185,22.4,453469.47,5
2023-08-09,Amazon,Mobiles,True,Independence Day Sale,158,215,38.0,2042153.21,10
2023-08-09,Amazon,Fashion,True,Independence Day Sale,105,153,32.1,101222.72,7
2023-08-09,Amazon,Home & Kitchen,True,Independence Day Sale,93,117,37.2,104766.7,6
2023-08-09,Amazon,Beauty & Personal Care,True,Independence Day Sale,54,85,30.8,38251.51,4
2023-08-09,Amazon,Grocery,True,Independence Day Sale,33,47,25.4,16052.18,1
2023-08-09,Amazon,Books,True,Independence Day Sale,36,41,28.2,11136.91,1
2023-08-09,Amazon,Sports & Fitness,True,Independence Day Sale,40,53,25.4,42661.44,2
2023-08-09,Flipkart,Electronics,True,Independence Day Sale,149,209,26.0,492397.22,9
2023-08-09,Flipkart,Mobiles,True,Independence Day Sale,118,175,30.4,1771447.53,8
2023-08-09,Flipkart,Fashion,True,Independence Day Sale,89,106,31.5,69290.17,6
2023-08-09,Flipkart,Home & Kitchen,True,Independence Day Sale,72,99,35.8,90485.75,3
2023-08-09,Flipkart,Beauty & Personal Care,True,Independence Day Sale,56,91,41.1,35726.79,2
2023-08-09,Flipkart,Grocery,True,Independence Day Sale,53,59,27.5,18843.25,4
2023-08-09,Flipkart,Books,True,Independence Day Sale,18,23,36.1,5604.89,1
2023-08-09,Flipkart,Sports & Fitness,True,Independence Day Sale,70,88,29.8,69292.92,4
2023-08-10,Amazon,Electronics,True,Independence Day Sale,171,272,32.1,594983.36,13
2023-08-10,Amazon,Mobiles,True,Independence Day Sale,174,233,43.4,2026685.1,8
2023-08-10,Amazon,Fashion,True,Independence Day Sale,88,103,40.0,58652.91,4
2023-08-10,Amazon,Home & Kitchen,True,Independence Day Sale,93,119,41.7,94948.14,7
2023-08-10,Amazon,Beauty & Personal Care,True,Independence Day Sale,60,64,34.1,27145.0,2
2023-08-10,Amazon,Grocery,True,Independence Day Sale,41,59,37.9,16747.1,3
2023-08-10,Amazon,Books,True,Independence Day Sale,31,36,44.0,7438.45,1
2023-08-10,Amazon,Sports & Fitness,True,Independence Day Sale,50,67,44.9,40126.91,4
2023-08-10,Flipkart,Electronics,True,Independence Day Sale,157,187,37.3,393234.96,10
2023-08-10,Flipkart,Mobiles,True,Independence Day Sale,88,137,42.7,1171638.1,7
2023-08-10,Flipkart,Fashion,True,Independence Day Sale,113,153,31.8,98730.28,5
2023-08-10,Flipkart,Home & Kitchen,True,Independence Day Sale,65,94,40.0,78646.59,2
2023-08-10,Flipkart,Beauty & Personal Care,True,Independence Day Sale,60,75,30.1,35281.79,5
2023-08-10,Flipkart,Grocery,True,Independence Day Sale,42,73,30.9,21238.84,2
2023-08-10,Flipkart,Books,True,Independence Day Sale,20,28,22.8,8416.5,1
2023-08-10,Flipkart,Sports & Fitness,True,Independence Day Sale,51,84,41.8,53465.8,3
2023-08-11,Amazon,Electronics,True,Independence Day Sale,141,218,23.1,500347.56,9
2023-08-11,Amazon,Mobiles,True,Independence Day Sale,124,189,36.4,1730288.74,9
2023-08-11,Amazon,Fashion,True,Independence Day Sale,89,108,23.1,80034.18,5
2023-08-11,Amazon,Home & Kitchen,True,Independence Day Sale,80,114,23.4,121669.42,6
2023-08-11,Amazon,Beauty & Personal Care,True,Independence Day Sale,74,111,30.1,52270.13,4
2023-08-11,Amazon,Grocery,True,Independence Day Sale,45,66,31.1,19651.91,2
2023-08-11,Amazon,Books,True,Independence Day Sale,31,41,31.5,10761.04,2
2023-08-11,Amazon,Sports & Fitness,True,Independence Day Sale,56,73,23.4,62492.6,4
2023-08-11,Flipkart,Electronics,True,Independence Day Sale,112,122,20.8,303312.1,8
2023-08-11,Flipkart,Mobiles,True,Independence Day Sale,177,252,43.9,1981352.78,13
2023-08-11,Flipkart,Fashion,True,Independence Day Sale,127,187,25.3,133068.69,5
2023-08-11,Flipkart,Home & Kitchen,True,Independence Day Sale,83,93,35.2,83377.53,5
2023-08-11,Flipkart,Beauty & Personal Care,True,Independence Day Sale,44,63,20.1,33056.61,3
2023-08-11,Flipkart,Grocery,True,Independence Day Sale,39,62,27.3,18797.48,2
2023-08-11,Flipkart,Books,True,Independence Day Sale,30,42,30.2,11225.75,1
2023-08-11,Flipkart,Sports & Fitness,True,Independence Day Sale,45,68,26.9,56780.14,3
2023-08-12,Amazon,Electronics,True,Independence Day Sale,144,231,35.2,457337.06,10
2023-08-12,Amazon,Mobiles,True,Independence Day Sale,216,341,31.5,3463361.41,16
2023-08-12,Amazon,Fashion,True,Independence Day Sale,124,164,31.0,107092.77,10
2023-08-12,Amazon,Home & Kitchen,True,Independence Day Sale,95,135,28.7,140087.4,4
2023-08-12,Amazon,Beauty & Personal Care,True,Independence Day Sale,49,67,28.8,32437.16,2
2023-08-12,Amazon,Grocery,True,Independence Day Sale,27,42,21.3,14166.41,1
2023-08-12,Amazon,Books,True,Independence Day Sale,30,44,24.9,12279.76,2
2023-08-12,Amazon,Sports & Fitness,True,Independence Day Sale,76,83,29.3,67057.71,4
2023-08-12,Flipkart,Electronics,True,Independence Day Sale,140,140,33.3,305804.65,11
2023-08-12,Flipkart,Mobiles,True,Independence Day Sale,227,306,37.2,2570722.09,19
2023-08-12,Flipkart,Fashion,True,Independence Day Sale,87,131,36.5,78367.67,4
2023-08-12,Flipkart,Home & Kitchen,True,Independence Day Sale,81,104,36.6,97427.81,7
2023-08-12,Flipkart,Beauty & Personal Care,True,Independence Day Sale,63,103,36.4,42077.98,3
2023-08-12,Flipkart,Grocery,True,Independence Day Sale,48,67,37.7,17998.72,3
2023-08-12,Flipkart,Books,True,Independence Day Sale,25,31,20.6,9369.85,1
2023-08-12,Flipkart,Sports & Fitness,True,Independence Day Sale,77,90,29.1,69320.12,4
2023-08-13,Amazon,Electronics,True,Independence Day Sale,171,205,24.5,500999.98,13
2023-08-13,Amazon,Mobiles,True,Independence Day Sale,216,293,29.7,3021571.2,16
2023-08-13,Amazon,Fashion,True,Independence Day Sale,97,158,44.4,85731.41,8
2023-08-13,Amazon,Home & Kitchen,True,Independence Day Sale,101,156,35.1,141180.53,4
2023-08-13,Amazon,Beauty & Personal Care,True,Independence Day Sale,81,127,43.9,47418.37,3
2023-08-13,Amazon,Grocery,True,Independence Day Sale,44,64,27.7,19157.63,3
2023-08-13,Amazon,Books,True,Independence Day Sale,41,46,30.4,13774.23,2
2023-08-13,Amazon,Sports & Fitness,True,Independence Day Sale,67,98,43.7,61041.45,3
2023-08-13,Flipkart,Electronics,True,Independence Day Sale,173,208,28.7,458111.65,13
2023-08-13,Flipkart,Mobiles,True,Independence Day Sale,154,237,40.3,2143593.91,8
2023-08-13,Flipkart,Fashion,True,Independence Day Sale,60,101,33.0,64390.36,2
2023-08-13,Flipkart,Home & Kitchen,True,Independence Day Sale,69,82,41.2,65890.86,3
2023-08-13,Flipkart,Beauty & Personal Care,True,Independence Day Sale,52,75,33.0,33657.56,3
2023-08-13,Flipkart,Grocery,True,Independence Day Sale,34,47,33.9,12460.01,2
2023-08-13,Flipkart,Books,True,Independence Day Sale,31,36,26.3,10128.39,1
2023-08-13,Flipkart,Sports & Fitness,True,Independence Day Sale,76,110,31.3,85457.68,5
2023-08-14,Amazon,Electronics,True,Independence Day Sale,139,192,27.6,440253.51,5
2023-08-14,Amazon,Mobiles,True,Independence Day Sale,160,192,44.7,1451379.84,14
2023-08-14,Amazon,Fashion,True,Independence Day Sale,94,129,21.8,92879.98,6
2023-08-14,Amazon,Home & Kitchen,True,Independence Day Sale,87,136,23.7,142731.06,5
2023-08-14,Amazon,Beauty & Personal Care,True,Independence Day Sale,58,81,33.6,36752.24,4
2023-08-14,Amazon,Grocery,True,Independence Day Sale,41,60,41.7,15049.17,3
2023-08-14,Amazon,Books,True,Independence Day Sale,15,20,38.9,4699.57,1
2023-08-14,Amazon,Sports & Fitness,True,Independence Day Sale,61,83,42.0,55093.54,2
2023-08-14,Flipkart,Electronics,True,Independence Day Sale,161,214,31.0,477209.52,13
2023-08-14,Flipkart,Mobiles,True,Independence Day Sale,155,209,29.0,2135623.84,11
2023-08-14,Flipkart,Fashion,True,Independence Day Sale,101,127,24.1,90948.85,5
2023-08-14,Flipkart,Home & Kitchen,True,Independence Day Sale,90,112,35.3,103488.92,6
2023-08-14,Flipkart,Beauty & Personal Care,True,Independence Day Sale,60,76,34.5,33308.8,2
2023-08-14,Flipkart,Grocery,True,Independence Day Sale,35,50,27.4,15112.84,2
2023-08-14,Flipkart,Books,True,Independence Day Sale,29,33,41.2,7462.31,1
2023-08-14,Flipkart,Sports & Fitness,True,Independence Day Sale,68,104,42.1,69147.14,3
2023-08-15,Amazon,Electronics,True,Independence Day Sale,169,213,36.1,445215.87,8
2023-08-15,Amazon,Mobiles,True,Independence Day Sale,160,259,30.8,2450553.01,12
2023-08-15,Amazon,Fashion,True,Independence Day Sale,90,111,20.9,83112.91,5
2023-08-15,Amazon,Home & Kitchen,True,Independence Day Sale,67,114,28.0,118601.24,3
2023-08-15,Amazon,Beauty & Personal Care,True,Independence Day Sale,39,59,22.7,29042.98,3
2023-08-15,Amazon,Grocery,True,Independence Day Sale,29,39,21.6,13767.12,1
2023-08-15,Amazon,Books,True,Independence Day Sale,18,27,43.6,6021.54,1
2023-08-15,Amazon,Sports & Fitness,True,Independence Day Sale,54,83,43.2,53004.51,3
2023-08-15,Flipkart,Electronics,True,Independence Day Sale,133,174,36.4,364060.75,10
2023-08-15,Flipkart,Mobiles,True,Independence Day Sale,172,237,43.3,1895576.52,7
2023-08-15,Flipkart,Fashion,True,Independence Day Sale,80,118,36.8,71217.59,4
2023-08-15,Flipkart,Home & Kitchen,True,Independence Day Sale,109,147,29.9,147847.79,5
2023-08-15,Flipkart,Beauty & Personal Care,True,Independence Day Sale,71,106,43.2,40953.39,3
2023-08-15,Flipkart,Grocery,True,Independence Day Sale,38,54,32.5,15303.96,1
2023-08-15,Flipkart,Books,True,Independence Day Sale,26,34,32.5,9426.53,1
2023-08-15,Flipkart,Sports & Fitness,True,Independence Day Sale,60,91,23.9,73352.06,5
2023-08-16,Amazon,Electronics,False,Normal Day,67,71,7.6,214415.42,1
2023-08-16,Amazon,Mobiles,False,Normal Day,85,108,5.4,1521861.64,4
2023-08-16,Amazon,Fashion,False,Normal Day,26,33,11.9,27599.05,1
2023-08-16,Amazon,Home & Kitchen,False,Normal Day,28,29,13.8,36730.32,1
2023-08-16,Amazon,Beauty & Personal Care,False,Normal Day,18,19,10.3,11503.83,0
2023-08-16,Amazon,Grocery,False,Normal Day,23,28,11.3,10809.79,1
2023-08-16,Amazon,Books,False,Normal Day,8,9,9.9,3333.62,0
2023-08-16,Amazon,Sports & Fitness,False,Normal Day,18,22,9.5,22711.18,0
2023-08-16,Flipkart,Electronics,False,Normal Day,55,61,14.3,174906.72,1
2023-08-16,Flipkart,Mobiles,False,Normal Day,55,61,9.5,778910.05,1
2023-08-16,Flipkart,Fashion,False,Normal Day,36,36,5.7,32032.22,1
2023-08-16,Flipkart,Home & Kitchen,False,Normal Day,37,44,11.1,56918.6,1
2023-08-16,Flipkart,Beauty & Personal Care,False,Normal Day,17,19,10.7,11568.84,0
2023-08-16,Flipkart,Grocery,False,Normal Day,19,19,7.6,7348.4,0
2023-08-16,Flipkart,Books,False,Normal Day,12,14,5.6,5266.9,0
2023-08-16,Flipkart,Sports & Fitness,False,Normal Day,32,32,9.1,31897.42,1
2023-08-17,Amazon,Electronics,False,Normal Day,49,49,5.9,148355.63,2
2023-08-17,Amazon,Mobiles,False,Normal Day,50,59,9.2,808594.74,1
2023-08-17,Amazon,Fashion,False,Normal Day,52,52,5.1,46088.47,2
2023-08-17,Amazon,Home & Kitchen,False,Normal Day,43,45,6.5,58011.34,1
2023-08-17,Amazon,Beauty & Personal Care,False,Normal Day,26,32,12.9,18039.75,1
2023-08-17,Amazon,Grocery,False,Normal Day,13,13,6.4,5407.17,0
2023-08-17,Amazon,Books,False,Normal Day,11,11,11.6,3961.83,0
2023-08-17,Amazon,Sports & Fitness,False,Normal Day,29,29,5.5,29861.97,1
2023-08-17,Flipkart,Electronics,False,Normal Day,85,85,8.8,246947.88,2
2023-08-17,Flipkart,Mobiles,False,Normal Day,76,78,9.7,1017097.67,2
2023-08-17,Flipkart,Fashion,False,Normal Day,37,41,13.4,34480.38,2
2023-08-17,Flipkart,Home & Kitchen,False,Normal Day,44,46,6.2,61024.04,1
2023-08-17,Flipkart,Beauty & Personal Care,False,Normal Day,20,23,14.1,12844.98,1
2023-08-17,Flipkart,Grocery,False,Normal Day,20,25,6.7,10083.92,0
2023-08-17,Flipkart,Books,False,Normal Day,5,5,7.3,2091.5,0
2023-08-17,Flipkart,Sports & Fitness,False,Normal Day,27,27,9.6,27371.21,1
2023-08-18,Amazon,Electronics,False,Normal Day,67,83,7.3,252306.59,2
2023-08-18,Amazon,Mobiles,False,Normal Day,74,88,14.7,1073519.56,3
2023-08-18,Amazon,Fashion,False,Normal Day,42,49,6.6,42558.22,1
2023-08-18,Amazon,Home & Kitchen,False,Normal Day,28,40,5.4,52570.99,1
2023-08-18,Amazon,Beauty & Personal Care,False,Normal Day,20,24,7.6,14908.87,0
2023-08-18,Amazon,Grocery,False,Normal Day,16,16,8.4,6624.62,0
2023-08-18,Amazon,Books,False,Normal Day,12,13,14.6,4329.51,0
2023-08-18,Amazon,Sports & Fitness,False,Normal Day,27,29,12.0,28768.14,1
2023-08-18,Flipkart,Electronics,False,Normal Day,57,63,6.0,199880.38,1
2023-08-18,Flipkart,Mobiles,False,Normal Day,60,69,9.4,924825.03,1
2023-08-18,Flipkart,Fashion,False,Normal Day,46,57,8.1,51359.57,1
2023-08-18,Flipkart,Home & Kitchen,False,Normal Day,36,43,13.8,51728.67,1
2023-08-18,Flipkart,Beauty & Personal Care,False,Normal Day,23,24,9.8,13983.3,0
2023-08-18,Flipkart,Grocery,False,Normal Day,10,11,13.5,4168.93,0
2023-08-18,Flipkart,Books,False,Normal Day,7,8,11.9,2820.88,0
2023-08-18,Flipkart,Sports & Fitness,False,Normal Day,25,25,10.8,24073.96,1
2023-08-19,Amazon,Electronics,False,Normal Day,65,72,12.7,201132.56,2
2023-08-19,Amazon,Mobiles,False,Normal Day,85,93,10.2,1156428.14,3
2023-08-19,Amazon,Fashion,False,Normal Day,51,58,11.0,48878.55,1
2023-08-19,Amazon,Home & Kitchen,False,Normal Day,36,43,6.6,60855.25,1
2023-08-19,Amazon,Beauty & Personal Care,False,Normal Day,24,31,11.8,17088.43,1
2023-08-19,Amazon,Grocery,False,Normal Day,20,24,9.3,9594.12,0
2023-08-19,Amazon,Books,False,Normal Day,17,22,8.7,7607.23,0
2023-08-19,Amazon,Sports & Fitness,False,Normal Day,23,23,7.9,23686.73,0
2023-08-19,Flipkart,Electronics,False,Normal Day,67,78,9.1,225207.1,1
2023-08-19,Flipkart,Mobiles,False,Normal Day,72,113,9.9,1450781.12,3
2023-08-19,Flipkart,Fashion,False,Normal Day,48,58,10.7,48722.62,1
2023-08-19,Flipkart,Home & Kitchen,False,Normal Day,48,70,13.2,85074.3,1
2023-08-19,Flipkart,Beauty & Personal Care,False,Normal Day,15,15,11.7,8587.42,0
2023-08-19,Flipkart,Grocery,False,Normal Day,21,21,12.5,7707.41,0
2023-08-19,Flipkart,Books,False,Normal Day,16,20,10.1,7140.01,0
2023-08-19,Flipkart,Sports & Fitness,False,Normal Day,19,22,9.4,20768.21,0
2023-08-20,Amazon,Electronics,False,Normal Day,61,82,13.8,228596.91,3
2023-08-20,Amazon,Mobiles,False,Normal Day,85,94,14.9,1125204.16,2
2023-08-20,Amazon,Fashion,False,Normal Day,50,62,13.3,50101.71,2
2023-08-20,Amazon,Home & Kitchen,False,Normal Day,28,34,12.0,42970.94,1
2023-08-20,Amazon,Beauty & Personal Care,False,Normal Day,30,37,11.4,21164.03,1
2023-08-20,Amazon,Grocery,False,Normal Day,22,25,13.5,8806.72,0
2023-08-20,Amazon,Books,False,Normal Day,11,11,10.7,3859.97,0
2023-08-20,Amazon,Sports & Fitness,False,Normal Day,25,25,9.2,25300.19,1
2023-08-20,Flipkart,Electronics,False,Normal Day,82,87,10.3,251135.71,4
2023-08-20,Flipkart,Mobiles,False,Normal Day,78,91,8.9,1252385.59,1
2023-08-20,Flipkart,Fashion,False,Normal Day,40,45,7.6,36917.26,1
2023-08-20,Flipkart,Home & Kitchen,False,Normal Day,38,39,11.1,51354.63,2
2023-08-20,Flipkart,Beauty & Personal Care,False,Normal Day,24,24,13.7,13675.28,0
2023-08-20,Flipkart,Grocery,False,Normal Day,12,13,14.2,5038.8,0
2023-08-20,Flipkart,Books,False,Normal Day,12,12,12.7,4293.41,0
2023-08-20,Flipkart,Sports & Fitness,False,Normal Day,22,23,14.6,22719.25,0
2023-08-21,Amazon,Electronics,False,Normal Day,53,64,13.9,173452.78,1
2023-08-21,Amazon,Mobiles,False,Normal Day,71,71,12.7,908685.34,3
2023-08-21,Amazon,Fashion,False,Normal Day,40,54,9.5,46572.28,1
2023-08-21,Amazon,Home & Kitchen,False,Normal Day,24,26,13.6,31793.32,1
2023-08-21,Amazon,Beauty & Personal Care,False,Normal Day,25,25,13.5,15463.71,0
2023-08-21,Amazon,Grocery,False,Normal Day,8,10,13.7,3735.73,0
2023-08-21,Amazon,Books,False,Normal Day,5,5,14.7,1845.78,0
2023-08-21,Amazon,Sports & Fitness,False,Normal Day,14,16,12.6,15798.21,0
2023-08-21,Flipkart,Electronics,False,Normal Day,64,74,7.1,221012.12,1
2023-08-21,Flipkart,Mobiles,False,Normal Day,85,100,7.9,1433545.61,4
2023-08-21,Flipkart,Fashion,False,Normal Day,40,40,9.7,36351.12,1
2023-08-21,Flipkart,Home & Kitchen,False,Normal Day,32,32,10.7,39538.41,0
2023-08-21,Flipkart,Beauty & Personal Care,False,Normal Day,29,40,9.5,24036.26,0
2023-08-21,Flipkart,Grocery,False,Normal Day,5,5,7.2,2336.19,0
2023-08-21,Flipkart,Books,False,Normal Day,14,16,8.4,5885.63,0
2023-08-21,Flipkart,Sports & Fitness,False,Normal Day,14,14,11.0,13025.01,0
2023-08-22,Amazon,Electronics,False,Normal Day,46,54,5.7,163763.3,1
2023-08-22,Amazon,Mobiles,False,Normal Day,104,122,10.4,1558041.52,3
2023-08-22,Amazon,Fashion,False,Normal Day,39,42,11.7,33879.15,1
2023-08-22,Amazon,Home & Kitchen,False,Normal Day,38,48,5.4,63212.43,1
2023-08-22,Amazon,Beauty & Personal Care,False,Normal Day,23,23,10.2,13132.68,1
2023-08-22,Amazon,Grocery,False,Normal Day,14,15,13.8,5557.36,0
2023-08-22,Amazon,Books,False,Normal Day,9,9,6.8,3192.37,0
2023-08-22,Amazon,Sports & Fitness,False,Normal Day,23,30,11.8,29259.07,0
2023-08-22,Flipkart,Electronics,False,Normal Day,76,77,11.2,216052.15,2
2023-08-22,Flipkart,Mobiles,False,Normal Day,87,112,6.1,1530710.74,4
2023-08-22,Flipkart,Fashion,False,Normal Day,43,46,14.8,37725.34,1
2023-08-22,Flipkart,Home & Kitchen,False,Normal Day,38,38,14.5,47624.14,0
2023-08-22,Flipkart,Beauty & Personal Care,False,Normal Day,19,25,9.1,14257.31,0
2023-08-22,Flipkart,Grocery,False,Normal Day,15,20,14.2,7492.44,0
2023-08-22,Flipkart,Books,False,Normal Day,5,5,13.3,1648.55,0
2023-08-22,Flipkart,Sports & Fitness,False,Normal Day,24,28,9.5,27562.45,0
2023-08-23,Amazon,Electronics,False,Normal Day,43,54,7.8,162676.03,1
2023-08-23,Amazon,Mobiles,False,Normal Day,66,85,10.4,1117910.6,3
2023-08-23,Amazon,Fashion,False,Normal Day,41,46,8.0,40081.77,1
2023-08-23,Amazon,Home & Kitchen,False,Normal Day,32,33,13.0,38831.03,0
2023-08-23,Amazon,Beauty & Personal Care,False,Normal Day,15,15,7.8,9259.37,0
2023-08-23,Amazon,Grocery,False,Normal Day,12,13,10.5,4854.97,0
2023-08-23,Amazon,Books,False,Normal Day,12,14,9.8,4986.52,0
2023-08-23,Amazon,Sports & Fitness,False,Normal Day,22,27,12.1,26413.28,0
2023-08-23,Flipkart,Electronics,False,Normal Day,41,41,10.9,114183.47,1
2023-08-23,Flipkart,Mobiles,False,Normal Day,86,124,9.3,1603659.05,2
2023-08-23,Flipkart,Fashion,False,Normal Day,48,56,5.0,49909.18,1
2023-08-23,Flipkart,Home & Kitchen,False,Normal Day,43,47,14.0,56042.81,2
2023-08-23,Flipkart,Beauty & Personal Care,False,Normal Day,22,22,7.6,13497.64,0
2023-08-23,Flipkart,Grocery,False,Normal Day,13,13,12.7,5097.5,0
2023-08-23,Flipkart,Books,False,Normal Day,13,19,5.2,6704.01,0
2023-08-23,Flipkart,Sports & Fitness,False,Normal Day,28,28,10.2,28577.53,1
2023-08-24,Amazon,Electronics,False,Normal Day,71,86,8.4,255714.23,3
2023-08-24,Amazon,Mobiles,False,Normal Day,69,88,6.1,1223468.52,2
2023-08-24,Amazon,Fashion,False,Normal Day,31,34,11.7,30154.34,1
2023-08-24,Amazon,Home & Kitchen,False,Normal Day,40,56,8.6,71757.32,1
2023-08-24,Amazon,Beauty & Personal Care,False,Normal Day,25,38,11.1,21715.03,0
2023-08-24,Amazon,Grocery,False,Normal Day,15,20,8.9,8033.36,0
2023-08-24,Amazon,Books,False,Normal Day,16,19,7.3,6783.36,0
2023-08-24,Amazon,Sports & Fitness,False,Normal Day,18,20,6.5,21129.47,0
2023-08-24,Flipkart,Electronics,False,Normal Day,41,42,9.2,133919.84,2
2023-08-24,Flipkart,Mobiles,False,Normal Day,63,80,12.5,965258.32,2
2023-08-24,Flipkart,Fashion,False,Normal Day,36,39,11.9,32646.14,2
2023-08-24,Flipkart,Home & Kitchen,False,Normal Day,28,36,6.5,47034.66,0
2023-08-24,Flipkart,Beauty & Personal Care,False,Normal Day,36,36,12.2,20457.3,1
2023-08-24,Flipkart,Grocery,False,Normal Day,17,26,9.0,10162.96,1
2023-08-24,Flipkart,Books,False,Normal Day,17,20,13.8,6634.8,0
2023-08-24,Flipkart,Sports & Fitness,False,Normal Day,31,31,14.4,29052.57,1
2023-08-25,Amazon,Electronics,False,Normal Day,48,61,13.7,169104.05,1
2023-08-25,Amazon,Mobiles,False,Normal Day,67,76,7.8,982939.95,2
2023-08-25,Amazon,Fashion,False,Normal Day,47,57,11.3,48675.08,1
2023-08-25,Amazon,Home & Kitchen,False,Normal Day,41,50,12.3,64787.42,1
2023-08-25,Amazon,Beauty & Personal Care,False,Normal Day,22,29,12.1,16727.62,0
2023-08-25,Amazon,Grocery,False,Normal Day,18,24,14.8,8726.17,0
2023-08-25,Amazon,Books,False,Normal Day,8,10,11.0,3484.02,0
2023-08-25,Amazon,Sports & Fitness,False,Normal Day,21,21,7.8,21430.26,1
2023-08-25,Flipkart,Electronics,False,Normal Day,79,84,9.1,253018.57,3
2023-08-25,Flipkart,Mobiles,False,Normal Day,79,98,12.9,1253969.42,2
2023-08-25,Flipkart,Fashion,False,Normal Day,46,52,12.2,44371.44,1
2023-08-25,Flipkart,Home & Kitchen,False,Normal Day,47,64,13.1,77477.6,2
2023-08-25,Flipkart,Beauty & Personal Care,False,Normal Day,27,39,14.6,21335.21,1
2023-08-25,Flipkart,Grocery,False,Normal Day,14,19,11.8,7219.48,0
2023-08-25,Flipkart,Books,False,Normal Day,16,23,9.9,7533.42,0
2023-08-25,Flipkart,Sports & Fitness,False,Normal Day,24,27,12.9,25122.63,0
2023-08-26,Amazon,Electronics,False,Normal Day,72,88,13.4,261552.41,1
2023-08-26,Amazon,Mobiles,False,Normal Day,103,117,5.8,1589263.23,4
2023-08-26,Amazon,Fashion,False,Normal Day,59,66,14.9,51911.9,3
2023-08-26,Amazon,Home & Kitchen,False,Normal Day,32,39,8.7,51795.64,1
2023-08-26,Amazon,Beauty & Personal Care,False,Normal Day,24,30,11.7,17145.33,1
2023-08-26,Amazon,Grocery,False,Normal Day,15,16,9.7,6120.78,0
2023-08-26,Amazon,Books,False,Normal Day,11,12,13.2,4028.95,0
2023-08-26,Amazon,Sports & Fitness,False,Normal Day,29,31,9.9,31310.28,0
2023-08-26,Flipkart,Electronics,False,Normal Day,48,65,9.8,192410.69,2
2023-08-26,Flipkart,Mobiles,False,Normal Day,64,80,14.6,969383.37,3
2023-08-26,Flipkart,Fashion,False,Normal Day,36,36,10.9,29179.19,1
2023-08-26,Flipkart,Home & Kitchen,False,Normal Day,34,37,5.2,53499.26,1
2023-08-26,Flipkart,Beauty & Personal Care,False,Normal Day,21,23,12.0,13041.42,0
2023-08-26,Flipkart,Grocery,False,Normal Day,13,14,11.4,5450.28,0
2023-08-26,Flipkart,Books,False,Normal Day,12,15,13.9,5051.52,0
2023-08-26,Flipkart,Sports & Fitness,False,Normal Day,26,28,11.0,25776.59,0
2023-08-27,Amazon,Electronics,False,Normal Day,66,78,11.5,221822.37,2
2023-08-27,Amazon,Mobiles,False,Normal Day,109,109,10.9,1388047.99,3
2023-08-27,Amazon,Fashion,False,Normal Day,49,49,7.5,42850.31,2
2023-08-27,Amazon,Home & Kitchen,False,Normal Day,46,56,14.0,65499.21,1
2023-08-27,Amazon,Beauty & Personal Care,False,Normal Day,31,36,10.2,20582.47,0
2023-08-27,Amazon,Grocery,False,Normal Day,21,21,11.4,7917.22,1
2023-08-27,Amazon,Books,False,Normal Day,16,20,8.9,6877.99,0
2023-08-27,Amazon,Sports & Fitness,False,Normal Day,41,47,6.7,47005.73,2
2023-08-27,Flipkart,Electronics,False,Normal Day,53,57,7.8,161314.46,1
2023-08-27,Flipkart,Mobiles,False,Normal Day,82,103,10.3,1316716.66,4
2023-08-27,Flipkart,Fashion,False,Normal Day,38,41,14.5,34990.68,2
2023-08-27,Flipkart,Home & Kitchen,False,Normal Day,37,43,10.5,53608.98,1
2023-08-27,Flipkart,Beauty & Personal Care,False,Normal Day,22,22,13.3,12983.64,0
2023-08-27,Flipkart,Grocery,False,Normal Day,15,16,7.2,6800.62,0
2023-08-27,Flipkart,Books,False,Normal Day,17,17,14.2,5621.29,0
2023-08-27,Flipkart,Sports & Fitness,False,Normal Day,32,37,6.4,36976.65,1
2023-08-28,Amazon,Electronics,False,Normal Day,66,77,9.4,227663.09,2
2023-08-28,Amazon,Mobiles,False,Normal Day,70,74,6.7,1035369.16,3
2023-08-28,Amazon,Fashion,False,Normal Day,44,45,5.2,41350.06,1
2023-08-28,Amazon,Home & Kitchen,False,Normal Day,44,44,10.5,54499.0,1
2023-08-28,Amazon,Beauty & Personal Care,False,Normal Day,25,31,5.8,19471.32,1
2023-08-28,Amazon,Grocery,False,Normal Day,14,14,7.0,5641.53,0
2023-08-28,Amazon,Books,False,Normal Day,9,10,11.0,3804.79,0
2023-08-28,Amazon,Sports & Fitness,False,Normal Day,26,35,9.2,36244.4,0
2023-08-28,Flipkart,Electronics,False,Normal Day,67,92,14.7,263500.66,2
2023-08-28,Flipkart,Mobiles,False,Normal Day,70,70,13.2,827073.46,4
2023-08-28,Flipkart,Fashion,False,Normal Day,40,46,11.2,38095.14,2
2023-08-28,Flipkart,Home & Kitchen,False,Normal Day,39,48,10.5,60682.16,1
2023-08-28,Flipkart,Beauty & Personal Care,False,Normal Day,31,31,11.2,18401.45,0
2023-08-28,Flipkart,Grocery,False,Normal Day,17,17,6.6,6784.45,0
2023-08-28,Flipkart,Books,False,Normal Day,6,6,7.4,2241.82,0
2023-08-28,Flipkart,Sports & Fitness,False,Normal Day,19,21,13.5,20001.53,0
2023-08-29,Amazon,Electronics,False,Normal Day,69,69,12.9,199684.73,3
2023-08-29,Amazon,Mobiles,False,Normal Day,78,85,11.7,1125205.52,2
2023-08-29,Amazon,Fashion,False,Normal Day,27,31,8.2,26335.2,1
2023-08-29,Amazon,Home & Kitchen,False,Normal Day,39,53,12.6,66252.38,2
2023-08-29,Amazon,Beauty & Personal Care,False,Normal Day,27,27,12.4,14965.73,1
2023-08-29,Amazon,Grocery,False,Normal Day,16,18,7.5,7596.45,0
2023-08-29,Amazon,Books,False,Normal Day,14,16,13.7,5452.94,0
2023-08-29,Amazon,Sports & Fitness,False,Normal Day,27,27,10.5,27038.65,1
2023-08-29,Flipkart,Electronics,False,Normal Day,48,59,6.5,181451.72,2
2023-08-29,Flipkart,Mobiles,False,Normal Day,65,71,5.0,967812.56,1
2023-08-29,Flipkart,Fashion,False,Normal Day,43,43,13.4,35660.07,1
2023-08-29,Flipkart,Home & Kitchen,False,Normal Day,33,48,8.5,62182.17,1
2023-08-29,Flipkart,Beauty & Personal Care,False,Normal Day,28,31,11.3,18778.22,1
2023-08-29,Flipkart,Grocery,False,Normal Day,18,19,14.4,7382.87,0
2023-08-29,Flipkart,Books,False,Normal Day,6,7,11.6,2345.05,0
2023-08-29,Flipkart,Sports & Fitness,False,Normal Day,27,31,7.7,32078.4,1
2023-08-30,Amazon,Electronics,False,Normal Day,59,61,14.4,168496.54,3
2023-08-30,Amazon,Mobiles,False,Normal Day,88,110,10.8,1485139.59,3
2023-08-30,Amazon,Fashion,False,Normal Day,30,41,5.9,36833.04,1
2023-08-30,Amazon,Home & Kitchen,False,Normal Day,26,32,13.1,39392.29,1
2023-08-30,Amazon,Beauty & Personal Care,False,Normal Day,25,28,7.7,17599.62,1
2023-08-30,Amazon,Grocery,False,Normal Day,18,19,12.8,7531.11,0
2023-08-30,Amazon,Books,False,Normal Day,12,15,10.2,5241.65,0
2023-08-30,Amazon,Sports & Fitness,False,Normal Day,16,19,12.6,18973.04,0
2023-08-30,Flipkart,Electronics,False,Normal Day,51,51,12.5,142740.65,2
2023-08-30,Flipkart,Mobiles,False,Normal Day,88,116,11.3,1510440.99,4
2023-08-30,Flipkart,Fashion,False,Normal Day,53,53,14.4,41876.51,2
2023-08-30,Flipkart,Home & Kitchen,False,Normal Day,39,43,13.7,51386.38,1
2023-08-30,Flipkart,Beauty & Personal Care,False,Normal Day,25,32,12.3,18708.27,0
2023-08-30,Flipkart,Grocery,False,Normal Day,11,11,7.9,4310.6,0
2023-08-30,Flipkart,Books,False,Normal Day,12,12,8.2,4195.42,0
2023-08-30,Flipkart,Sports & Fitness,False,Normal Day,28,32,9.3,31408.8,1
2023-08-31,Amazon,Electronics,False,Normal Day,66,66,7.4,198841.35,2
2023-08-31,Amazon,Mobiles,False,Normal Day,64,85,11.6,1093869.47,1
2023-08-31,Amazon,Fashion,False,Normal Day,29,38,13.6,29882.51,1
2023-08-31,Amazon,Home & Kitchen,False,Normal Day,39,47,9.6,60157.39,1
2023-08-31,Amazon,Beauty & Personal Care,False,Normal Day,25,29,8.2,18080.44,1
2023-08-31,Amazon,Grocery,False,Normal Day,5,7,6.9,2909.71,0
2023-08-31,Amazon,Books,False,Normal Day,11,11,12.5,3640.55,0
2023-08-31,Amazon,Sports & Fitness,False,Normal Day,16,18,10.3,18692.51,0
2023-08-31,Flipkart,Electronics,False,Normal Day,50,58,12.9,166220.59,1
2023-08-31,Flipkart,Mobiles,False,Normal Day,54,64,5.3,901387.89,2
2023-08-31,Flipkart,Fashion,False,Normal Day,50,63,14.0,51808.4,1
2023-08-31,Flipkart,Home & Kitchen,False,Normal Day,36,36,10.0,44672.63,1
2023-08-31,Flipkart,Beauty & Personal Care,False,Normal Day,24,24,13.1,12936.42,0
2023-08-31,Flipkart,Grocery,False,Normal Day,8,9,9.7,3456.08,0
2023-08-31,Flipkart,Books,False,Normal Day,6,6,8.6,2432.73,0
2023-08-31,Flipkart,Sports & Fitness,False,Normal Day,25,25,14.4,23435.34,1
2023-09-01,Amazon,Electronics,False,Normal Day,42,44,9.2,124236.74,1
2023-09-01,Amazon,Mobiles,False,Normal Day,56,78,8.6,1077169.37,2
2023-09-01,Amazon,Fashion,False,Normal Day,23,27,11.1,23754.45,0
2023-09-01,Amazon,Home & Kitchen,False,Normal Day,38,40,6.8,49837.62,2
2023-09-01,Amazon,Beauty & Personal Care,False,Normal Day,27,27,13.7,14871.89,1
2023-09-01,Amazon,Grocery,False,Normal Day,15,21,12.4,7934.7,0
2023-09-01,Amazon,Books,False,Normal Day,26,26,14.7,8177.06,1
2023-09-01,Amazon,Sports & Fitness,False,Normal Day,27,28,12.3,28032.57,1
2023-09-01,Flipkart,Electronics,False,Normal Day,68,73,13.8,206649.46,3
2023-09-01,Flipkart,Mobiles,False,Normal Day,65,74,6.5,1040872.55,1
2023-09-01,Flipkart,Fashion,False,Normal Day,31,31,14.0,24678.97,1
2023-09-01,Flipkart,Home & Kitchen,False,Normal Day,34,43,12.9,51064.56,0
2023-09-01,Flipkart,Beauty & Personal Care,False,Normal Day,23,28,10.4,17086.45,0
2023-09-01,Flipkart,Grocery,False,Normal Day,17,22,9.7,8651.23,0
2023-09-01,Flipkart,Books,False,Normal Day,18,18,13.8,6091.42,0
2023-09-01,Flipkart,Sports & Fitness,False,Normal Day,15,15,10.0,14843.25,0
2023-09-02,Amazon,Electronics,False,Normal Day,64,80,13.6,213869.86,2
2023-09-02,Amazon,Mobiles,False,Normal Day,88,127,10.3,1767596.88,3
2023-09-02,Amazon,Fashion,False,Normal Day,55,74,14.5,58496.06,2
2023-09-02,Amazon,Home & Kitchen,False,Normal Day,46,46,10.3,57048.89,1
2023-09-02,Amazon,Beauty & Personal Care,False,Normal Day,30,35,10.8,20726.32,1
2023-09-02,Amazon,Grocery,False,Normal Day,26,32,9.7,12389.62,0
2023-09-02,Amazon,Books,False,Normal Day,15,15,7.1,5391.41,0
2023-09-02,Amazon,Sports & Fitness,False,Normal Day,24,31,9.9,31448.85,0
2023-09-02,Flipkart,Electronics,False,Normal Day,65,80,5.2,255628.08,3
2023-09-02,Flipkart,Mobiles,False,Normal Day,73,95,13.4,1171757.03,3
2023-09-02,Flipkart,Fashion,False,Normal Day,42,42,13.0,35168.87,1
2023-09-02,Flipkart,Home & Kitchen,False,Normal Day,57,57,9.3,70327.99,2
2023-09-02,Flipkart,Beauty & Personal Care,False,Normal Day,24,24,13.0,13743.2,0
2023-09-02,Flipkart,Grocery,False,Normal Day,16,21,12.9,8126.64,0
2023-09-02,Flipkart,Books,False,Normal Day,10,12,14.1,4092.68,0
2023-09-02,Flipkart,Sports & Fitness,False,Normal Day,28,34,5.2,35475.87,1
2023-09-03,Amazon,Electronics,False,Normal Day,69,85,8.8,254239.29,2
2023-09-03,Amazon,Mobiles,False,Normal Day,83,83,14.4,987178.46,3
2023-09-03,Amazon,Fashion,False,Normal Day,45,54,14.7,45435.33,1
2023-09-03,Amazon,Home & Kitchen,False,Normal Day,50,62,11.1,73391.89,1
2023-09-03,Amazon,Beauty & Personal Care,False,Normal Day,20,22,10.6,13813.84,0
2023-09-03,Amazon,Grocery,False,Normal Day,17,18,5.5,7252.67,0
2023-09-03,Amazon,Books,False,Normal Day,10,12,7.8,4448.8,0
2023-09-03,Amazon,Sports & Fitness,False,Normal Day,25,25,7.5,26512.19,1
2023-09-03,Flipkart,Electronics,False,Normal Day,57,70,8.6,204189.08,2
2023-09-03,Flipkart,Mobiles,False,Normal Day,68,76,12.6,970350.06,1
2023-09-03,Flipkart,Fashion,False,Normal Day,36,42,14.5,33067.98,1
2023-09-03,Flipkart,Home & Kitchen,False,Normal Day,33,36,7.6,46160.39,1
2023-09-03,Flipkart,Beauty & Personal Care,False,Normal Day,23,23,9.0,13687.66,1
2023-09-03,Flipkart,Grocery,False,Normal Day,20,20,10.8,7438.59,0
2023-09-03,Flipkart,Books,False,Normal Day,18,18,12.9,6385.35,0
2023-09-03,Flipkart,Sports & Fitness,False,Normal Day,30,37,8.1,39508.48,0
2023-09-04,Amazon,Electronics,False,Normal Day,50,65,7.8,192230.23,2
2023-09-04,Amazon,Mobiles,False,Normal Day,67,77,12.5,991311.81,3
2023-09-04,Amazon,Fashion,False,Normal Day,29,35,6.6,30196.28,1
2023-09-04,Amazon,Home & Kitchen,False,Normal Day,46,55,13.6,67584.87,2
2023-09-04,Amazon,Beauty & Personal Care,False,Normal Day,27,37,9.6,21339.18,1
2023-09-04,Amazon,Grocery,False,Normal Day,23,23,5.9,9522.24,0
2023-09-04,Amazon,Books,False,Normal Day,9,9,11.8,3071.31,0
2023-09-04,Amazon,Sports & Fitness,False,Normal Day,22,22,6.4,21501.71,0
2023-09-04,Flipkart,Electronics,False,Normal Day,60,78,5.7,229224.09,2
2023-09-04,Flipkart,Mobiles,False,Normal Day,71,96,10.9,1242401.28,2
2023-09-04,Flipkart,Fashion,False,Normal Day,45,49,6.2,44448.51,2
2023-09-04,Flipkart,Home & Kitchen,False,Normal Day,49,49,11.2,59046.95,2
2023-09-04,Flipkart,Beauty & Personal Care,False,Normal Day,28,31,6.3,18550.46,1
2023-09-04,Flipkart,Grocery,False,Normal Day,13,16,11.2,6403.02,0
2023-09-04,Flipkart,Books,False,Normal Day,14,17,12.9,5579.51,0
2023-09-04,Flipkart,Sports & Fitness,False,Normal Day,26,26,7.7,26975.56,0
2023-09-05,Amazon,Electronics,False,Normal Day,54,62,9.7,189171.96,3
2023-09-05,Amazon,Mobiles,False,Normal Day,82,82,12.8,1022681.51,3
2023-09-05,Amazon,Fashion,False,Normal Day,47,66,8.5,56148.78,1
2023-09-05,Amazon,Home & Kitchen,False,Normal Day,35,40,8.9,51857.19,1
2023-09-05,Amazon,Beauty & Personal Care,False,Normal Day,18,21,6.5,12833.23,1
2023-09-05,Amazon,Grocery,False,Normal Day,15,15,13.7,5275.38,0
2023-09-05,Amazon,Books,False,Normal Day,12,13,11.3,4681.43,0
2023-09-05,Amazon,Sports & Fitness,False,Normal Day,17,17,14.0,15529.98,0
2023-09-05,Flipkart,Electronics,False,Normal Day,57,61,6.5,170465.74,2
2023-09-05,Flipkart,Mobiles,False,Normal Day,73,80,13.9,1036304.52,2
2023-09-05,Flipkart,Fashion,False,Normal Day,47,47,8.4,39886.08,1
2023-09-05,Flipkart,Home & Kitchen,False,Normal Day,29,33,11.7,41615.63,1
2023-09-05,Flipkart,Beauty & Personal Care,False,Normal Day,13,14,8.8,8507.05,0
2023-09-05,Flipkart,Grocery,False,Normal Day,12,15,11.2,5618.85,0
2023-09-05,Flipkart,Books,False,Normal Day,16,17,12.8,5648.06,0
2023-09-05,Flipkart,Sports & Fitness,False,Normal Day,16,19,7.9,19958.59,0
2023-09-06,Amazon,Electronics,False,Normal Day,63,94,6.3,288822.14,3
2023-09-06,Amazon,Mobiles,False,Normal Day,76,76,14.1,965621.22,3
2023-09-06,Amazon,Fashion,False,Normal Day,42,43,14.9,33824.56,1
2023-09-06,Amazon,Home & Kitchen,False,Normal Day,35,43,7.5,59491.0,0
2023-09-06,Amazon,Beauty & Personal Care,False,Normal Day,30,34,14.1,20068.72,1
2023-09-06,Amazon,Grocery,False,Normal Day,20,24,10.6,8924.69,1
2023-09-06,Amazon,Books,False,Normal Day,7,9,12.3,3237.25,0
2023-09-06,Amazon,Sports & Fitness,False,Normal Day,35,50,12.6,48399.65,1
2023-09-06,Flipkart,Electronics,False,Normal Day,68,75,9.6,214248.18,3
2023-09-06,Flipkart,Mobiles,False,Normal Day,71,75,6.1,1025667.74,4
2023-09-06,Flipkart,Fashion,False,Normal Day,56,56,6.5,49341.55,3
2023-09-06,Flipkart,Home & Kitchen,False,Normal Day,35,51,10.3,63728.71,1
2023-09-06,Flipkart,Beauty & Personal Care,False,Normal Day,28,34,12.3,19035.05,0
2023-09-06,Flipkart,Grocery,False,Normal Day,20,26,5.7,9788.38,0
2023-09-06,Flipkart,Books,False,Normal Day,15,15,5.7,5559.57,0
2023-09-06,Flipkart,Sports & Fitness,False,Normal Day,25,34,8.8,34220.84,0
2023-09-07,Amazon,Electronics,False,Normal Day,49,55,11.0,160453.16,1
2023-09-07,Amazon,Mobiles,False,Normal Day,44,56,12.7,713164.71,1
2023-09-07,Amazon,Fashion,False,Normal Day,40,53,10.0,47021.4,0
2023-09-07,Amazon,Home & Kitchen,False,Normal Day,27,38,10.8,47561.96,1
2023-09-07,Amazon,Beauty & Personal Care,False,Normal Day,21,28,14.3,15079.71,0
2023-09-07,Amazon,Grocery,False,Normal Day,9,9,7.9,3633.32,0
2023-09-07,Amazon,Books,False,Normal Day,10,12,13.3,4011.54,0
2023-09-07,Amazon,Sports & Fitness,False,Normal Day,29,29,14.7,27984.55,0
2023-09-07,Flipkart,Electronics,False,Normal Day,60,65,14.5,176313.06,3
2023-09-07,Flipkart,Mobiles,False,Normal Day,61,65,9.9,863513.15,3
2023-09-07,Flipkart,Fashion,False,Normal Day,36,54,10.6,46359.99,2
2023-09-07,Flipkart,Home & Kitchen,False,Normal Day,44,44,9.9,56800.53,2
2023-09-07,Flipkart,Beauty & Personal Care,False,Normal Day,30,30,12.5,15987.71,0
2023-09-07,Flipkart,Grocery,False,Normal Day,16,17,11.0,6701.75,0
2023-09-07,Flipkart,Books,False,Normal Day,5,6,6.8,2158.51,0
2023-09-07,Flipkart,Sports & Fitness,False,Normal Day,35,42,6.3,43855.39,1
2023-09-08,Amazon,Electronics,False,Normal Day,62,62,9.9,176913.13,1
2023-09-08,Amazon,Mobiles,False,Normal Day,78,109,7.1,1517805.54,2
2023-09-08,Amazon,Fashion,False,Normal Day,31,36,11.6,31021.74,1
2023-09-08,Amazon,Home & Kitchen,False,Normal Day,38,47,6.2,61149.33,1
2023-09-08,Amazon,Beauty & Personal Care,False,Normal Day,26,30,8.8,18407.88,1
2023-09-08,Amazon,Grocery,False,Normal Day,11,13,13.7,4965.64,0
2023-09-08,Amazon,Books,False,Normal Day,13,14,5.0,5419.39,0
2023-09-08,Amazon,Sports & Fitness,False,Normal Day,30,40,12.3,40432.95,1
2023-09-08,Flipkart,Electronics,False,Normal Day,59,59,14.4,162703.7,3
2023-09-08,Flipkart,Mobiles,False,Normal Day,75,99,13.2,1271544.85,3
2023-09-08,Flipkart,Fashion,False,Normal Day,50,50,11.4,44779.26,1
2023-09-08,Flipkart,Home & Kitchen,False,Normal Day,35,47,10.9,58262.13,0
2023-09-08,Flipkart,Beauty & Personal Care,False,Normal Day,26,28,13.5,15822.54,0
2023-09-08,Flipkart,Grocery,False,Normal Day,18,21,11.8,8409.69,0
2023-09-08,Flipkart,Books,False,Normal Day,14,15,7.1,5773.2,0
2023-09-08,Flipkart,Sports & Fitness,False,Normal Day,26,30,10.0,29603.78,0
2023-09-09,Amazon,Electronics,False,Normal Day,70,82,5.3,259668.89,1
2023-09-09,Amazon,Mobiles,False,Normal Day,73,97,11.2,1299460.73,2
2023-09-09,Amazon,Fashion,False,Normal Day,53,53,6.5,48759.5,2
2023-09-09,Amazon,Home & Kitchen,False,Normal Day,33,37,12.7,45301.81,1
2023-09-09,Amazon,Beauty & Personal Care,False,Normal Day,39,48,5.7,30260.16,0
2023-09-09,Amazon,Grocery,False,Normal Day,15,16,6.7,6664.55,0
2023-09-09,Amazon,Books,False,Normal Day,17,23,5.3,8187.31,0
2023-09-09,Amazon,Sports & Fitness,False,Normal Day,22,22,6.5,22416.76,0
2023-09-09,Flipkart,Electronics,False,Normal Day,86,112,5.2,370914.41,4
2023-09-09,Flipkart,Mobiles,False,Normal Day,81,129,7.7,1703203.45,2
2023-09-09,Flipkart,Fashion,False,Normal Day,38,38,12.0,32637.27,0
2023-09-09,Flipkart,Home & Kitchen,False,Normal Day,40,48,9.7,64654.98,0
2023-09-09,Flipkart,Beauty & Personal Care,False,Normal Day,24,31,10.2,17545.64,0
2023-09-09,Flipkart,Grocery,False,Normal Day,21,25,6.1,9997.91,1
2023-09-09,Flipkart,Books,False,Normal Day,12,14,12.0,4659.34,0
2023-09-09,Flipkart,Sports & Fitness,False,Normal Day,26,29,14.9,27853.39,0
2023-09-10,Amazon,Electronics,False,Normal Day,61,72,5.5,224373.61,3
2023-09-10,Amazon,Mobiles,False,Normal Day,115,129,14.1,1622016.36,2
2023-09-10,Amazon,Fashion,False,Normal Day,52,61,14.8,49919.02,2
2023-09-10,Amazon,Home & Kitchen,False,Normal Day,22,26,6.2,33206.54,1
2023-09-10,Amazon,Beauty & Personal Care,False,Normal Day,23,24,14.4,13315.45,0
2023-09-10,Amazon,Grocery,False,Normal Day,10,10,10.3,3936.42,0
2023-09-10,Amazon,Books,False,Normal Day,11,13,6.0,4689.8,0
2023-09-10,Amazon,Sports & Fitness,False,Normal Day,23,32,9.5,32383.91,0
2023-09-10,Flipkart,Electronics,False,Normal Day,42,51,13.2,140879.63,2
2023-09-10,Flipkart,Mobiles,False,Normal Day,78,91,7.6,1225269.53,2
2023-09-10,Flipkart,Fashion,False,Normal Day,43,54,12.0,44493.39,2
2023-09-10,Flipkart,Home & Kitchen,False,Normal Day,29,39,11.0,48009.65,1
2023-09-10,Flipkart,Beauty & Personal Care,False,Normal Day,36,49,12.8,27438.93,1
2023-09-10,Flipkart,Grocery,False,Normal Day,23,23,14.1,8323.71,0
2023-09-10,Flipkart,Books,False,Normal Day,9,10,6.0,3852.16,0
2023-09-10,Flipkart,Sports & Fitness,False,Normal Day,21,29,14.0,26667.8,1
2023-09-11,Amazon,Electronics,False,Normal Day,53,64,9.5,188602.49,1
2023-09-11,Amazon,Mobiles,False,Normal Day,59,76,10.0,1030261.25,1
2023-09-11,Amazon,Fashion,False,Normal Day,43,43,6.7,38873.85,1
2023-09-11,Amazon,Home & Kitchen,False,Normal Day,28,42,11.4,53251.19,1
2023-09-11,Amazon,Beauty & Personal Care,False,Normal Day,26,26,7.6,16126.24,0
2023-09-11,Amazon,Grocery,False,Normal Day,14,21,9.5,8020.8,0
2023-09-11,Amazon,Books,False,Normal Day,17,20,9.5,6906.1,0
2023-09-11,Amazon,Sports & Fitness,False,Normal Day,20,21,11.0,20939.0,0
2023-09-11,Flipkart,Electronics,False,Normal Day,63,63,8.2,183926.82,1
2023-09-11,Flipkart,Mobiles,False,Normal Day,63,67,8.8,890058.71,1
2023-09-11,Flipkart,Fashion,False,Normal Day,44,44,6.8,39681.65,1
2023-09-11,Flipkart,Home & Kitchen,False,Normal Day,51,67,11.9,84013.89,2
2023-09-11,Flipkart,Beauty & Personal Care,False,Normal Day,27,33,10.8,19397.38,0
2023-09-11,Flipkart,Grocery,False,Normal Day,11,11,12.9,4053.66,0
2023-09-11,Flipkart,Books,False,Normal Day,17,20,9.1,6995.43,0
2023-09-11,Flipkart,Sports & Fitness,False,Normal Day,27,27,5.5,28769.74,1
2023-09-12,Amazon,Electronics,False,Normal Day,51,58,5.7,174652.99,2
2023-09-12,Amazon,Mobiles,False,Normal Day,74,84,12.3,1036659.54,3
2023-09-12,Amazon,Fashion,False,Normal Day,34,40,5.3,37276.66,1
2023-09-12,Amazon,Home & Kitchen,False,Normal Day,36,45,6.2,61342.05,1
2023-09-12,Amazon,Beauty & Personal Care,False,Normal Day,24,31,7.3,17591.54,1
2023-09-12,Amazon,Grocery,False,Normal Day,16,16,14.0,5864.95,0
2023-09-12,Amazon,Books,False,Normal Day,15,15,9.3,5261.99,0
2023-09-12,Amazon,Sports & Fitness,False,Normal Day,30,36,6.7,37909.59,1
2023-09-12,Flipkart,Electronics,False,Normal Day,70,70,9.6,205165.99,1
2023-09-12,Flipkart,Mobiles,False,Normal Day,70,85,7.8,1099441.71,2
2023-09-12,Flipkart,Fashion,False,Normal Day,34,38,14.9,30915.36,1
2023-09-12,Flipkart,Home & Kitchen,False,Normal Day,42,43,11.4,53582.17,2
2023-09-12,Flipkart,Beauty & Personal Care,False,Normal Day,31,31,7.9,19044.79,0
2023-09-12,Flipkart,Grocery,False,Normal Day,16,20,8.2,7469.39,0
2023-09-12,Flipkart,Books,False,Normal Day,7,8,5.9,2918.84,0
2023-09-12,Flipkart,Sports & Fitness,False,Normal Day,28,40,11.3,37947.43,1
2023-09-13,Amazon,Electronics,False,Normal Day,46,58,8.8,161199.52,1
2023-09-13,Amazon,Mobiles,False,Normal Day,89,93,14.5,1175530.97,2
2023-09-13,Amazon,Fashion,False,Normal Day,32,44,14.0,36557.09,1
2023-09-13,Amazon,Home & Kitchen,False,Normal Day,25,35,12.8,45491.6,1
2023-09-13,Amazon,Beauty & Personal Care,False,Normal Day,21,26,14.7,14236.67,0
2023-09-13,Amazon,Grocery,False,Normal Day,21,27,12.1,9948.3,0
2023-09-13,Amazon,Books,False,Normal Day,9,9,8.4,3458.99,0
2023-09-13,Amazon,Sports & Fitness,False,Normal Day,24,26,8.7,27064.18,1
2023-09-13,Flipkart,Electronics,False,Normal Day,50,71,6.8,224815.78,1
2023-09-13,Flipkart,Mobiles,False,Normal Day,71,102,7.6,1386113.6,1
2023-09-13,Flipkart,Fashion,False,Normal Day,52,66,11.5,53908.24,1
2023-09-13,Flipkart,Home & Kitchen,False,Normal Day,43,47,9.1,62358.27,2
2023-09-13,Flipkart,Beauty & Personal Care,False,Normal Day,21,22,12.1,12384.81,0
2023-09-13,Flipkart,Grocery,False,Normal Day,23,23,8.8,9052.77,0
2023-09-13,Flipkart,Books,False,Normal Day,13,16,11.1,5415.78,0
2023-09-13,Flipkart,Sports & Fitness,False,Normal Day,16,20,9.3,20879.59,0
2023-09-14,Amazon,Electronics,False,Normal Day,66,75,13.4,198137.87,3
2023-09-14,Amazon,Mobiles,False,Normal Day,82,112,13.2,1484739.37,2
2023-09-14,Amazon,Fashion,False,Normal Day,36,37,8.5,30653.44,1
2023-09-14,Amazon,Home & Kitchen,False,Normal Day,40,46,12.3,59219.82,1
2023-09-14,Amazon,Beauty & Personal Care,False,Normal Day,14,15,5.4,8983.11,0
2023-09-14,Amazon,Grocery,False,Normal Day,15,20,13.6,7698.48,0
2023-09-14,Amazon,Books,False,Normal Day,11,12,7.2,4191.35,0
2023-09-14,Amazon,Sports & Fitness,False,Normal Day,26,26,5.2,27610.19,1
2023-09-14,Flipkart,Electronics,False,Normal Day,71,71,7.1,216294.61,1
2023-09-14,Flipkart,Mobiles,False,Normal Day,59,59,13.3,736217.86,1
2023-09-14,Flipkart,Fashion,False,Normal Day,24,25,7.2,21513.0,1
2023-09-14,Flipkart,Home & Kitchen,False,Normal Day,43,45,8.3,57923.77,1
2023-09-14,Flipkart,Beauty & Personal Care,False,Normal Day,19,23,14.8,12522.77,0
2023-09-14,Flipkart,Grocery,False,Normal Day,15,19,14.3,6805.33,0
2023-09-14,Flipkart,Books,False,Normal Day,7,7,7.3,2841.71,0
2023-09-14,Flipkart,Sports & Fitness,False,Normal Day,18,18,9.6,17352.75,0
2023-09-15,Amazon,Electronics,False,Normal Day,54,75,6.6,225872.46,1
2023-09-15,Amazon,Mobiles,False,Normal Day,70,82,9.2,1022104.53,2
2023-09-15,Amazon,Fashion,False,Normal Day,32,32,5.0,29980.46,1
2023-09-15,Amazon,Home & Kitchen,False,Normal Day,38,39,11.2,49571.57,2
2023-09-15,Amazon,Beauty & Personal Care,False,Normal Day,19,22,11.8,13607.08,0
2023-09-15,Amazon,Grocery,False,Normal Day,14,16,7.5,6277.97,0
2023-09-15,Amazon,Books,False,Normal Day,13,17,5.6,6336.59,0
2023-09-15,Amazon,Sports & Fitness,False,Normal Day,35,35,12.0,34441.71,1
2023-09-15,Flipkart,Electronics,False,Normal Day,65,65,13.6,182379.42,1
2023-09-15,Flipkart,Mobiles,False,Normal Day,55,72,8.8,983768.9,2
2023-09-15,Flipkart,Fashion,False,Normal Day,45,45,8.2,38753.25,1
2023-09-15,Flipkart,Home & Kitchen,False,Normal Day,36,45,14.9,51535.83,1
2023-09-15,Flipkart,Beauty & Personal Care,False,Normal Day,22,31,5.9,18866.35,0
2023-09-15,Flipkart,Grocery,False,Normal Day,14,14,8.8,6119.15,0
2023-09-15,Flipkart,Books,False,Normal Day,12,14,10.2,5132.25,0
2023-09-15,Flipkart,Sports & Fitness,False,Normal Day,22,27,5.9,28429.67,0
2023-09-16,Amazon,Electronics,False,Normal Day,72,107,13.9,290118.56,2
2023-09-16,Amazon,Mobiles,False,Normal Day,63,81,6.4,1142843.45,2
2023-09-16,Amazon,Fashion,False,Normal Day,26,35,8.7,30394.15,0
2023-09-16,Amazon,Home & Kitchen,False,Normal Day,45,56,11.4,70811.08,1
2023-09-16,Amazon,Beauty & Personal Care,False,Normal Day,19,21,14.8,11465.72,0
2023-09-16,Amazon,Grocery,False,Normal Day,18,20,7.2,7619.46,0
2023-09-16,Amazon,Books,False,Normal Day,11,12,8.1,4214.32,0
2023-09-16,Amazon,Sports & Fitness,False,Normal Day,29,30,10.2,29587.56,1
2023-09-16,Flipkart,Electronics,False,Normal Day,79,93,5.1,273217.81,2
2023-09-16,Flipkart,Mobiles,False,Normal Day,86,92,11.9,1126091.12,2
2023-09-16,Flipkart,Fashion,False,Normal Day,56,56,11.1,46256.8,1
2023-09-16,Flipkart,Home & Kitchen,False,Normal Day,36,48,10.4,60989.42,0
2023-09-16,Flipkart,Beauty & Personal Care,False,Normal Day,23,23,12.0,13034.76,1
2023-09-16,Flipkart,Grocery,False,Normal Day,24,30,6.4,11295.32,0
2023-09-16,Flipkart,Books,False,Normal Day,7,7,5.7,2458.13,0
2023-09-16,Flipkart,Sports & Fitness,False,Normal Day,30,42,10.5,42219.92,1
2023-09-17,Amazon,Electronics,False,Normal Day,75,99,12.2,271997.81,1
2023-09-17,Amazon,Mobiles,False,Normal Day,70,108,7.0,1429783.91,3
2023-09-17,Amazon,Fashion,False,Normal Day,50,60,12.7,53669.58,2
2023-09-17,Amazon,Home & Kitchen,False,Normal Day,31,35,7.9,46166.23,1
2023-09-17,Amazon,Beauty & Personal Care,False,Normal Day,22,26,14.5,15144.96,0
2023-09-17,Amazon,Grocery,False,Normal Day,18,21,14.3,7624.43,1
2023-09-17,Amazon,Books,False,Normal Day,11,12,7.0,4348.8,0
2023-09-17,Amazon,Sports & Fitness,False,Normal Day,32,32,5.6,34690.73,0
2023-09-17,Flipkart,Electronics,False,Normal Day,60,60,8.5,174802.91,1
2023-09-17,Flipkart,Mobiles,False,Normal Day,89,126,13.5,1562904.13,4
2023-09-17,Flipkart,Fashion,False,Normal Day,61,65,5.7,57340.55,2
2023-09-17,Flipkart,Home & Kitchen,False,Normal Day,31,32,15.0,38982.41,0
2023-09-17,Flipkart,Beauty & Personal Care,False,Normal Day,20,21,10.8,12676.97,0
2023-09-17,Flipkart,Grocery,False,Normal Day,22,23,11.0,8857.76,1
2023-09-17,Flipkart,Books,False,Normal Day,12,12,5.3,4246.95,0
2023-09-17,Flipkart,Sports & Fitness,False,Normal Day,27,30,6.3,30939.78,0
2023-09-18,Amazon,Electronics,False,Normal Day,56,64,7.4,190539.19,2
2023-09-18,Amazon,Mobiles,False,Normal Day,53,67,12.0,867308.02,1
2023-09-18,Amazon,Fashion,False,Normal Day,44,44,6.4,37987.97,1
2023-09-18,Amazon,Home & Kitchen,False,Normal Day,46,53,14.6,64735.36,1
2023-09-18,Amazon,Beauty & Personal Care,False,Normal Day,26,29,10.1,17578.14,0
2023-09-18,Amazon,Grocery,False,Normal Day,12,14,11.7,5113.19,0
2023-09-18,Amazon,Books,False,Normal Day,11,12,5.7,4705.89,0
2023-09-18,Amazon,Sports & Fitness,False,Normal Day,18,24,13.7,22429.61,0
2023-09-18,Flipkart,Electronics,False,Normal Day,71,77,5.8,225313.53,2
2023-09-18,Flipkart,Mobiles,False,Normal Day,69,78,10.0,1059150.8,2
2023-09-18,Flipkart,Fashion,False,Normal Day,36,46,7.2,41214.98,0
2023-09-18,Flipkart,Home & Kitchen,False,Normal Day,54,55,8.9,71707.15,2
2023-09-18,Flipkart,Beauty & Personal Care,False,Normal Day,24,28,7.2,17159.74,1
2023-09-18,Flipkart,Grocery,False,Normal Day,17,20,9.8,7171.92,0
2023-09-18,Flipkart,Books,False,Normal Day,12,15,6.9,5378.22,0
2023-09-18,Flipkart,Sports & Fitness,False,Normal Day,35,35,5.8,35154.45,1
2023-09-19,Amazon,Electronics,False,Normal Day,69,92,13.3,257532.41,4
2023-09-19,Amazon,Mobiles,False,Normal Day,67,71,6.6,970471.23,2
2023-09-19,Amazon,Fashion,False,Normal Day,37,49,12.3,42356.39,0
2023-09-19,Amazon,Home & Kitchen,False,Normal Day,33,41,5.0,53693.85,0
2023-09-19,Amazon,Beauty & Personal Care,False,Normal Day,18,20,12.3,12400.08,0
2023-09-19,Amazon,Grocery,False,Normal Day,22,27,13.0,10379.51,0
2023-09-19,Amazon,Books,False,Normal Day,11,13,5.5,4958.62,0
2023-09-19,Amazon,Sports & Fitness,False,Normal Day,26,35,12.5,35502.33,1
2023-09-19,Flipkart,Electronics,False,Normal Day,62,83,8.0,253727.29,3
2023-09-19,Flipkart,Mobiles,False,Normal Day,75,75,5.5,1078004.83,1
2023-09-19,Flipkart,Fashion,False,Normal Day,42,48,10.6,40753.17,0
2023-09-19,Flipkart,Home & Kitchen,False,Normal Day,36,50,11.2,60251.24,1
2023-09-19,Flipkart,Beauty & Personal Care,False,Normal Day,17,23,9.8,14079.29,0
2023-09-19,Flipkart,Grocery,False,Normal Day,16,18,6.3,6726.19,0
2023-09-19,Flipkart,Books,False,Normal Day,12,14,6.8,5171.25,0
2023-09-19,Flipkart,Sports & Fitness,False,Normal Day,30,35,10.8,33481.38,1
2023-09-20,Amazon,Electronics,False,Normal Day,76,91,8.1,267270.41,4
2023-09-20,Amazon,Mobiles,False,Normal Day,77,79,14.1,947605.58,4
2023-09-20,Amazon,Fashion,False,Normal Day,42,49,8.9,40995.6,1
2023-09-20,Amazon,Home & Kitchen,False,Normal Day,25,31,13.3,38844.97,0
2023-09-20,Amazon,Beauty & Personal Care,False,Normal Day,20,23,7.4,14460.14,1
2023-09-20,Amazon,Grocery,False,Normal Day,10,13,7.8,5005.45,0
2023-09-20,Amazon,Books,False,Normal Day,10,11,12.2,3795.24,0
2023-09-20,Amazon,Sports & Fitness,False,Normal Day,25,27,14.6,26308.51,0
2023-09-20,Flipkart,Electronics,False,Normal Day,71,71,12.6,204536.8,3
2023-09-20,Flipkart,Mobiles,False,Normal Day,79,79,8.5,1049686.47,1
2023-09-20,Flipkart,Fashion,False,Normal Day,30,33,8.0,28575.36,0
2023-09-20,Flipkart,Home & Kitchen,False,Normal Day,25,31,13.8,39126.82,0
2023-09-20,Flipkart,Beauty & Personal Care,False,Normal Day,24,29,6.5,18408.33,0
2023-09-20,Flipkart,Grocery,False,Normal Day,9,10,12.1,3864.21,0
2023-09-20,Flipkart,Books,False,Normal Day,10,13,10.3,4636.64,0
2023-09-20,Flipkart,Sports & Fitness,False,Normal Day,20,20,10.4,21000.45,0
2023-09-21,Amazon,Electronics,False,Normal Day,63,67,14.6,184126.34,3
2023-09-21,Amazon,Mobiles,False,Normal Day,66,75,8.8,1019014.12,3
2023-09-21,Amazon,Fashion,False,Normal Day,37,37,12.4,29629.41,1
2023-09-21,Amazon,Home & Kitchen,False,Normal Day,21,21,10.9,26277.95,1
2023-09-21,Amazon,Beauty & Personal Care,False,Normal Day,18,24,14.8,13527.1,0
2023-09-21,Amazon,Grocery,False,Normal Day,26,26,9.1,10162.71,1
2023-09-21,Amazon,Books,False,Normal Day,18,23,5.3,8434.88,0
2023-09-21,Amazon,Sports & Fitness,False,Normal Day,24,24,6.4,25391.38,0
2023-09-21,Flipkart,Electronics,False,Normal Day,64,70,11.8,191865.76,1
2023-09-21,Flipkart,Mobiles,False,Normal Day,64,64,13.3,791148.6,2
2023-09-21,Flipkart,Fashion,False,Normal Day,39,44,8.5,37275.7,2
2023-09-21,Flipkart,Home & Kitchen,False,Normal Day,29,29,11.2,35421.07,1
2023-09-21,Flipkart,Beauty & Personal Care,False,Normal Day,36,39,11.5,22784.41,1
2023-09-21,Flipkart,Grocery,False,Normal Day,14,14,14.5,5051.21,0
2023-09-21,Flipkart,Books,False,Normal Day,7,7,12.3,2340.56,0
2023-09-21,Flipkart,Sports & Fitness,False,Normal Day,18,19,8.3,20024.84,0
2023-09-22,Amazon,Electronics,False,Normal Day,63,64,14.7,185766.7,2
2023-09-22,Amazon,Mobiles,False,Normal Day,67,67,9.9,820660.27,2
2023-09-22,Amazon,Fashion,False,Normal Day,34,43,11.0,37644.65,1
2023-09-22,Amazon,Home & Kitchen,False,Normal Day,34,46,8.3,61315.68,1
2023-09-22,Amazon,Beauty & Personal Care,False,Normal Day,23,23,14.5,12474.62,1
2023-09-22,Amazon,Grocery,False,Normal Day,17,19,11.6,7298.67,0
2023-09-22,Amazon,Books,False,Normal Day,9,10,5.2,3820.03,0
2023-09-22,Amazon,Sports & Fitness,False,Normal Day,37,51,14.7,48171.33,1
2023-09-22,Flipkart,Electronics,False,Normal Day,63,63,8.5,187331.55,2
2023-09-22,Flipkart,Mobiles,False,Normal Day,63,68,7.2,926126.99,3
2023-09-22,Flipkart,Fashion,False,Normal Day,39,41,5.2,38921.09,1
2023-09-22,Flipkart,Home & Kitchen,False,Normal Day,26,31,8.1,40880.0,0
2023-09-22,Flipkart,Beauty & Personal Care,False,Normal Day,14,16,6.9,10009.02,0
2023-09-22,Flipkart,Grocery,False,Normal Day,14,15,13.4,5563.23,0
2023-09-22,Flipkart,Books,False,Normal Day,14,16,12.6,5263.2,0
2023-09-22,Flipkart,Sports & Fitness,False,Normal Day,35,41,12.1,40405.3,1
2023-09-23,Amazon,Electronics,False,Normal Day,64,80,6.9,223499.81,2
2023-09-23,Amazon,Mobiles,False,Normal Day,95,95,14.6,1212631.85,4
2023-09-23,Amazon,Fashion,False,Normal Day,33,34,7.3,28866.19,1
2023-09-23,Amazon,Home & Kitchen,False,Normal Day,51,51,5.3,65173.05,2
2023-09-23,Amazon,Beauty & Personal Care,False,Normal Day,34,42,9.4,25388.23,1
2023-09-23,Amazon,Grocery,False,Normal Day,22,22,9.2,8196.38,0
2023-09-23,Amazon,Books,False,Normal Day,15,17,7.0,5996.25,0
2023-09-23,Amazon,Sports & Fitness,False,Normal Day,36,36,13.1,33047.43,1
2023-09-23,Flipkart,Electronics,False,Normal Day,73,88,10.9,247949.81,2
2023-09-23,Flipkart,Mobiles,False,Normal Day,97,106,5.4,1451842.61,4
2023-09-23,Flipkart,Fashion,False,Normal Day,46,62,13.0,51932.21,0
2023-09-23,Flipkart,Home & Kitchen,False,Normal Day,48,57,5.1,76765.46,2
2023-09-23,Flipkart,Beauty & Personal Care,False,Normal Day,29,29,8.5,17336.81,0
2023-09-23,Flipkart,Grocery,False,Normal Day,20,25,12.4,9216.26,0
2023-09-23,Flipkart,Books,False,Normal Day,9,13,8.0,5011.64,0
2023-09-23,Flipkart,Sports & Fitness,False,Normal Day,29,31,7.7,29683.43,1
2023-09-24,Amazon,Electronics,False,Normal Day,67,72,14.6,195116.63,2
2023-09-24,Amazon,Mobiles,False,Normal Day,85,122,9.9,1727082.25,4
2023-09-24,Amazon,Fashion,False,Normal Day,41,56,13.7,44642.16,1
2023-09-24,Amazon,Home & Kitchen,False,Normal Day,33,35,11.1,42541.97,1
2023-09-24,Amazon,Beauty & Personal Care,False,Normal Day,32,41,14.1,24029.87,1
2023-09-24,Amazon,Grocery,False,Normal Day,20,23,9.8,8897.98,0
2023-09-24,Amazon,Books,False,Normal Day,8,9,7.6,3192.8,0
2023-09-24,Amazon,Sports & Fitness,False,Normal Day,27,28,11.0,27091.47,0
2023-09-24,Flipkart,Electronics,False,Normal Day,71,74,14.9,199760.38,1
2023-09-24,Flipkart,Mobiles,False,Normal Day,74,96,7.3,1259961.58,1
2023-09-24,Flipkart,Fashion,False,Normal Day,39,45,9.2,38088.39,1
2023-09-24,Flipkart,Home & Kitchen,False,Normal Day,50,62,13.4,82111.05,2
2023-09-24,Flipkart,Beauty & Personal Care,False,Normal Day,23,23,11.8,13696.32,1
2023-09-24,Flipkart,Grocery,False,Normal Day,27,31,7.6,11972.43,0
2023-09-24,Flipkart,Books,False,Normal Day,15,19,14.1,6167.59,0
2023-09-24,Flipkart,Sports & Fitness,False,Normal Day,37,61,14.1,58850.77,1
2023-09-25,Amazon,Electronics,False,Normal Day,74,95,14.1,259461.14,3
2023-09-25,Amazon,Mobiles,False,Normal Day,66,70,11.5,889767.54,3
2023-09-25,Amazon,Fashion,False,Normal Day,28,36,13.6,31034.81,1
2023-09-25,Amazon,Home & Kitchen,False,Normal Day,28,30,13.5,36970.41,1
2023-09-25,Amazon,Beauty & Personal Care,False,Normal Day,19,21,5.5,13306.34,0
2023-09-25,Amazon,Grocery,False,Normal Day,15,20,5.3,8135.93,0
2023-09-25,Amazon,Books,False,Normal Day,11,11,6.9,3902.11,0
2023-09-25,Amazon,Sports & Fitness,False,Normal Day,16,19,6.0,21551.05,0
2023-09-25,Flipkart,Electronics,False,Normal Day,46,55,10.3,148034.9,1
2023-09-25,Flipkart,Mobiles,False,Normal Day,54,68,14.2,861577.98,2
2023-09-25,Flipkart,Fashion,False,Normal Day,27,36,11.6,31965.27,1
2023-09-25,Flipkart,Home & Kitchen,False,Normal Day,25,26,14.0,32885.04,0
2023-09-25,Flipkart,Beauty & Personal Care,False,Normal Day,23,23,12.8,13007.78,0
2023-09-25,Flipkart,Grocery,False,Normal Day,14,17,6.8,6808.39,0
2023-09-25,Flipkart,Books,False,Normal Day,14,14,14.4,4854.92,0
2023-09-25,Flipkart,Sports & Fitness,False,Normal Day,30,31,11.8,29888.28,0
2023-09-26,Amazon,Electronics,False,Normal Day,51,74,14.9,197304.24,2
2023-09-26,Amazon,Mobiles,False,Normal Day,53,65,11.6,834938.68,1
2023-09-26,Amazon,Fashion,False,Normal Day,45,45,14.7,35543.0,2
2023-09-26,Amazon,Home & Kitchen,False,Normal Day,31,31,5.1,40710.74,1
2023-09-26,Amazon,Beauty & Personal Care,False,Normal Day,15,18,13.3,10092.98,0
2023-09-26,Amazon,Grocery,False,Normal Day,15,16,14.5,5587.68,0
2023-09-26,Amazon,Books,False,Normal Day,12,17,11.4,5973.12,0
2023-09-26,Amazon,Sports & Fitness,False,Normal Day,18,24,9.5,23652.16,0
2023-09-26,Flipkart,Electronics,False,Normal Day,56,62,7.1,177593.13,1
2023-09-26,Flipkart,Mobiles,False,Normal Day,67,89,9.0,1206417.58,2
2023-09-26,Flipkart,Fashion,False,Normal Day,56,64,9.2,57687.23,1
2023-09-26,Flipkart,Home & Kitchen,False,Normal Day,41,48,12.0,63141.07,1
2023-09-26,Flipkart,Beauty & Personal Care,False,Normal Day,16,17,10.7,10241.9,0
2023-09-26,Flipkart,Grocery,False,Normal Day,13,16,10.4,5954.46,0
2023-09-26,Flipkart,Books,False,Normal Day,9,10,11.7,3399.15,0
2023-09-26,Flipkart,Sports & Fitness,False,Normal Day,17,22,11.2,21574.63,0
2023-09-27,Amazon,Electronics,False,Normal Day,61,82,10.7,243086.19,1
2023-09-27,Amazon,Mobiles,False,Normal Day,83,98,13.9,1279898.37,3
2023-09-27,Amazon,Fashion,False,Normal Day,43,61,6.1,54704.73,0
2023-09-27,Amazon,Home & Kitchen,False,Normal Day,30,36,11.1,45966.99,1
2023-09-27,Amazon,Beauty & Personal Care,False,Normal Day,20,23,11.3,13872.38,1
2023-09-27,Amazon,Grocery,False,Normal Day,19,19,8.7,7416.35,0
2023-09-27,Amazon,Books,False,Normal Day,9,9,5.8,3301.05,0
2023-09-27,Amazon,Sports & Fitness,False,Normal Day,28,31,9.1,32514.74,1
2023-09-27,Flipkart,Electronics,False,Normal Day,66,80,5.8,254175.01,3
2023-09-27,Flipkart,Mobiles,False,Normal Day,53,61,9.9,845060.12,1
2023-09-27,Flipkart,Fashion,False,Normal Day,30,30,5.9,27170.28,1
2023-09-27,Flipkart,Home & Kitchen,False,Normal Day,39,46,14.1,55938.28,0
2023-09-27,Flipkart,Beauty & Personal Care,False,Normal Day,18,18,13.4,10563.79,0
2023-09-27,Flipkart,Grocery,False,Normal Day,13,15,11.9,5786.09,0
2023-09-27,Flipkart,Books,False,Normal Day,8,8,11.0,2880.93,0
2023-09-27,Flipkart,Sports & Fitness,False,Normal Day,28,28,13.3,27685.57,0
2023-09-28,Amazon,Electronics,False,Normal Day,84,89,8.9,268182.97,3
2023-09-28,Amazon,Mobiles,False,Normal Day,44,56,7.5,777545.1,2
2023-09-28,Amazon,Fashion,False,Normal Day,43,57,11.8,45528.93,2
2023-09-28,Amazon,Home & Kitchen,False,Normal Day,32,33,13.8,40937.51,1
2023-09-28,Amazon,Beauty & Personal Care,False,Normal Day,17,21,10.4,13033.1,0
2023-09-28,Amazon,Grocery,False,Normal Day,15,16,7.8,6175.05,0
2023-09-28,Amazon,Books,False,Normal Day,11,13,14.3,4426.11,0
2023-09-28,Amazon,Sports & Fitness,False,Normal Day,27,27,8.2,28780.74,1
2023-09-28,Flipkart,Electronics,False,Normal Day,58,58,12.5,159729.99,2
2023-09-28,Flipkart,Mobiles,False,Normal Day,67,71,8.0,932096.57,2
2023-09-28,Flipkart,Fashion,False,Normal Day,37,43,13.5,36530.64,0
2023-09-28,Flipkart,Home & Kitchen,False,Normal Day,29,33,5.1,45210.79,0
2023-09-28,Flipkart,Beauty & Personal Care,False,Normal Day,28,30,7.8,18676.13,1
2023-09-28,Flipkart,Grocery,False,Normal Day,20,22,7.9,8804.69,0
2023-09-28,Flipkart,Books,False,Normal Day,8,8,11.6,2801.84,0
2023-09-28,Flipkart,Sports & Fitness,False,Normal Day,14,14,14.1,14213.57,0
2023-09-29,Amazon,Electronics,False,Normal Day,61,84,10.6,238728.01,2
2023-09-29,Amazon,Mobiles,False,Normal Day,62,74,10.1,960453.2,1
2023-09-29,Amazon,Fashion,False,Normal Day,45,47,5.7,42897.89,2
2023-09-29,Amazon,Home & Kitchen,False,Normal Day,40,52,13.1,62848.03,1
2023-09-29,Amazon,Beauty & Personal Care,False,Normal Day,21,23,7.5,14195.74,1
2023-09-29,Amazon,Grocery,False,Normal Day,25,35,8.2,13591.0,0
2023-09-29,Amazon,Books,False,Normal Day,10,11,9.3,3999.62,0
2023-09-29,Amazon,Sports & Fitness,False,Normal Day,29,35,9.9,36526.27,0
2023-09-29,Flipkart,Electronics,False,Normal Day,61,65,11.9,185748.69,2
2023-09-29,Flipkart,Mobiles,False,Normal Day,68,87,11.7,1105656.05,3
2023-09-29,Flipkart,Fashion,False,Normal Day,35,43,12.8,39212.36,1
2023-09-29,Flipkart,Home & Kitchen,False,Normal Day,22,31,5.4,42576.6,0
2023-09-29,Flipkart,Beauty & Personal Care,False,Normal Day,36,40,14.5,21870.5,1
2023-09-29,Flipkart,Grocery,False,Normal Day,22,22,10.1,7773.44,1
2023-09-29,Flipkart,Books,False,Normal Day,9,12,12.1,4042.58,0
2023-09-29,Flipkart,Sports & Fitness,False,Normal Day,28,28,12.0,28332.96,1
2023-09-30,Amazon,Electronics,False,Normal Day,42,59,7.8,164459.79,1
2023-09-30,Amazon,Mobiles,False,Normal Day,59,70,7.0,942724.77,3
2023-09-30,Amazon,Fashion,False,Normal Day,24,25,10.5,21696.71,0
2023-09-30,Amazon,Home & Kitchen,False,Normal Day,42,44,14.4,52938.79,2
2023-09-30,Amazon,Beauty & Personal Care,False,Normal Day,34,44,14.4,24277.85,1
2023-09-30,Amazon,Grocery,False,Normal Day,28,34,12.4,12722.96,1
2023-09-30,Amazon,Books,False,Normal Day,7,7,12.0,2364.43,0
2023-09-30,Amazon,Sports & Fitness,False,Normal Day,35,37,5.8,36660.58,1
2023-09-30,Flipkart,Electronics,False,Normal Day,65,71,9.0,206266.94,1
2023-09-30,Flipkart,Mobiles,False,Normal Day,102,102,10.2,1307640.68,4
2023-09-30,Flipkart,Fashion,False,Normal Day,19,26,9.3,22446.12,0
2023-09-30,Flipkart,Home & Kitchen,False,Normal Day,43,58,7.5,78944.59,0
2023-09-30,Flipkart,Beauty & Personal Care,False,Normal Day,20,20,11.9,11639.04,1
2023-09-30,Flipkart,Grocery,False,Normal Day,28,30,10.0,11260.49,1
2023-09-30,Flipkart,Books,False,Normal Day,16,17,10.6,5923.69,0
2023-09-30,Flipkart,Sports & Fitness,False,Normal Day,38,41,8.5,41261.02,1
2023-10-01,Amazon,Electronics,False,Normal Day,58,58,7.5,166825.68,3
2023-10-01,Amazon,Mobiles,False,Normal Day,81,99,5.1,1376043.48,2
2023-10-01,Amazon,Fashion,False,Normal Day,39,39,8.6,34521.53,2
2023-10-01,Amazon,Home & Kitchen,False,Normal Day,32,32,8.7,41700.19,1
2023-10-01,Amazon,Beauty & Personal Care,False,Normal Day,36,43,13.6,24594.61,1
2023-10-01,Amazon,Grocery,False,Normal Day,20,28,11.2,10157.48,1
2023-10-01,Amazon,Books,False,Normal Day,11,13,14.4,4478.74,0
2023-10-01,Amazon,Sports & Fitness,False,Normal Day,26,30,14.0,28654.76,1
2023-10-01,Flipkart,Electronics,False,Normal Day,47,50,8.6,150468.48,2
2023-10-01,Flipkart,Mobiles,False,Normal Day,88,127,6.1,1724090.31,5
2023-10-01,Flipkart,Fashion,False,Normal Day,50,55,7.2,51851.24,2
2023-10-01,Flipkart,Home & Kitchen,False,Normal Day,42,42,12.9,49616.66,1
2023-10-01,Flipkart,Beauty & Personal Care,False,Normal Day,23,33,7.9,19721.22,0
2023-10-01,Flipkart,Grocery,False,Normal Day,20,20,14.8,7306.92,0
2023-10-01,Flipkart,Books,False,Normal Day,12,12,7.2,4532.1,0
2023-10-01,Flipkart,Sports & Fitness,False,Normal Day,19,24,14.8,22553.51,0
2023-10-02,Amazon,Electronics,False,Normal Day,59,64,12.9,182189.21,3
2023-10-02,Amazon,Mobiles,False,Normal Day,70,78,11.9,975643.33,1
2023-10-02,Amazon,Fashion,False,Normal Day,31,31,7.1,28637.22,0
2023-10-02,Amazon,Home & Kitchen,False,Normal Day,26,33,11.0,42006.23,1
2023-10-02,Amazon,Beauty & Personal Care,False,Normal Day,21,21,7.2,12133.43,0
2023-10-02,Amazon,Grocery,False,Normal Day,13,13,6.1,5712.51,0
2023-10-02,Amazon,Books,False,Normal Day,6,7,12.4,2534.2,0
2023-10-02,Amazon,Sports & Fitness,False,Normal Day,19,19,8.5,20026.75,0
2023-10-02,Flipkart,Electronics,False,Normal Day,71,98,11.7,288470.55,2
2023-10-02,Flipkart,Mobiles,False,Normal Day,79,95,11.5,1228511.89,2
2023-10-02,Flipkart,Fashion,False,Normal Day,51,51,12.1,42100.43,1
2023-10-02,Flipkart,Home & Kitchen,False,Normal Day,24,27,10.6,35337.5,1
2023-10-02,Flipkart,Beauty & Personal Care,False,Normal Day,17,18,10.9,10935.66,0
2023-10-02,Flipkart,Grocery,False,Normal Day,15,18,10.0,6990.59,0
2023-10-02,Flipkart,Books,False,Normal Day,12,16,10.0,5595.25,0
2023-10-02,Flipkart,Sports & Fitness,False,Normal Day,21,27,10.3,27130.19,1
2023-10-03,Amazon,Electronics,False,Normal Day,50,61,5.5,185800.45,2
2023-10-03,Amazon,Mobiles,False,Normal Day,61,61,14.0,739793.69,1
2023-10-03,Amazon,Fashion,False,Normal Day,46,62,5.3,56703.1,2
2023-10-03,Amazon,Home & Kitchen,False,Normal Day,33,36,12.0,45852.71,1
2023-10-03,Amazon,Beauty & Personal Care,False,Normal Day,25,25,13.0,13590.57,1
2023-10-03,Amazon,Grocery,False,Normal Day,15,17,12.1,6615.93,0
2023-10-03,Amazon,Books,False,Normal Day,17,24,10.7,8135.22,0
2023-10-03,Amazon,Sports & Fitness,False,Normal Day,24,25,8.1,25904.2,0
2023-10-03,Flipkart,Electronics,False,Normal Day,66,66,8.0,200548.63,1
2023-10-03,Flipkart,Mobiles,False,Normal Day,67,98,13.5,1251116.45,1
2023-10-03,Flipkart,Fashion,False,Normal Day,36,36,14.2,29420.97,0
2023-10-03,Flipkart,Home & Kitchen,False,Normal Day,23,23,14.7,28097.79,0
2023-10-03,Flipkart,Beauty & Personal Care,False,Normal Day,26,30,12.2,18450.56,1
2023-10-03,Flipkart,Grocery,False,Normal Day,18,22,14.0,8384.92,0
2023-10-03,Flipkart,Books,False,Normal Day,12,15,14.1,5120.96,0
2023-10-03,Flipkart,Sports & Fitness,False,Normal Day,13,13,10.9,12739.56,0
2023-10-04,Amazon,Electronics,False,Normal Day,56,56,14.1,161594.96,1
2023-10-04,Amazon,Mobiles,False,Normal Day,63,69,13.3,876338.26,1
2023-10-04,Amazon,Fashion,False,Normal Day,38,40,12.3,35479.73,1
2023-10-04,Amazon,Home & Kitchen,False,Normal Day,22,22,14.3,27748.5,0
2023-10-04,Amazon,Beauty & Personal Care,False,Normal Day,31,35,9.9,20201.66,0
2023-10-04,Amazon,Grocery,False,Normal Day,8,8,10.9,3235.74,0
2023-10-04,Amazon,Books,False,Normal Day,2,2,9.0,849.4,0
2023-10-04,Amazon,Sports & Fitness,False,Normal Day,27,30,12.3,29076.59,1
2023-10-04,Flipkart,Electronics,False,Normal Day,63,64,10.1,189167.47,3
2023-10-04,Flipkart,Mobiles,False,Normal Day,65,65,7.3,899275.26,2
2023-10-04,Flipkart,Fashion,False,Normal Day,35,44,13.9,36433.05,1
2023-10-04,Flipkart,Home & Kitchen,False,Normal Day,48,54,14.1,69652.25,2
2023-10-04,Flipkart,Beauty & Personal Care,False,Normal Day,18,24,13.5,13697.92,1
2023-10-04,Flipkart,Grocery,False,Normal Day,16,16,5.3,6173.81,0
2023-10-04,Flipkart,Books,False,Normal Day,11,13,7.3,4650.03,0
2023-10-04,Flipkart,Sports & Fitness,False,Normal Day,22,23,9.4,22912.99,1
2023-10-05,Amazon,Electronics,False,Normal Day,61,61,13.6,162636.29,1
2023-10-05,Amazon,Mobiles,False,Normal Day,75,79,6.7,1118993.0,3
2023-10-05,Amazon,Fashion,False,Normal Day,39,46,9.8,40126.94,1
2023-10-05,Amazon,Home & Kitchen,False,Normal Day,38,43,8.7,53744.17,1
2023-10-05,Amazon,Beauty & Personal Care,False,Normal Day,19,23,8.0,13602.08,0
2023-10-05,Amazon,Grocery,False,Normal Day,16,18,9.7,6844.73,0
2023-10-05,Amazon,Books,False,Normal Day,13,14,7.7,5060.07,0
2023-10-05,Amazon,Sports & Fitness,False,Normal Day,20,20,13.0,20769.59,0
2023-10-05,Flipkart,Electronics,False,Normal Day,46,53,6.4,169737.87,1
2023-10-05,Flipkart,Mobiles,False,Normal Day,61,68,13.4,905727.96,3
2023-10-05,Flipkart,Fashion,False,Normal Day,40,49,12.0,40136.2,0
2023-10-05,Flipkart,Home & Kitchen,False,Normal Day,35,45,14.9,50852.17,1
2023-10-05,Flipkart,Beauty & Personal Care,False,Normal Day,22,23,11.5,13725.11,0
2023-10-05,Flipkart,Grocery,False,Normal Day,17,19,12.4,7092.45,0
2023-10-05,Flipkart,Books,False,Normal Day,4,4,8.7,1431.93,0
2023-10-05,Flipkart,Sports & Fitness,False,Normal Day,20,27,12.4,27141.46,1
2023-10-06,Amazon,Electronics,False,Normal Day,62,88,10.6,262318.76,1
2023-10-06,Amazon,Mobiles,False,Normal Day,50,59,9.2,768850.63,1
2023-10-06,Amazon,Fashion,False,Normal Day,40,45,13.2,35477.64,2
2023-10-06,Amazon,Home & Kitchen,False,Normal Day,32,41,13.6,49236.29,1
2023-10-06,Amazon,Beauty & Personal Care,False,Normal Day,18,22,8.1,12677.13,0
2023-10-06,Amazon,Grocery,False,Normal Day,20,25,8.3,9874.32,0
2023-10-06,Amazon,Books,False,Normal Day,23,23,6.5,7945.64,0
2023-10-06,Amazon,Sports & Fitness,False,Normal Day,18,23,11.3,24226.76,0
2023-10-06,Flipkart,Electronics,False,Normal Day,63,80,10.4,234350.01,3
2023-10-06,Flipkart,Mobiles,False,Normal Day,62,80,6.0,1083641.13,1
2023-10-06,Flipkart,Fashion,False,Normal Day,33,35,10.4,30046.07,0
2023-10-06,Flipkart,Home & Kitchen,False,Normal Day,40,40,5.2,55113.98,2
2023-10-06,Flipkart,Beauty & Personal Care,False,Normal Day,28,35,12.1,21098.77,0
2023-10-06,Flipkart,Grocery,False,Normal Day,20,25,12.0,9413.84,1
2023-10-06,Flipkart,Books,False,Normal Day,9,11,13.1,4058.2,0
2023-10-06,Flipkart,Sports & Fitness,False,Normal Day,19,19,11.5,19303.82,0
2023-10-07,Amazon,Electronics,False,Normal Day,54,70,7.7,215122.75,1
2023-10-07,Amazon,Mobiles,False,Normal Day,78,92,13.9,1137978.09,1
2023-10-07,Amazon,Fashion,False,Normal Day,38,46,11.4,37642.04,1
2023-10-07,Amazon,Home & Kitchen,False,Normal Day,38,41,8.8,50448.75,1
2023-10-07,Amazon,Beauty & Personal Care,False,Normal Day,19,21,8.8,13327.91,0
2023-10-07,Amazon,Grocery,False,Normal Day,14,16,14.5,5764.1,0
2023-10-07,Amazon,Books,False,Normal Day,8,8,6.8,2740.08,0
2023-10-07,Amazon,Sports & Fitness,False,Normal Day,27,38,11.3,39337.26,0
2023-10-07,Flipkart,Electronics,False,Normal Day,70,79,8.9,222182.92,2
2023-10-07,Flipkart,Mobiles,False,Normal Day,62,69,11.4,925588.46,1
2023-10-07,Flipkart,Fashion,False,Normal Day,30,31,13.7,25850.1,1
2023-10-07,Flipkart,Home & Kitchen,False,Normal Day,51,60,14.5,73166.68,2
2023-10-07,Flipkart,Beauty & Personal Care,False,Normal Day,27,32,7.8,19103.8,1
2023-10-07,Flipkart,Grocery,False,Normal Day,16,17,14.2,6191.5,0
2023-10-07,Flipkart,Books,False,Normal Day,25,26,11.9,9188.96,0
2023-10-07,Flipkart,Sports & Fitness,False,Normal Day,28,31,7.8,29929.63,1
2023-10-08,Amazon,Electronics,True,Big Billion Days / Great Indian Festival,378,623,67.9,673737.59,15
2023-10-08,Amazon,Mobiles,True,Big Billion Days / Great Indian Festival,517,760,36.8,7072279.83,43
2023-10-08,Amazon,Fashion,True,Big Billion Days / Great Indian Festival,261,359,54.2,159452.73,15
2023-10-08,Amazon,Home & Kitchen,True,Big Billion Days / Great Indian Festival,254,414,46.0,310739.9,13
2023-10-08,Amazon,Beauty & Personal Care,True,Big Billion Days / Great Indian Festival,137,181,46.2,63558.21,6
2023-10-08,Amazon,Grocery,True,Big Billion Days / Great Indian Festival,83,103,66.8,15028.36,4
2023-10-08,Amazon,Books,True,Big Billion Days / Great Indian Festival,62,94,39.3,20947.96,5
2023-10-08,Amazon,Sports & Fitness,True,Big Billion Days / Great Indian Festival,139,184,42.1,114106.29,6
2023-10-08,Flipkart,Electronics,True,Big Billion Days / Great Indian Festival,435,573,61.1,722945.71,38
2023-10-08,Flipkart,Mobiles,True,Big Billion Days / Great Indian Festival,566,828,35.3,7673074.79,31
2023-10-08,Flipkart,Fashion,True,Big Billion Days / Great Indian Festival,304,404,64.7,131165.36,15
2023-10-08,Flipkart,Home & Kitchen,True,Big Billion Days / Great Indian Festival,270,414,64.1,207805.48,13
2023-10-08,Flipkart,Beauty & Personal Care,True,Big Billion Days / Great Indian Festival,164,235,37.7,100029.62,13
2023-10-08,Flipkart,Grocery,True,Big Billion Days / Great Indian Festival,109,171,45.2,39892.13,5
2023-10-08,Flipkart,Books,True,Big Billion Days / Great Indian Festival,60,95,48.3,18562.38,4
2023-10-08,Flipkart,Sports & Fitness,True,Big Billion Days / Great Indian Festival,183,259,65.7,99312.95,8
2023-10-09,Amazon,Electronics,True,Big Billion Days / Great Indian Festival,367,498,50.0,803937.49,26
2023-10-09,Amazon,Mobiles,True,Big Billion Days / Great Indian Festival,426,519,56.1,3271004.24,17
2023-10-09,Amazon,Fashion,True,Big Billion Days / Great Indian Festival,252,344,52.4,155134.31,18
2023-10-09,Amazon,Home & Kitchen,True,Big Billion Days / Great Indian Festival,174,280,37.5,239809.88,13
2023-10-09,Amazon,Beauty & Personal Care,True,Big Billion Days / Great Indian Festival,134,195,69.3,37468.49,7
2023-10-09,Amazon,Grocery,True,Big Billion Days / Great Indian Festival,81,113,47.4,24533.55,6
2023-10-09,Amazon,Books,True,Big Billion Days / Great Indian Festival,54,78,38.5,18252.23,4
2023-10-09,Amazon,Sports & Fitness,True,Big Billion Days / Great Indian Festival,126,160,58.8,70835.97,10
2023-10-09,Flipkart,Electronics,True,Big Billion Days / Great Indian Festival,385,553,35.9,1085558.53,25
2023-10-09,Flipkart,Mobiles,True,Big Billion Days / Great Indian Festival,397,540,52.3,3718978.55,26
2023-10-09,Flipkart,Fashion,True,Big Billion Days / Great Indian Festival,287,477,55.0,202741.64,19
2023-10-09,Flipkart,Home & Kitchen,True,Big Billion Days / Great Indian Festival,178,311,46.5,235399.2,8
2023-10-09,Flipkart,Beauty & Personal Care,True,Big Billion Days / Great Indian Festival,176,266,46.1,95810.1,11
2023-10-09,Flipkart,Grocery,True,Big Billion Days / Great Indian Festival,101,144,53.3,29155.61,6
2023-10-09,Flipkart,Books,True,Big Billion Days / Great Indian Festival,65,84,53.0,16129.74,5
2023-10-09,Flipkart,Sports & Fitness,True,Big Billion Days / Great Indian Festival,164,240,35.3,165995.95,13
2023-10-10,Amazon,Electronics,True,Big Billion Days / Great Indian Festival,318,436,57.3,583396.34,21
2023-10-10,Amazon,Mobiles,True,Big Billion Days / Great Indian Festival,372,564,51.3,3811235.01,17
2023-10-10,Amazon,Fashion,True,Big Billion Days / Great Indian Festival,243,316,60.5,118990.77,21
2023-10-10,Amazon,Home & Kitchen,True,Big Billion Days / Great Indian Festival,186,263,36.1,234994.22,10
2023-10-10,Amazon,Beauty & Personal Care,True,Big Billion Days / Great Indian Festival,118,168,44.9,59594.53,7
2023-10-10,Amazon,Grocery,True,Big Billion Days / Great Indian Festival,86,130,60.4,21272.25,3
2023-10-10,Amazon,Books,True,Big Billion Days / Great Indian Festival,46,64,39.4,14666.87,3
2023-10-10,Amazon,Sports & Fitness,True,Big Billion Days / Great Indian Festival,171,267,68.9,95082.33,12
2023-10-10,Flipkart,Electronics,True,Big Billion Days / Great Indian Festival,383,639,65.7,716525.53,26
2023-10-10,Flipkart,Mobiles,True,Big Billion Days / Great Indian Festival,494,751,43.8,6329301.51,21
2023-10-10,Flipkart,Fashion,True,Big Billion Days / Great Indian Festival,203,298,38.3,177041.66,10
2023-10-10,Flipkart,Home & Kitchen,True,Big Billion Days / Great Indian Festival,225,295,42.1,240610.15,14
2023-10-10,Flipkart,Beauty & Personal Care,True,Big Billion Days / Great Indian Festival,146,197,50.7,64028.79,10
2023-10-10,Flipkart,Grocery,True,Big Billion Days / Great Indian Festival,91,114,41.5,26617.31,4
2023-10-10,Flipkart,Books,True,Big Billion Days / Great Indian Festival,89,113,38.9,26086.71,4
2023-10-10,Flipkart,Sports & Fitness,True,Big Billion Days / Great Indian Festival,153,216,50.8,116843.88,9
2023-10-11,Amazon,Electronics,True,Big Billion Days / Great Indian Festival,222,304,37.2,620966.6,17
2023-10-11,Amazon,Mobiles,True,Big Billion Days / Great Indian Festival,403,507,43.2,4358302.61,18
2023-10-11,Amazon,Fashion,True,Big Billion Days / Great Indian Festival,197,300,55.4,130894.97,15
2023-10-11,Amazon,Home & Kitchen,True,Big Billion Days / Great Indian Festival,192,261,38.0,240804.64,11
2023-10-11,Amazon,Beauty & Personal Care,True,Big Billion Days / Great Indian Festival,139,200,36.0,82369.48,10
2023-10-11,Amazon,Grocery,True,Big Billion Days / Great Indian Festival,74,97,54.2,19419.71,5
2023-10-11,Amazon,Books,True,Big Billion Days / Great Indian Festival,70,86,56.1,14802.94,5
2023-10-11,Amazon,Sports & Fitness,True,Big Billion Days / Great Indian Festival,146,168,41.0,105335.46,8
2023-10-11,Flipkart,Electronics,True,Big Billion Days / Great Indian Festival,325,396,46.8,646562.86,15
2023-10-11,Flipkart,Mobiles,True,Big Billion Days / Great Indian Festival,442,551,56.3,3428147.77,39
2023-10-11,Flipkart,Fashion,True,Big Billion Days / Great Indian Festival,226,281,54.1,122129.21,10
2023-10-11,Flipkart,Home & Kitchen,True,Big Billion Days / Great Indian Festival,255,432,63.5,212407.07,21
2023-10-11,Flipkart,Beauty & Personal Care,True,Big Billion Days / Great Indian Festival,119,160,49.4,49345.41,8
2023-10-11,Flipkart,Grocery,True,Big Billion Days / Great Indian Festival,85,104,57.5,19560.44,4
2023-10-11,Flipkart,Books,True,Big Billion Days / Great Indian Festival,63,87,45.7,18109.76,5
2023-10-11,Flipkart,Sports & Fitness,True,Big Billion Days / Great Indian Festival,150,204,38.0,135562.07,6
2023-10-12,Amazon,Electronics,True,Big Billion Days / Great Indian Festival,356,510,55.1,712399.67,29
2023-10-12,Amazon,Mobiles,True,Big Billion Days / Great Indian Festival,322,490,52.2,3271222.06,27
2023-10-12,Amazon,Fashion,True,Big Billion Days / Great Indian Festival,173,243,38.9,143093.75,13
2023-10-12,Amazon,Home & Kitchen,True,Big Billion Days / Great Indian Festival,189,262,62.7,137266.18,11
2023-10-12,Amazon,Beauty & Personal Care,True,Big Billion Days / Great Indian Festival,155,230,47.2,75286.01,8
2023-10-12,Amazon,Grocery,True,Big Billion Days / Great Indian Festival,77,110,47.3,24434.31,5
2023-10-12,Amazon,Books,True,Big Billion Days / Great Indian Festival,55,76,59.4,12053.45,4
2023-10-12,Amazon,Sports & Fitness,True,Big Billion Days / Great Indian Festival,141,227,49.9,122044.12,9
2023-10-12,Flipkart,Electronics,True,Big Billion Days / Great Indian Festival,389,536,43.7,1004452.55,23
2023-10-12,Flipkart,Mobiles,True,Big Billion Days / Great Indian Festival,445,760,46.5,6017273.23,30
2023-10-12,Flipkart,Fashion,True,Big Billion Days / Great Indian Festival,247,375,40.4,217443.22,19
2023-10-12,Flipkart,Home & Kitchen,True,Big Billion Days / Great Indian Festival,209,306,61.1,165653.31,17
2023-10-12,Flipkart,Beauty & Personal Care,True,Big Billion Days / Great Indian Festival,157,219,39.4,87006.87,10
2023-10-12,Flipkart,Grocery,True,Big Billion Days / Great Indian Festival,96,114,50.8,24626.44,4
2023-10-12,Flipkart,Books,True,Big Billion Days / Great Indian Festival,71,92,62.6,13920.23,6
2023-10-12,Flipkart,Sports & Fitness,True,Big Billion Days / Great Indian Festival,150,249,55.7,123787.42,7
2023-10-13,Amazon,Electronics,True,Big Billion Days / Great Indian Festival,305,424,41.6,825825.76,17
2023-10-13,Amazon,Mobiles,True,Big Billion Days / Great Indian Festival,461,559,61.0,3146249.15,39
2023-10-13,Amazon,Fashion,True,Big Billion Days / Great Indian Festival,198,241,35.0,143640.69,14
2023-10-13,Amazon,Home & Kitchen,True,Big Billion Days / Great Indian Festival,156,221,59.6,120570.33,11
2023-10-13,Amazon,Beauty & Personal Care,True,Big Billion Days / Great Indian Festival,97,128,56.7,34969.79,6
2023-10-13,Amazon,Grocery,True,Big Billion Days / Great Indian Festival,96,108,39.4,28677.1,8
2023-10-13,Amazon,Books,True,Big Billion Days / Great Indian Festival,64,76,38.3,18788.26,2
2023-10-13,Amazon,Sports & Fitness,True,Big Billion Days / Great Indian Festival,152,203,37.7,142285.83,10
2023-10-13,Flipkart,Electronics,True,Big Billion Days / Great Indian Festival,363,516,57.4,691317.59,20
2023-10-13,Flipkart,Mobiles,True,Big Billion Days / Great Indian Festival,476,775,60.4,4582102.09,36
2023-10-13,Flipkart,Fashion,True,Big Billion Days / Great Indian Festival,209,275,39.6,156226.88,15
2023-10-13,Flipkart,Home & Kitchen,True,Big Billion Days / Great Indian Festival,235,293,53.3,188052.87,9
2023-10-13,Flipkart,Beauty & Personal Care,True,Big Billion Days / Great Indian Festival,138,168,35.1,73737.7,12
2023-10-13,Flipkart,Grocery,True,Big Billion Days / Great Indian Festival,87,125,66.8,18022.11,7
2023-10-13,Flipkart,Books,True,Big Billion Days / Great Indian Festival,48,74,64.1,10541.53,4
2023-10-13,Flipkart,Sports & Fitness,True,Big Billion Days / Great Indian Festival,139,183,52.5,93319.71,12
2023-10-14,Amazon,Electronics,True,Big Billion Days / Great Indian Festival,300,490,53.4,741613.72,13
2023-10-14,Amazon,Mobiles,True,Big Billion Days / Great Indian Festival,362,524,48.2,4005977.08,30
2023-10-14,Amazon,Fashion,True,Big Billion Days / Great Indian Festival,281,438,63.1,146497.19,20
2023-10-14,Amazon,Home & Kitchen,True,Big Billion Days / Great Indian Festival,188,238,55.2,149793.02,10
2023-10-14,Amazon,Beauty & Personal Care,True,Big Billion Days / Great Indian Festival,120,145,38.7,57712.43,7
2023-10-14,Amazon,Grocery,True,Big Billion Days / Great Indian Festival,100,132,59.1,22395.25,5
2023-10-14,Amazon,Books,True,Big Billion Days / Great Indian Festival,43,69,44.5,13989.41,3
2023-10-14,Amazon,Sports & Fitness,True,Big Billion Days / Great Indian Festival,154,189,36.2,137063.75,8
2023-10-14,Flipkart,Electronics,True,Big Billion Days / Great Indian Festival,367,586,53.7,813889.63,24
2023-10-14,Flipkart,Mobiles,True,Big Billion Days / Great Indian Festival,605,859,69.4,3719896.76,52
2023-10-14,Flipkart,Fashion,True,Big Billion Days / Great Indian Festival,284,400,49.3,186005.18,14
2023-10-14,Flipkart,Home & Kitchen,True,Big Billion Days / Great Indian Festival,222,299,37.6,268261.08,19
2023-10-14,Flipkart,Beauty & Personal Care,True,Big Billion Days / Great Indian Festival,145,207,38.7,78814.53,10
2023-10-14,Flipkart,Grocery,True,Big Billion Days / Great Indian Festival,87,121,66.3,17096.15,4
2023-10-14,Flipkart,Books,True,Big Billion Days / Great Indian Festival,79,108,68.3,13348.53,3
2023-10-14,Flipkart,Sports & Fitness,True,Big Billion Days / Great Indian Festival,158,222,54.3,114581.92,10
2023-10-15,Amazon,Electronics,True,Big Billion Days / Great Indian Festival,362,402,60.2,514697.63,18
2023-10-15,Amazon,Mobiles,True,Big Billion Days / Great Indian Festival,392,567,36.4,5211782.74,23
2023-10-15,Amazon,Fashion,True,Big Billion Days / Great Indian Festival,305,371,68.3,106921.33,17
2023-10-15,Amazon,Home & Kitchen,True,Big Billion Days / Great Indian Festival,224,334,37.1,297223.29,19
2023-10-15,Amazon,Beauty & Personal Care,True,Big Billion Days / Great Indian Festival,186,220,37.5,87712.44,11
2023-10-15,Amazon,Grocery,True,Big Billion Days / Great Indian Festival,97,120,37.6,32693.19,6
2023-10-15,Amazon,Books,True,Big Billion Days / Great Indian Festival,74,103,58.5,16280.46,4
2023-10-15,Amazon,Sports & Fitness,True,Big Billion Days / Great Indian Festival,188,253,47.8,146184.18,10
2023-10-15,Flipkart,Electronics,True,Big Billion Days / Great Indian Festival,458,666,38.2,1290379.29,27
2023-10-15,Flipkart,Mobiles,True,Big Billion Days / Great Indian Festival,540,707,56.9,4669870.99,47
2023-10-15,Flipkart,Fashion,True,Big Billion Days / Great Indian Festival,231,323,67.6,96284.83,9
2023-10-15,Flipkart,Home & Kitchen,True,Big Billion Days / Great Indian Festival,276,414,58.7,226045.52,16
2023-10-15,Flipkart,Beauty & Personal Care,True,Big Billion Days / Great Indian Festival,163,248,49.9,85102.98,13
2023-10-15,Flipkart,Grocery,True,Big Billion Days / Great Indian Festival,81,100,59.1,18383.48,6
2023-10-15,Flipkart,Books,True,Big Billion Days / Great Indian Festival,70,93,54.9,15458.85,4
2023-10-15,Flipkart,Sports & Fitness,True,Big Billion Days / Great Indian Festival,146,204,45.3,123983.05,12
2023-10-16,Amazon,Electronics,False,Normal Day,69,76,11.4,221160.0,4
2023-10-16,Amazon,Mobiles,False,Normal Day,72,86,6.7,1154362.07,1
2023-10-16,Amazon,Fashion,False,Normal Day,31,33,10.8,28346.67,1
2023-10-16,Amazon,Home & Kitchen,False,Normal Day,45,50,6.5,66275.88,2
2023-10-16,Amazon,Beauty & Personal Care,False,Normal Day,20,20,5.6,12797.6,0
2023-10-16,Amazon,Grocery,False,Normal Day,11,15,8.3,6170.79,0
2023-10-16,Amazon,Books,False,Normal Day,20,23,13.9,7906.77,0
2023-10-16,Amazon,Sports & Fitness,False,Normal Day,26,26,11.5,24940.88,1
2023-10-16,Flipkart,Electronics,False,Normal Day,60,66,12.8,185064.55,1
2023-10-16,Flipkart,Mobiles,False,Normal Day,87,107,7.8,1470604.98,3
2023-10-16,Flipkart,Fashion,False,Normal Day,45,45,13.1,36186.2,1
2023-10-16,Flipkart,Home & Kitchen,False,Normal Day,42,52,14.0,63747.57,2
2023-10-16,Flipkart,Beauty & Personal Care,False,Normal Day,24,24,6.3,14701.04,0
2023-10-16,Flipkart,Grocery,False,Normal Day,15,16,8.2,6157.51,0
2023-10-16,Flipkart,Books,False,Normal Day,6,6,12.8,1957.46,0
2023-10-16,Flipkart,Sports & Fitness,False,Normal Day,19,21,8.0,20882.96,0
2023-10-17,Amazon,Electronics,False,Normal Day,56,63,8.7,189746.36,1
2023-10-17,Amazon,Mobiles,False,Normal Day,56,56,9.3,749393.21,2
2023-10-17,Amazon,Fashion,False,Normal Day,30,32,11.0,28944.05,1
2023-10-17,Amazon,Home & Kitchen,False,Normal Day,49,50,13.8,57724.68,1
2023-10-17,Amazon,Beauty & Personal Care,False,Normal Day,15,18,14.2,9562.76,0
2023-10-17,Amazon,Grocery,False,Normal Day,14,14,14.4,5323.67,0
2023-10-17,Amazon,Books,False,Normal Day,13,15,13.9,5126.08,0
2023-10-17,Amazon,Sports & Fitness,False,Normal Day,25,29,12.5,28024.4,1
2023-10-17,Flipkart,Electronics,False,Normal Day,72,92,5.3,289040.5,2
2023-10-17,Flipkart,Mobiles,False,Normal Day,97,97,9.9,1295730.28,3
2023-10-17,Flipkart,Fashion,False,Normal Day,33,39,7.4,32957.99,0
2023-10-17,Flipkart,Home & Kitchen,False,Normal Day,39,40,7.9,52614.94,2
2023-10-17,Flipkart,Beauty & Personal Care,False,Normal Day,18,21,10.4,12165.92,0
2023-10-17,Flipkart,Grocery,False,Normal Day,22,24,13.0,9097.95,0
2023-10-17,Flipkart,Books,False,Normal Day,11,11,5.9,4147.31,0
2023-10-17,Flipkart,Sports & Fitness,False,Normal Day,15,17,11.8,16234.28,0
2023-10-18,Amazon,Electronics,False,Normal Day,67,67,6.0,197787.77,1
2023-10-18,Amazon,Mobiles,False,Normal Day,90,133,10.3,1734546.46,4
2023-10-18,Amazon,Fashion,False,Normal Day,39,39,12.3,34130.05,1
2023-10-18,Amazon,Home & Kitchen,False,Normal Day,48,48,10.1,60548.84,2
2023-10-18,Amazon,Beauty & Personal Care,False,Normal Day,18,18,6.4,11398.49,0
2023-10-18,Amazon,Grocery,False,Normal Day,20,21,14.7,7171.33,1
2023-10-18,Amazon,Books,False,Normal Day,11,12,13.3,4245.07,0
2023-10-18,Amazon,Sports & Fitness,False,Normal Day,31,31,14.4,28777.33,1
2023-10-18,Flipkart,Electronics,False,Normal Day,56,63,11.2,179796.96,3
2023-10-18,Flipkart,Mobiles,False,Normal Day,85,107,10.0,1357086.41,2
2023-10-18,Flipkart,Fashion,False,Normal Day,29,29,9.6,24948.63,1
2023-10-18,Flipkart,Home & Kitchen,False,Normal Day,33,34,8.2,43563.07,1
2023-10-18,Flipkart,Beauty & Personal Care,False,Normal Day,20,25,9.2,14777.3,0
2023-10-18,Flipkart,Grocery,False,Normal Day,13,16,8.6,6489.18,0
2023-10-18,Flipkart,Books,False,Normal Day,15,19,14.4,6425.82,0
2023-10-18,Flipkart,Sports & Fitness,False,Normal Day,20,20,13.5,18651.61,0
2023-10-19,Amazon,Electronics,False,Normal Day,67,85,14.0,225443.42,1
2023-10-19,Amazon,Mobiles,False,Normal Day,65,85,14.0,1105012.89,2
2023-10-19,Amazon,Fashion,False,Normal Day,32,42,10.0,35527.83,1
2023-10-19,Amazon,Home & Kitchen,False,Normal Day,41,49,6.8,64669.94,0
2023-10-19,Amazon,Beauty & Personal Care,False,Normal Day,34,34,10.6,20362.04,2
2023-10-19,Amazon,Grocery,False,Normal Day,12,12,5.9,5004.22,0
2023-10-19,Amazon,Books,False,Normal Day,8,8,12.2,2645.19,0
2023-10-19,Amazon,Sports & Fitness,False,Normal Day,31,33,14.3,30912.79,1
2023-10-19,Flipkart,Electronics,False,Normal Day,47,53,8.5,159779.76,0
2023-10-19,Flipkart,Mobiles,False,Normal Day,87,87,10.8,1142941.58,2
2023-10-19,Flipkart,Fashion,False,Normal Day,44,44,14.5,35559.24,2
2023-10-19,Flipkart,Home & Kitchen,False,Normal Day,40,40,11.7,49238.67,2
2023-10-19,Flipkart,Beauty & Personal Care,False,Normal Day,28,32,14.6,19315.47,0
2023-10-19,Flipkart,Grocery,False,Normal Day,14,15,11.9,6036.94,0
2023-10-19,Flipkart,Books,False,Normal Day,6,6,12.1,2088.2,0
2023-10-19,Flipkart,Sports & Fitness,False,Normal Day,25,32,14.0,29130.57,0
2023-10-20,Amazon,Electronics,False,Normal Day,57,62,12.8,170902.73,3
2023-10-20,Amazon,Mobiles,False,Normal Day,105,144,9.4,1935875.32,2
2023-10-20,Amazon,Fashion,False,Normal Day,33,40,7.5,34473.31,0
2023-10-20,Amazon,Home & Kitchen,False,Normal Day,56,57,13.0,68403.69,1
2023-10-20,Amazon,Beauty & Personal Care,False,Normal Day,21,27,12.3,15758.22,0
2023-10-20,Amazon,Grocery,False,Normal Day,11,11,5.6,4408.38,0
2023-10-20,Amazon,Books,False,Normal Day,13,14,6.0,5630.44,0
2023-10-20,Amazon,Sports & Fitness,False,Normal Day,22,28,8.8,29121.49,0
2023-10-20,Flipkart,Electronics,False,Normal Day,62,62,12.1,177409.35,1
2023-10-20,Flipkart,Mobiles,False,Normal Day,74,120,11.2,1450160.47,2
2023-10-20,Flipkart,Fashion,False,Normal Day,46,62,8.8,56065.29,1
2023-10-20,Flipkart,Home & Kitchen,False,Normal Day,34,46,9.9,58300.11,1
2023-10-20,Flipkart,Beauty & Personal Care,False,Normal Day,23,29,13.0,16506.92,1
2023-10-20,Flipkart,Grocery,False,Normal Day,11,13,13.4,5080.73,0
2023-10-20,Flipkart,Books,False,Normal Day,6,8,10.5,2846.89,0
2023-10-20,Flipkart,Sports & Fitness,False,Normal Day,23,23,7.5,23236.96,1
2023-10-21,Amazon,Electronics,False,Normal Day,67,73,10.5,211299.31,2
2023-10-21,Amazon,Mobiles,False,Normal Day,85,87,7.5,1180125.23,4
2023-10-21,Amazon,Fashion,False,Normal Day,61,74,5.1,67536.18,2
2023-10-21,Amazon,Home & Kitchen,False,Normal Day,53,56,13.6,68497.08,2
2023-10-21,Amazon,Beauty & Personal Care,False,Normal Day,23,24,11.2,13821.6,0
2023-10-21,Amazon,Grocery,False,Normal Day,24,24,13.5,8895.26,1
2023-10-21,Amazon,Books,False,Normal Day,16,18,9.5,6310.26,0
2023-10-21,Amazon,Sports & Fitness,False,Normal Day,17,21,10.5,21273.67,0
2023-10-21,Flipkart,Electronics,False,Normal Day,75,75,7.5,222514.07,4
2023-10-21,Flipkart,Mobiles,False,Normal Day,89,94,13.8,1119265.71,1
2023-10-21,Flipkart,Fashion,False,Normal Day,34,47,12.6,39443.19,0
2023-10-21,Flipkart,Home & Kitchen,False,Normal Day,42,51,6.1,68333.75,2
2023-10-21,Flipkart,Beauty & Personal Care,False,Normal Day,27,27,11.2,15001.29,0
2023-10-21,Flipkart,Grocery,False,Normal Day,18,18,14.5,6381.23,0
2023-10-21,Flipkart,Books,False,Normal Day,8,8,7.5,2875.99,0
2023-10-21,Flipkart,Sports & Fitness,False,Normal Day,23,30,5.7,32386.17,0
2023-10-22,Amazon,Electronics,False,Normal Day,75,89,10.2,254440.8,2
2023-10-22,Amazon,Mobiles,False,Normal Day,84,93,5.5,1286491.04,2
2023-10-22,Amazon,Fashion,False,Normal Day,59,71,10.6,57949.54,2
2023-10-22,Amazon,Home & Kitchen,False,Normal Day,41,54,10.7,70555.32,2
2023-10-22,Amazon,Beauty & Personal Care,False,Normal Day,28,34,6.7,21139.55,1
2023-10-22,Amazon,Grocery,False,Normal Day,12,13,12.9,4962.77,0
2023-10-22,Amazon,Books,False,Normal Day,11,12,7.7,4585.33,0
2023-10-22,Amazon,Sports & Fitness,False,Normal Day,27,34,8.2,36106.19,1
2023-10-22,Flipkart,Electronics,False,Normal Day,55,66,14.3,191380.56,2
2023-10-22,Flipkart,Mobiles,False,Normal Day,73,83,5.7,1127379.8,2
2023-10-22,Flipkart,Fashion,False,Normal Day,47,47,12.1,37871.89,2
2023-10-22,Flipkart,Home & Kitchen,False,Normal Day,41,41,7.2,53457.72,1
2023-10-22,Flipkart,Beauty & Personal Care,False,Normal Day,28,30,5.8,19242.94,0
2023-10-22,Flipkart,Grocery,False,Normal Day,13,17,13.6,6584.66,0
2023-10-22,Flipkart,Books,False,Normal Day,16,19,12.6,6482.37,0
2023-10-22,Flipkart,Sports & Fitness,False,Normal Day,31,33,12.5,33148.54,0
2023-10-23,Amazon,Electronics,False,Normal Day,66,97,13.8,257702.01,1
2023-10-23,Amazon,Mobiles,False,Normal Day,89,100,10.6,1266435.99,4
2023-10-23,Amazon,Fashion,False,Normal Day,44,46,9.7,41429.47,0
2023-10-23,Amazon,Home & Kitchen,False,Normal Day,28,29,12.5,37772.5,1
2023-10-23,Amazon,Beauty & Personal Care,False,Normal Day,23,24,11.7,14701.19,0
2023-10-23,Amazon,Grocery,False,Normal Day,21,23,11.0,9673.46,1
2023-10-23,Amazon,Books,False,Normal Day,10,10,7.1,3531.21,0
2023-10-23,Amazon,Sports & Fitness,False,Normal Day,25,29,5.6,28816.9,0
2023-10-23,Flipkart,Electronics,False,Normal Day,42,53,10.0,154433.94,0
2023-10-23,Flipkart,Mobiles,False,Normal Day,83,96,14.3,1191486.81,2
2023-10-23,Flipkart,Fashion,False,Normal Day,51,68,14.2,57766.11,2
2023-10-23,Flipkart,Home & Kitchen,False,Normal Day,53,57,7.7,75472.59,2
2023-10-23,Flipkart,Beauty & Personal Care,False,Normal Day,23,24,14.9,13449.49,0
2023-10-23,Flipkart,Grocery,False,Normal Day,10,10,7.7,3979.85,0
2023-10-23,Flipkart,Books,False,Normal Day,10,12,10.3,4004.43,0
2023-10-23,Flipkart,Sports & Fitness,False,Normal Day,28,31,13.0,29499.9,1
2023-10-24,Amazon,Electronics,False,Normal Day,38,43,5.6,136208.32,1
2023-10-24,Amazon,Mobiles,False,Normal Day,76,91,6.5,1233390.57,4
2023-10-24,Amazon,Fashion,False,Normal Day,42,45,5.8,39674.06,1
2023-10-24,Amazon,Home & Kitchen,False,Normal Day,33,47,14.7,59504.04,1
2023-10-24,Amazon,Beauty & Personal Care,False,Normal Day,21,21,13.1,11625.09,0
2023-10-24,Amazon,Grocery,False,Normal Day,15,20,9.3,7571.58,0
2023-10-24,Amazon,Books,False,Normal Day,12,13,9.6,4437.28,0
2023-10-24,Amazon,Sports & Fitness,False,Normal Day,29,30,11.1,30485.37,1
2023-10-24,Flipkart,Electronics,False,Normal Day,72,72,12.0,207394.06,2
2023-10-24,Flipkart,Mobiles,False,Normal Day,56,56,11.2,737644.91,2
2023-10-24,Flipkart,Fashion,False,Normal Day,50,64,9.2,54244.94,2
2023-10-24,Flipkart,Home & Kitchen,False,Normal Day,25,29,7.9,39314.5,1
2023-10-24,Flipkart,Beauty & Personal Care,False,Normal Day,33,47,11.9,26747.62,0
2023-10-24,Flipkart,Grocery,False,Normal Day,14,16,11.6,6396.62,0
2023-10-24,Flipkart,Books,False,Normal Day,10,10,11.7,3476.43,0
2023-10-24,Flipkart,Sports & Fitness,False,Normal Day,26,29,9.7,30872.46,0
2023-10-25,Amazon,Electronics,False,Normal Day,55,77,7.2,239374.96,2
2023-10-25,Amazon,Mobiles,False,Normal Day,62,62,10.6,828860.44,3
2023-10-25,Amazon,Fashion,False,Normal Day,55,55,14.5,45542.84,2
2023-10-25,Amazon,Home & Kitchen,False,Normal Day,41,55,6.6,73198.09,2
2023-10-25,Amazon,Beauty & Personal Care,False,Normal Day,27,32,9.2,18759.29,1
2023-10-25,Amazon,Grocery,False,Normal Day,16,20,5.8,7808.89,0
2023-10-25,Amazon,Books,False,Normal Day,10,11,8.4,4013.31,0
2023-10-25,Amazon,Sports & Fitness,False,Normal Day,22,28,10.9,27201.27,0
2023-10-25,Flipkart,Electronics,False,Normal Day,77,96,9.5,266199.09,2
2023-10-25,Flipkart,Mobiles,False,Normal Day,82,103,13.5,1327198.38,2
2023-10-25,Flipkart,Fashion,False,Normal Day,46,51,11.4,43568.73,2
2023-10-25,Flipkart,Home & Kitchen,False,Normal Day,35,35,7.3,48042.87,1
2023-10-25,Flipkart,Beauty & Personal Care,False,Normal Day,24,27,14.0,16303.21,0
2023-10-25,Flipkart,Grocery,False,Normal Day,10,11,14.5,4136.26,0
2023-10-25,Flipkart,Books,False,Normal Day,10,10,14.2,3426.32,0
2023-10-25,Flipkart,Sports & Fitness,False,Normal Day,25,31,9.1,28364.44,1
2023-10-26,Amazon,Electronics,False,Normal Day,49,62,13.5,162974.17,2
2023-10-26,Amazon,Mobiles,False,Normal Day,70,72,11.1,951658.02,3
2023-10-26,Amazon,Fashion,False,Normal Day,33,36,13.6,27986.15,1
2023-10-26,Amazon,Home & Kitchen,False,Normal Day,35,45,11.8,57342.05,1
2023-10-26,Amazon,Beauty & Personal Care,False,Normal Day,24,24,7.3,14219.58,1
2023-10-26,Amazon,Grocery,False,Normal Day,14,16,11.1,6608.28,0
2023-10-26,Amazon,Books,False,Normal Day,11,11,9.1,3897.39,0
2023-10-26,Amazon,Sports & Fitness,False,Normal Day,26,34,6.3,34713.9,1
2023-10-26,Flipkart,Electronics,False,Normal Day,43,43,6.1,132606.02,2
2023-10-26,Flipkart,Mobiles,False,Normal Day,70,74,5.9,987070.64,2
2023-10-26,Flipkart,Fashion,False,Normal Day,38,46,12.9,36825.1,1
2023-10-26,Flipkart,Home & Kitchen,False,Normal Day,43,55,13.6,68371.68,2
2023-10-26,Flipkart,Beauty & Personal Care,False,Normal Day,21,24,6.3,14686.04,0
2023-10-26,Flipkart,Grocery,False,Normal Day,19,20,13.6,7292.03,0
2023-10-26,Flipkart,Books,False,Normal Day,17,21,8.2,7083.9,0
2023-10-26,Flipkart,Sports & Fitness,False,Normal Day,27,32,14.9,30205.17,1
2023-10-27,Amazon,Electronics,False,Normal Day,81,81,7.3,234266.62,1
2023-10-27,Amazon,Mobiles,False,Normal Day,71,83,10.4,1108910.44,2
2023-10-27,Amazon,Fashion,False,Normal Day,59,71,11.9,59482.04,1
2023-10-27,Amazon,Home & Kitchen,False,Normal Day,34,38,12.6,48569.91,0
2023-10-27,Amazon,Beauty & Personal Care,False,Normal Day,24,25,14.6,13940.42,0
2023-10-27,Amazon,Grocery,False,Normal Day,20,21,7.6,8267.63,0
2023-10-27,Amazon,Books,False,Normal Day,11,12,8.9,4472.21,0
2023-10-27,Amazon,Sports & Fitness,False,Normal Day,17,22,12.0,22173.2,0
2023-10-27,Flipkart,Electronics,False,Normal Day,65,86,10.1,248038.39,3
2023-10-27,Flipkart,Mobiles,False,Normal Day,74,88,9.4,1171487.51,2
2023-10-27,Flipkart,Fashion,False,Normal Day,32,41,10.2,34905.44,1
2023-10-27,Flipkart,Home & Kitchen,False,Normal Day,33,45,12.8,56602.33,1
2023-10-27,Flipkart,Beauty & Personal Care,False,Normal Day,21,22,7.0,13359.63,1
2023-10-27,Flipkart,Grocery,False,Normal Day,15,15,13.5,5550.17,0
2023-10-27,Flipkart,Books,False,Normal Day,14,14,9.1,4637.7,0
2023-10-27,Flipkart,Sports & Fitness,False,Normal Day,22,23,5.8,24669.72,0
2023-10-28,Amazon,Electronics,False,Normal Day,69,88,10.4,252729.4,3
2023-10-28,Amazon,Mobiles,False,Normal Day,77,80,10.7,1070408.69,3
2023-10-28,Amazon,Fashion,False,Normal Day,46,49,10.9,43316.67,2
2023-10-28,Amazon,Home & Kitchen,False,Normal Day,50,58,9.8,70964.44,1
2023-10-28,Amazon,Beauty & Personal Care,False,Normal Day,17,20,8.3,12533.03,0
2023-10-28,Amazon,Grocery,False,Normal Day,22,23,13.9,8471.17,0
2023-10-28,Amazon,Books,False,Normal Day,10,12,14.4,4117.36,0
2023-10-28,Amazon,Sports & Fitness,False,Normal Day,24,29,6.2,30901.36,1
2023-10-28,Flipkart,Electronics,False,Normal Day,46,46,8.3,144484.02,2
2023-10-28,Flipkart,Mobiles,False,Normal Day,96,117,8.4,1544522.33,2
2023-10-28,Flipkart,Fashion,False,Normal Day,39,51,12.4,43798.38,2
2023-10-28,Flipkart,Home & Kitchen,False,Normal Day,42,59,5.1,80291.6,2
2023-10-28,Flipkart,Beauty & Personal Care,False,Normal Day,22,26,11.1,14687.7,0
2023-10-28,Flipkart,Grocery,False,Normal Day,11,12,5.0,5006.09,0
2023-10-28,Flipkart,Books,False,Normal Day,10,11,5.0,4210.1,0
2023-10-28,Flipkart,Sports & Fitness,False,Normal Day,22,26,14.6,24579.72,1
2023-10-29,Amazon,Electronics,False,Normal Day,84,95,8.4,298609.73,4
2023-10-29,Amazon,Mobiles,False,Normal Day,69,75,5.2,1055523.4,4
2023-10-29,Amazon,Fashion,False,Normal Day,44,47,12.2,41904.72,2
2023-10-29,Amazon,Home & Kitchen,False,Normal Day,40,49,5.4,64424.99,1
2023-10-29,Amazon,Beauty & Personal Care,False,Normal Day,26,36,13.4,20335.2,1
2023-10-29,Amazon,Grocery,False,Normal Day,12,12,8.0,4877.43,0
2023-10-29,Amazon,Books,False,Normal Day,10,12,13.2,4017.59,0
2023-10-29,Amazon,Sports & Fitness,False,Normal Day,34,45,11.1,43554.45,1
2023-10-29,Flipkart,Electronics,False,Normal Day,62,64,13.9,183075.46,1
2023-10-29,Flipkart,Mobiles,False,Normal Day,100,100,6.0,1397766.2,2
2023-10-29,Flipkart,Fashion,False,Normal Day,34,34,14.3,26578.09,1
2023-10-29,Flipkart,Home & Kitchen,False,Normal Day,53,70,11.5,85477.61,2
2023-10-29,Flipkart,Beauty & Personal Care,False,Normal Day,31,38,9.9,22372.13,1
2023-10-29,Flipkart,Grocery,False,Normal Day,13,16,12.3,6212.74,0
2023-10-29,Flipkart,Books,False,Normal Day,9,10,12.4,3754.56,0
2023-10-29,Flipkart,Sports & Fitness,False,Normal Day,26,28,10.9,28531.52,0
2023-10-30,Amazon,Electronics,False,Normal Day,49,50,7.5,151463.28,2
2023-10-30,Amazon,Mobiles,False,Normal Day,102,124,8.2,1621502.01,2
2023-10-30,Amazon,Fashion,False,Normal Day,32,44,9.4,39554.56,0
2023-10-30,Amazon,Home & Kitchen,False,Normal Day,41,54,7.6,72845.44,1
2023-10-30,Amazon,Beauty & Personal Care,False,Normal Day,16,17,13.3,9990.89,0
2023-10-30,Amazon,Grocery,False,Normal Day,21,24,9.0,9558.36,1
2023-10-30,Amazon,Books,False,Normal Day,7,9,10.5,3089.58,0
2023-10-30,Amazon,Sports & Fitness,False,Normal Day,21,23,5.5,24712.52,0
2023-10-30,Flipkart,Electronics,False,Normal Day,42,51,12.2,147864.04,1
2023-10-30,Flipkart,Mobiles,False,Normal Day,70,85,6.3,1139733.43,1
2023-10-30,Flipkart,Fashion,False,Normal Day,39,42,7.8,35421.22,1
2023-10-30,Flipkart,Home & Kitchen,False,Normal Day,32,32,13.1,38104.91,0
2023-10-30,Flipkart,Beauty & Personal Care,False,Normal Day,32,41,13.4,23572.12,1
2023-10-30,Flipkart,Grocery,False,Normal Day,21,27,10.8,10473.89,1
2023-10-30,Flipkart,Books,False,Normal Day,8,11,11.6,3832.75,0
2023-10-30,Flipkart,Sports & Fitness,False,Normal Day,30,34,10.1,35759.15,1
2023-10-31,Amazon,Electronics,False,Normal Day,75,100,10.1,273418.61,2
2023-10-31,Amazon,Mobiles,False,Normal Day,70,96,7.6,1267863.84,1
2023-10-31,Amazon,Fashion,False,Normal Day,30,32,8.9,26979.83,1
2023-10-31,Amazon,Home & Kitchen,False,Normal Day,38,45,11.8,54552.24,1
2023-10-31,Amazon,Beauty & Personal Care,False,Normal Day,23,23,10.5,13064.43,0
2023-10-31,Amazon,Grocery,False,Normal Day,15,17,11.0,6899.74,0
2023-10-31,Amazon,Books,False,Normal Day,13,15,13.6,5133.85,0
2023-10-31,Amazon,Sports & Fitness,False,Normal Day,31,32,8.5,32560.98,0
2023-10-31,Flipkart,Electronics,False,Normal Day,62,79,8.6,224029.06,2
2023-10-31,Flipkart,Mobiles,False,Normal Day,84,93,6.0,1265996.74,2
2023-10-31,Flipkart,Fashion,False,Normal Day,47,48,6.2,43583.83,2
2023-10-31,Flipkart,Home & Kitchen,False,Normal Day,29,40,11.6,48506.49,1
2023-10-31,Flipkart,Beauty & Personal Care,False,Normal Day,20,21,9.7,12434.11,1
2023-10-31,Flipkart,Grocery,False,Normal Day,13,14,7.5,6075.84,0
2023-10-31,Flipkart,Books,False,Normal Day,7,7,8.9,2501.97,0
2023-10-31,Flipkart,Sports & Fitness,False,Normal Day,28,33,10.8,31724.55,0
2023-11-01,Amazon,Electronics,False,Normal Day,50,57,11.9,166168.82,1
2023-11-01,Amazon,Mobiles,False,Normal Day,50,56,7.7,745717.67,1
2023-11-01,Amazon,Fashion,False,Normal Day,41,41,5.5,37256.92,1
2023-11-01,Amazon,Home & Kitchen,False,Normal Day,35,38,14.5,45704.84,1
2023-11-01,Amazon,Beauty & Personal Care,False,Normal Day,12,12,10.6,7972.37,0
2023-11-01,Amazon,Grocery,False,Normal Day,22,22,11.3,8369.36,1
2023-11-01,Amazon,Books,False,Normal Day,11,11,8.5,3808.6,0
2023-11-01,Amazon,Sports & Fitness,False,Normal Day,32,38,13.1,36444.76,1
2023-11-01,Flipkart,Electronics,False,Normal Day,46,56,12.7,165018.4,1
2023-11-01,Flipkart,Mobiles,False,Normal Day,62,63,11.2,806431.31,1
2023-11-01,Flipkart,Fashion,False,Normal Day,41,48,14.3,37965.88,0
2023-11-01,Flipkart,Home & Kitchen,False,Normal Day,41,41,7.2,53573.06,2
2023-11-01,Flipkart,Beauty & Personal Care,False,Normal Day,33,33,8.5,18595.45,1
2023-11-01,Flipkart,Grocery,False,Normal Day,20,22,7.4,8694.91,0
2023-11-01,Flipkart,Books,False,Normal Day,19,24,14.4,8129.93,1
2023-11-01,Flipkart,Sports & Fitness,False,Normal Day,18,20,9.5,19694.21,0
2023-11-02,Amazon,Electronics,False,Normal Day,75,75,11.9,213065.63,2
2023-11-02,Amazon,Mobiles,False,Normal Day,56,58,12.9,750722.57,3
2023-11-02,Amazon,Fashion,False,Normal Day,47,50,9.4,44017.43,2
2023-11-02,Amazon,Home & Kitchen,False,Normal Day,45,58,7.5,74503.76,0
2023-11-02,Amazon,Beauty & Personal Care,False,Normal Day,28,30,8.0,18088.39,0
2023-11-02,Amazon,Grocery,False,Normal Day,10,11,6.3,4445.92,0
2023-11-02,Amazon,Books,False,Normal Day,12,17,14.3,5793.74,0
2023-11-02,Amazon,Sports & Fitness,False,Normal Day,21,21,14.9,20446.78,1
2023-11-02,Flipkart,Electronics,False,Normal Day,55,55,13.7,146383.27,2
2023-11-02,Flipkart,Mobiles,False,Normal Day,64,88,5.9,1266500.14,2
2023-11-02,Flipkart,Fashion,False,Normal Day,48,48,9.6,42070.67,2
2023-11-02,Flipkart,Home & Kitchen,False,Normal Day,31,37,6.0,48733.94,0
2023-11-02,Flipkart,Beauty & Personal Care,False,Normal Day,20,20,6.8,12641.64,0
2023-11-02,Flipkart,Grocery,False,Normal Day,20,21,10.9,7785.09,0
2023-11-02,Flipkart,Books,False,Normal Day,13,16,9.1,5572.73,0
2023-11-02,Flipkart,Sports & Fitness,False,Normal Day,21,29,5.8,31546.71,0
2023-11-03,Amazon,Electronics,False,Normal Day,43,54,8.0,155426.2,1
2023-11-03,Amazon,Mobiles,False,Normal Day,53,71,13.3,893523.89,1
2023-11-03,Amazon,Fashion,False,Normal Day,47,50,14.0,40244.78,1
2023-11-03,Amazon,Home & Kitchen,False,Normal Day,25,27,12.1,34004.38,0
2023-11-03,Amazon,Beauty & Personal Care,False,Normal Day,21,21,11.1,12475.78,1
2023-11-03,Amazon,Grocery,False,Normal Day,18,18,12.1,6277.47,0
2023-11-03,Amazon,Books,False,Normal Day,13,13,12.7,4784.72,0
2023-11-03,Amazon,Sports & Fitness,False,Normal Day,26,34,11.8,33926.43,0
2023-11-03,Flipkart,Electronics,False,Normal Day,34,34,8.2,97531.47,0
2023-11-03,Flipkart,Mobiles,False,Normal Day,67,94,12.3,1211745.37,1
2023-11-03,Flipkart,Fashion,False,Normal Day,45,64,12.1,53220.74,1
2023-11-03,Flipkart,Home & Kitchen,False,Normal Day,35,38,6.3,47348.1,1
2023-11-03,Flipkart,Beauty & Personal Care,False,Normal Day,26,26,5.4,15687.75,0
2023-11-03,Flipkart,Grocery,False,Normal Day,17,21,14.2,7821.18,0
2023-11-03,Flipkart,Books,False,Normal Day,6,6,12.8,2002.57,0
2023-11-03,Flipkart,Sports & Fitness,False,Normal Day,19,22,6.4,22884.54,1
2023-11-04,Amazon,Electronics,False,Normal Day,68,81,13.0,234514.1,1
2023-11-04,Amazon,Mobiles,False,Normal Day,61,82,13.5,1035058.82,1
2023-11-04,Amazon,Fashion,False,Normal Day,37,37,12.8,30631.52,0
2023-11-04,Amazon,Home & Kitchen,False,Normal Day,40,42,7.6,54526.09,2
2023-11-04,Amazon,Beauty & Personal Care,False,Normal Day,34,38,9.5,22131.2,1
2023-11-04,Amazon,Grocery,False,Normal Day,15,18,13.2,6458.38,0
2023-11-04,Amazon,Books,False,Normal Day,13,16,7.5,6060.28,0
2023-11-04,Amazon,Sports & Fitness,False,Normal Day,25,25,8.2,25463.94,0
2023-11-04,Flipkart,Electronics,False,Normal Day,75,76,11.5,217546.13,1
2023-11-04,Flipkart,Mobiles,False,Normal Day,73,74,8.7,1010772.81,3
2023-11-04,Flipkart,Fashion,False,Normal Day,61,71,7.3,63231.19,3
2023-11-04,Flipkart,Home & Kitchen,False,Normal Day,54,55,8.2,70490.7,1
2023-11-04,Flipkart,Beauty & Personal Care,False,Normal Day,26,36,14.5,19936.16,0
2023-11-04,Flipkart,Grocery,False,Normal Day,18,22,6.7,8840.07,0
2023-11-04,Flipkart,Books,False,Normal Day,8,9,10.4,3035.86,0
2023-11-04,Flipkart,Sports & Fitness,False,Normal Day,30,30,10.0,29538.51,1
2023-11-05,Amazon,Electronics,False,Normal Day,59,79,6.8,239790.06,2
2023-11-05,Amazon,Mobiles,False,Normal Day,86,103,9.7,1256143.72,3
2023-11-05,Amazon,Fashion,False,Normal Day,36,41,7.2,36377.87,0
2023-11-05,Amazon,Home & Kitchen,False,Normal Day,37,50,6.2,62414.2,1
2023-11-05,Amazon,Beauty & Personal Care,False,Normal Day,18,24,9.2,13823.45,0
2023-11-05,Amazon,Grocery,False,Normal Day,19,20,12.9,7316.15,0
2023-11-05,Amazon,Books,False,Normal Day,15,18,10.5,6404.04,0
2023-11-05,Amazon,Sports & Fitness,False,Normal Day,36,36,10.7,34754.75,1
2023-11-05,Flipkart,Electronics,False,Normal Day,59,72,10.2,211459.44,1
2023-11-05,Flipkart,Mobiles,False,Normal Day,72,86,7.0,1159265.58,1
2023-11-05,Flipkart,Fashion,False,Normal Day,42,47,13.9,37285.19,1
2023-11-05,Flipkart,Home & Kitchen,False,Normal Day,51,69,9.7,88463.53,2
2023-11-05,Flipkart,Beauty & Personal Care,False,Normal Day,29,33,10.2,20238.8,1
2023-11-05,Flipkart,Grocery,False,Normal Day,22,22,9.8,8279.7,0
2023-11-05,Flipkart,Books,False,Normal Day,13,13,9.1,4424.14,0
2023-11-05,Flipkart,Sports & Fitness,False,Normal Day,28,29,9.0,28965.0,0
2023-11-06,Amazon,Electronics,False,Normal Day,49,53,12.8,142848.35,2
2023-11-06,Amazon,Mobiles,False,Normal Day,82,106,7.9,1375541.04,4
2023-11-06,Amazon,Fashion,False,Normal Day,32,37,7.3,31521.99,1
2023-11-06,Amazon,Home & Kitchen,False,Normal Day,30,33,11.3,43805.75,1
2023-11-06,Amazon,Beauty & Personal Care,False,Normal Day,30,30,10.7,17590.61,0
2023-11-06,Amazon,Grocery,False,Normal Day,19,22,6.6,8583.45,1
2023-11-06,Amazon,Books,False,Normal Day,9,12,12.4,4031.35,0
2023-11-06,Amazon,Sports & Fitness,False,Normal Day,28,31,12.3,29696.84,0
2023-11-06,Flipkart,Electronics,False,Normal Day,42,56,10.1,159524.63,0
2023-11-06,Flipkart,Mobiles,False,Normal Day,91,97,8.0,1292059.28,3
2023-11-06,Flipkart,Fashion,False,Normal Day,38,53,7.7,46709.52,1
2023-11-06,Flipkart,Home & Kitchen,False,Normal Day,28,32,12.4,38710.23,0
2023-11-06,Flipkart,Beauty & Personal Care,False,Normal Day,16,17,7.2,10012.76,0
2023-11-06,Flipkart,Grocery,False,Normal Day,18,20,12.8,7571.47,1
2023-11-06,Flipkart,Books,False,Normal Day,7,8,8.6,2901.39,0
2023-11-06,Flipkart,Sports & Fitness,False,Normal Day,11,12,5.3,13004.76,0
2023-11-07,Amazon,Electronics,False,Normal Day,74,86,14.1,236845.67,2
2023-11-07,Amazon,Mobiles,False,Normal Day,76,99,6.4,1315368.58,1
2023-11-07,Amazon,Fashion,False,Normal Day,26,34,7.5,30104.17,0
2023-11-07,Amazon,Home & Kitchen,False,Normal Day,38,40,10.6,52465.91,1
2023-11-07,Amazon,Beauty & Personal Care,False,Normal Day,34,40,6.1,24651.6,1
2023-11-07,Amazon,Grocery,False,Normal Day,10,11,8.1,4338.28,0
2023-11-07,Amazon,Books,False,Normal Day,5,5,7.6,2016.44,0
2023-11-07,Amazon,Sports & Fitness,False,Normal Day,25,28,5.8,29934.22,0
2023-11-07,Flipkart,Electronics,False,Normal Day,56,85,9.1,248668.4,1
2023-11-07,Flipkart,Mobiles,False,Normal Day,62,63,10.6,812518.07,2
2023-11-07,Flipkart,Fashion,False,Normal Day,37,41,12.2,34857.45,0
2023-11-07,Flipkart,Home & Kitchen,False,Normal Day,36,41,10.1,52500.15,1
2023-11-07,Flipkart,Beauty & Personal Care,False,Normal Day,20,20,5.5,12035.23,1
2023-11-07,Flipkart,Grocery,False,Normal Day,13,15,7.8,5629.82,0
2023-11-07,Flipkart,Books,False,Normal Day,12,13,6.2,4511.79,0
2023-11-07,Flipkart,Sports & Fitness,False,Normal Day,17,17,10.5,16899.5,0
2023-11-08,Amazon,Electronics,True,Diwali Sale,259,377,30.5,828743.19,14
2023-11-08,Amazon,Mobiles,True,Diwali Sale,239,362,47.6,2738696.26,18
2023-11-08,Amazon,Fashion,True,Diwali Sale,244,366,54.2,160307.11,13
2023-11-08,Amazon,Home & Kitchen,True,Diwali Sale,172,237,48.1,175524.25,13
2023-11-08,Amazon,Beauty & Personal Care,True,Diwali Sale,123,153,56.1,44280.12,9
2023-11-08,Amazon,Grocery,True,Diwali Sale,95,115,34.5,31660.93,7
2023-11-08,Amazon,Books,True,Diwali Sale,42,59,33.6,14914.15,2
2023-11-08,Amazon,Sports & Fitness,True,Diwali Sale,135,219,44.7,141549.45,11
2023-11-08,Flipkart,Electronics,True,Diwali Sale,309,373,40.3,665381.25,14
2023-11-08,Flipkart,Mobiles,True,Diwali Sale,284,343,41.5,2810638.76,14
2023-11-08,Flipkart,Fashion,True,Diwali Sale,169,282,55.7,118724.84,8
2023-11-08,Flipkart,Home & Kitchen,True,Diwali Sale,164,220,55.0,143326.01,13
2023-11-08,Flipkart,Beauty & Personal Care,True,Diwali Sale,105,160,40.2,66121.43,7
2023-11-08,Flipkart,Grocery,True,Diwali Sale,62,80,31.8,23876.16,4
2023-11-08,Flipkart,Books,True,Diwali Sale,42,53,56.9,8955.68,2
2023-11-08,Flipkart,Sports & Fitness,True,Diwali Sale,91,110,50.1,61621.64,6
2023-11-09,Amazon,Electronics,True,Diwali Sale,263,411,46.3,692839.95,23
2023-11-09,Amazon,Mobiles,True,Diwali Sale,327,502,35.4,4670237.85,13
2023-11-09,Amazon,Fashion,True,Diwali Sale,227,327,41.3,182464.88,19
2023-11-09,Amazon,Home & Kitchen,True,Diwali Sale,151,212,56.0,123978.2,9
2023-11-09,Amazon,Beauty & Personal Care,True,Diwali Sale,114,170,44.2,64201.72,5
2023-11-09,Amazon,Grocery,True,Diwali Sale,67,89,33.7,26132.23,5
2023-11-09,Amazon,Books,True,Diwali Sale,63,80,35.1,19276.86,4
2023-11-09,Amazon,Sports & Fitness,True,Diwali Sale,102,127,52.3,65785.94,5
2023-11-09,Flipkart,Electronics,True,Diwali Sale,215,238,34.0,507407.58,11
2023-11-09,Flipkart,Mobiles,True,Diwali Sale,273,347,34.0,3255306.51,12
2023-11-09,Flipkart,Fashion,True,Diwali Sale,205,273,50.8,125078.19,11
2023-11-09,Flipkart,Home & Kitchen,True,Diwali Sale,142,204,33.3,197729.52,10
2023-11-09,Flipkart,Beauty & Personal Care,True,Diwali Sale,118,158,40.7,60282.3,9
2023-11-09,Flipkart,Grocery,True,Diwali Sale,77,114,51.9,23065.09,5
2023-11-09,Flipkart,Books,True,Diwali Sale,57,72,43.7,15738.15,3
2023-11-09,Flipkart,Sports & Fitness,True,Diwali Sale,129,196,38.4,132307.2,6
2023-11-10,Amazon,Electronics,True,Diwali Sale,279,394,35.2,774047.01,18
2023-11-10,Amazon,Mobiles,True,Diwali Sale,286,423,49.2,3152312.25,12
2023-11-10,Amazon,Fashion,True,Diwali Sale,227,227,59.0,88461.37,18
2023-11-10,Amazon,Home & Kitchen,True,Diwali Sale,161,209,55.6,133800.83,14
2023-11-10,Amazon,Beauty & Personal Care,True,Diwali Sale,102,163,45.1,59932.05,7
2023-11-10,Amazon,Grocery,True,Diwali Sale,70,91,46.0,21448.95,5
2023-11-10,Amazon,Books,True,Diwali Sale,40,58,54.1,10703.44,2
2023-11-10,Amazon,Sports & Fitness,True,Diwali Sale,93,124,48.5,74590.3,4
2023-11-10,Flipkart,Electronics,True,Diwali Sale,292,449,34.7,931125.72,20
2023-11-10,Flipkart,Mobiles,True,Diwali Sale,295,445,31.2,4358644.39,22
2023-11-10,Flipkart,Fashion,True,Diwali Sale,167,219,44.9,112217.3,13
2023-11-10,Flipkart,Home & Kitchen,True,Diwali Sale,141,225,42.2,189225.42,6
2023-11-10,Flipkart,Beauty & Personal Care,True,Diwali Sale,118,150,59.5,40610.16,8
2023-11-10,Flipkart,Grocery,True,Diwali Sale,78,113,47.2,24368.84,6
2023-11-10,Flipkart,Books,True,Diwali Sale,51,72,34.4,17304.9,2
2023-11-10,Flipkart,Sports & Fitness,True,Diwali Sale,94,105,46.6,59789.75,6
2023-11-11,Amazon,Electronics,True,Diwali Sale,257,377,37.5,733991.77,14
2023-11-11,Amazon,Mobiles,True,Diwali Sale,368,551,35.4,5064823.42,16
2023-11-11,Amazon,Fashion,True,Diwali Sale,237,342,52.9,155964.46,10
2023-11-11,Amazon,Home & Kitchen,True,Diwali Sale,170,272,47.9,204362.28,11
2023-11-11,Amazon,Beauty & Personal Care,True,Diwali Sale,115,150,40.8,58249.99,5
2023-11-11,Amazon,Grocery,True,Diwali Sale,88,116,52.5,22834.32,4
2023-11-11,Amazon,Books,True,Diwali Sale,62,80,43.9,17619.9,5
2023-11-11,Amazon,Sports & Fitness,True,Diwali Sale,165,240,55.3,118480.86,14
2023-11-11,Flipkart,Electronics,True,Diwali Sale,352,588,39.6,1091147.2,30
2023-11-11,Flipkart,Mobiles,True,Diwali Sale,380,557,47.3,4174978.72,24
2023-11-11,Flipkart,Fashion,True,Diwali Sale,244,426,48.7,198510.35,12
2023-11-11,Flipkart,Home & Kitchen,True,Diwali Sale,196,196,53.3,127145.08,9
2023-11-11,Flipkart,Beauty & Personal Care,True,Diwali Sale,114,154,36.6,65037.79,10
2023-11-11,Flipkart,Grocery,True,Diwali Sale,85,106,52.2,20894.42,6
2023-11-11,Flipkart,Books,True,Diwali Sale,45,60,59.9,8993.87,3
2023-11-11,Flipkart,Sports & Fitness,True,Diwali Sale,102,140,49.0,79697.68,5
2023-11-12,Amazon,Electronics,True,Diwali Sale,299,415,55.5,589142.22,15
2023-11-12,Amazon,Mobiles,True,Diwali Sale,304,383,36.0,3511331.68,23
2023-11-12,Amazon,Fashion,True,Diwali Sale,202,209,33.6,120983.53,14
2023-11-12,Amazon,Home & Kitchen,True,Diwali Sale,210,265,41.7,216896.39,11
2023-11-12,Amazon,Beauty & Personal Care,True,Diwali Sale,105,166,43.6,60541.57,5
2023-11-12,Amazon,Grocery,True,Diwali Sale,100,148,36.2,39180.25,4
2023-11-12,Amazon,Books,True,Diwali Sale,49,72,49.5,14667.94,2
2023-11-12,Amazon,Sports & Fitness,True,Diwali Sale,129,183,49.4,99325.31,5
2023-11-12,Flipkart,Electronics,True,Diwali Sale,291,459,35.1,986437.58,18
2023-11-12,Flipkart,Mobiles,True,Diwali Sale,447,728,57.7,4496114.86,30
2023-11-12,Flipkart,Fashion,True,Diwali Sale,181,250,57.3,102768.8,9
2023-11-12,Flipkart,Home & Kitchen,True,Diwali Sale,149,163,58.1,100811.69,6
2023-11-12,Flipkart,Beauty & Personal Care,True,Diwali Sale,111,158,35.2,65854.49,6
2023-11-12,Flipkart,Grocery,True,Diwali Sale,85,109,33.1,30224.78,5
2023-11-12,Flipkart,Books,True,Diwali Sale,70,85,38.5,20586.82,4
2023-11-12,Flipkart,Sports & Fitness,True,Diwali Sale,107,185,55.2,93873.75,7
2023-11-13,Amazon,Electronics,True,Diwali Sale,272,469,43.8,824225.29,23
2023-11-13,Amazon,Mobiles,True,Diwali Sale,378,597,54.6,3762808.61,26
2023-11-13,Amazon,Fashion,True,Diwali Sale,148,189,35.5,120774.68,10
2023-11-13,Amazon,Home & Kitchen,True,Diwali Sale,130,165,58.3,96492.77,9
2023-11-13,Amazon,Beauty & Personal Care,True,Diwali Sale,71,109,36.8,44118.95,4
2023-11-13,Amazon,Grocery,True,Diwali Sale,70,81,44.5,18901.7,5
2023-11-13,Amazon,Books,True,Diwali Sale,56,79,33.5,19975.6,3
2023-11-13,Amazon,Sports & Fitness,True,Diwali Sale,94,133,53.0,70753.6,5
2023-11-13,Flipkart,Electronics,True,Diwali Sale,243,365,40.9,702100.97,15
2023-11-13,Flipkart,Mobiles,True,Diwali Sale,319,495,31.5,4980290.61,28
2023-11-13,Flipkart,Fashion,True,Diwali Sale,140,236,39.6,131765.8,10
2023-11-13,Flipkart,Home & Kitchen,True,Diwali Sale,177,215,45.6,173616.46,13
2023-11-13,Flipkart,Beauty & Personal Care,True,Diwali Sale,81,126,32.5,54844.41,5
2023-11-13,Flipkart,Grocery,True,Diwali Sale,78,115,38.6,29952.9,3
2023-11-13,Flipkart,Books,True,Diwali Sale,42,51,50.9,9657.24,3
2023-11-13,Flipkart,Sports & Fitness,True,Diwali Sale,126,166,44.5,103257.09,10
2023-11-14,Amazon,Electronics,True,Diwali Sale,222,336,44.9,581750.94,15
2023-11-14,Amazon,Mobiles,True,Diwali Sale,233,323,43.3,2599904.11,10
2023-11-14,Amazon,Fashion,True,Diwali Sale,197,197,47.6,101153.89,15
2023-11-14,Amazon,Home & Kitchen,True,Diwali Sale,188,267,51.7,184926.04,7
2023-11-14,Amazon,Beauty & Personal Care,True,Diwali Sale,90,138,32.6,60189.6,4
2023-11-14,Amazon,Grocery,True,Diwali Sale,84,131,32.2,37758.59,4
2023-11-14,Amazon,Books,True,Diwali Sale,45,55,51.8,9698.39,1
2023-11-14,Amazon,Sports & Fitness,True,Diwali Sale,120,153,30.9,116401.5,9
2023-11-14,Flipkart,Electronics,True,Diwali Sale,309,504,49.9,794457.04,16
2023-11-14,Flipkart,Mobiles,True,Diwali Sale,317,452,58.5,2666381.83,27
2023-11-14,Flipkart,Fashion,True,Diwali Sale,175,255,48.7,123519.94,14
2023-11-14,Flipkart,Home & Kitchen,True,Diwali Sale,159,220,55.6,140889.44,11
2023-11-14,Flipkart,Beauty & Personal Care,True,Diwali Sale,94,111,36.0,48119.1,6
2023-11-14,Flipkart,Grocery,True,Diwali Sale,68,103,32.0,29914.65,2
2023-11-14,Flipkart,Books,True,Diwali Sale,60,73,37.3,17505.91,4
2023-11-14,Flipkart,Sports & Fitness,True,Diwali Sale,122,196,59.4,90642.51,5
2023-11-15,Amazon,Electronics,False,Normal Day,33,36,11.3,105545.3,1
2023-11-15,Amazon,Mobiles,False,Normal Day,69,77,11.2,1014867.27,3
2023-11-15,Amazon,Fashion,False,Normal Day,36,40,9.0,35043.21,1
2023-11-15,Amazon,Home & Kitchen,False,Normal Day,37,40,10.2,46563.35,0
2023-11-15,Amazon,Beauty & Personal Care,False,Normal Day,22,22,7.7,13576.37,0
2023-11-15,Amazon,Grocery,False,Normal Day,18,21,8.5,8064.88,0
2023-11-15,Amazon,Books,False,Normal Day,13,15,8.4,5231.71,0
2023-11-15,Amazon,Sports & Fitness,False,Normal Day,31,34,11.0,31583.89,1
2023-11-15,Flipkart,Electronics,False,Normal Day,69,77,13.1,214431.86,2
2023-11-15,Flipkart,Mobiles,False,Normal Day,94,127,12.1,1703931.04,5
2023-11-15,Flipkart,Fashion,False,Normal Day,36,49,8.0,43382.61,1
2023-11-15,Flipkart,Home & Kitchen,False,Normal Day,31,37,13.8,47043.73,0
2023-11-15,Flipkart,Beauty & Personal Care,False,Normal Day,22,25,6.2,15676.05,0
2023-11-15,Flipkart,Grocery,False,Normal Day,14,14,9.7,5334.09,0
2023-11-15,Flipkart,Books,False,Normal Day,11,11,14.3,3806.42,0
2023-11-15,Flipkart,Sports & Fitness,False,Normal Day,20,20,10.3,20726.12,0
2023-11-16,Amazon,Electronics,False,Normal Day,49,52,10.0,151286.22,2
2023-11-16,Amazon,Mobiles,False,Normal Day,65,76,11.5,986143.98,1
2023-11-16,Amazon,Fashion,False,Normal Day,40,40,10.3,34727.28,1
2023-11-16,Amazon,Home & Kitchen,False,Normal Day,59,59,14.2,70742.33,1
2023-11-16,Amazon,Beauty & Personal Care,False,Normal Day,20,23,7.8,14652.23,0
2023-11-16,Amazon,Grocery,False,Normal Day,17,23,9.0,8858.64,0
2023-11-16,Amazon,Books,False,Normal Day,11,11,9.5,3739.53,0
2023-11-16,Amazon,Sports & Fitness,False,Normal Day,30,34,9.3,35998.76,0
2023-11-16,Flipkart,Electronics,False,Normal Day,72,72,5.1,226647.53,2
2023-11-16,Flipkart,Mobiles,False,Normal Day,57,65,13.8,799588.8,1
2023-11-16,Flipkart,Fashion,False,Normal Day,40,44,10.0,35515.79,0
2023-11-16,Flipkart,Home & Kitchen,False,Normal Day,44,55,8.9,74123.15,2
2023-11-16,Flipkart,Beauty & Personal Care,False,Normal Day,17,25,12.5,14666.5,0
2023-11-16,Flipkart,Grocery,False,Normal Day,13,15,7.2,5899.18,0
2023-11-16,Flipkart,Books,False,Normal Day,15,15,6.6,5392.35,0
2023-11-16,Flipkart,Sports & Fitness,False,Normal Day,23,32,6.5,31866.77,0
2023-11-17,Amazon,Electronics,False,Normal Day,47,59,9.8,170565.47,2
2023-11-17,Amazon,Mobiles,False,Normal Day,84,84,13.8,1031191.22,3
2023-11-17,Amazon,Fashion,False,Normal Day,23,24,5.8,23198.97,0
2023-11-17,Amazon,Home & Kitchen,False,Normal Day,33,41,13.1,48752.86,1
2023-11-17,Amazon,Beauty & Personal Care,False,Normal Day,31,42,10.8,25519.32,1
2023-11-17,Amazon,Grocery,False,Normal Day,14,14,5.0,5569.16,0
2023-11-17,Amazon,Books,False,Normal Day,14,16,5.0,5767.2,0
2023-11-17,Amazon,Sports & Fitness,False,Normal Day,15,20,8.6,20486.33,0
2023-11-17,Flipkart,Electronics,False,Normal Day,57,66,11.6,190585.2,2
2023-11-17,Flipkart,Mobiles,False,Normal Day,59,65,7.0,898733.69,3
2023-11-17,Flipkart,Fashion,False,Normal Day,40,49,7.0,40951.62,2
2023-11-17,Flipkart,Home & Kitchen,False,Normal Day,28,37,11.6,44837.53,0
2023-11-17,Flipkart,Beauty & Personal Care,False,Normal Day,21,21,10.4,12353.96,1
2023-11-17,Flipkart,Grocery,False,Normal Day,18,20,7.1,7734.88,0
2023-11-17,Flipkart,Books,False,Normal Day,11,11,8.8,3861.9,0
2023-11-17,Flipkart,Sports & Fitness,False,Normal Day,23,23,13.2,22745.31,0
2023-11-18,Amazon,Electronics,False,Normal Day,55,59,11.9,162539.25,1
2023-11-18,Amazon,Mobiles,False,Normal Day,82,98,12.3,1230611.12,3
2023-11-18,Amazon,Fashion,False,Normal Day,60,65,6.8,57229.33,3
2023-11-18,Amazon,Home & Kitchen,False,Normal Day,43,51,12.5,60873.23,2
2023-11-18,Amazon,Beauty & Personal Care,False,Normal Day,35,35,5.2,21882.66,1
2023-11-18,Amazon,Grocery,False,Normal Day,20,20,6.7,7721.62,0
2023-11-18,Amazon,Books,False,Normal Day,9,12,10.5,4003.21,0
2023-11-18,Amazon,Sports & Fitness,False,Normal Day,34,34,11.3,34671.69,0
2023-11-18,Flipkart,Electronics,False,Normal Day,59,62,6.9,178379.94,3
2023-11-18,Flipkart,Mobiles,False,Normal Day,94,94,12.5,1116038.67,4
2023-11-18,Flipkart,Fashion,False,Normal Day,54,56,8.6,47667.7,1
2023-11-18,Flipkart,Home & Kitchen,False,Normal Day,38,43,10.2,54701.79,1
2023-11-18,Flipkart,Beauty & Personal Care,False,Normal Day,24,29,14.5,15907.99,0
2023-11-18,Flipkart,Grocery,False,Normal Day,19,27,14.7,10170.55,0
2023-11-18,Flipkart,Books,False,Normal Day,14,14,12.2,5116.06,0
2023-11-18,Flipkart,Sports & Fitness,False,Normal Day,31,31,8.3,31876.82,1
2023-11-19,Amazon,Electronics,False,Normal Day,77,88,8.2,266165.77,4
2023-11-19,Amazon,Mobiles,False,Normal Day,63,82,7.3,1138749.04,3
2023-11-19,Amazon,Fashion,False,Normal Day,54,63,15.0,50744.16,1
2023-11-19,Amazon,Home & Kitchen,False,Normal Day,33,40,6.1,51779.15,1
2023-11-19,Amazon,Beauty & Personal Care,False,Normal Day,22,30,14.1,17790.82,1
2023-11-19,Amazon,Grocery,False,Normal Day,17,22,11.5,8053.69,0
2023-11-19,Amazon,Books,False,Normal Day,15,16,14.7,5225.72,0
2023-11-19,Amazon,Sports & Fitness,False,Normal Day,21,24,9.6,23999.06,0
2023-11-19,Flipkart,Electronics,False,Normal Day,68,81,8.8,231324.04,3
2023-11-19,Flipkart,Mobiles,False,Normal Day,98,120,14.5,1468636.47,2
2023-11-19,Flipkart,Fashion,False,Normal Day,46,49,7.0,44677.75,1
2023-11-19,Flipkart,Home & Kitchen,False,Normal Day,41,41,12.6,49820.12,2
2023-11-19,Flipkart,Beauty & Personal Care,False,Normal Day,17,19,13.6,10929.29,0
2023-11-19,Flipkart,Grocery,False,Normal Day,16,16,8.9,6059.18,0
2023-11-19,Flipkart,Books,False,Normal Day,13,15,11.8,5352.76,0
2023-11-19,Flipkart,Sports & Fitness,False,Normal Day,20,25,8.9,25569.73,0
2023-11-20,Amazon,Electronics,False,Normal Day,66,82,11.0,228659.23,1
2023-11-20,Amazon,Mobiles,False,Normal Day,109,131,11.3,1725041.25,6
2023-11-20,Amazon,Fashion,False,Normal Day,53,66,8.4,58185.53,2
2023-11-20,Amazon,Home & Kitchen,False,Normal Day,41,42,9.7,53472.65,2
2023-11-20,Amazon,Beauty & Personal Care,False,Normal Day,29,38,9.4,22622.08,0
2023-11-20,Amazon,Grocery,False,Normal Day,12,15,13.1,5782.38,0
2023-11-20,Amazon,Books,False,Normal Day,5,5,12.1,1826.47,0
2023-11-20,Amazon,Sports & Fitness,False,Normal Day,20,22,8.1,23866.14,0
2023-11-20,Flipkart,Electronics,False,Normal Day,71,85,14.3,226320.71,2
2023-11-20,Flipkart,Mobiles,False,Normal Day,62,78,8.7,1038283.21,1
2023-11-20,Flipkart,Fashion,False,Normal Day,38,38,8.4,32878.84,0
2023-11-20,Flipkart,Home & Kitchen,False,Normal Day,34,34,11.5,45230.03,1
2023-11-20,Flipkart,Beauty & Personal Care,False,Normal Day,22,24,7.8,14954.37,0
2023-11-20,Flipkart,Grocery,False,Normal Day,19,24,7.5,9981.12,0
2023-11-20,Flipkart,Books,False,Normal Day,12,12,14.4,3956.16,0
2023-11-20,Flipkart,Sports & Fitness,False,Normal Day,29,30,11.4,29591.06,1
2023-11-21,Amazon,Electronics,False,Normal Day,64,72,5.1,221436.65,3
2023-11-21,Amazon,Mobiles,False,Normal Day,72,82,12.0,1020229.68,2
2023-11-21,Amazon,Fashion,False,Normal Day,32,34,13.4,28855.95,1
2023-11-21,Amazon,Home & Kitchen,False,Normal Day,26,26,14.2,31388.86,1
2023-11-21,Amazon,Beauty & Personal Care,False,Normal Day,21,22,13.4,12522.97,0
2023-11-21,Amazon,Grocery,False,Normal Day,17,19,12.3,7458.34,0
2023-11-21,Amazon,Books,False,Normal Day,7,7,10.1,2488.52,0
2023-11-21,Amazon,Sports & Fitness,False,Normal Day,19,20,13.0,19595.78,0
2023-11-21,Flipkart,Electronics,False,Normal Day,67,77,8.1,232765.75,3
2023-11-21,Flipkart,Mobiles,False,Normal Day,79,80,12.5,962307.3,3
2023-11-21,Flipkart,Fashion,False,Normal Day,33,38,7.5,35291.59,0
2023-11-21,Flipkart,Home & Kitchen,False,Normal Day,28,30,14.5,35316.66,1
2023-11-21,Flipkart,Beauty & Personal Care,False,Normal Day,21,21,12.5,11489.01,0
2023-11-21,Flipkart,Grocery,False,Normal Day,19,23,14.2,7885.7,0
2023-11-21,Flipkart,Books,False,Normal Day,17,20,9.2,6667.76,0
2023-11-21,Flipkart,Sports & Fitness,False,Normal Day,34,34,11.5,33690.17,0
2023-11-22,Amazon,Electronics,False,Normal Day,54,57,11.2,167188.14,2
2023-11-22,Amazon,Mobiles,False,Normal Day,67,82,11.1,1105628.96,2
2023-11-22,Amazon,Fashion,False,Normal Day,32,34,8.0,31264.96,0
2023-11-22,Amazon,Home & Kitchen,False,Normal Day,39,44,9.4,55776.86,1
2023-11-22,Amazon,Beauty & Personal Care,False,Normal Day,22,23,8.9,13643.19,0
2023-11-22,Amazon,Grocery,False,Normal Day,12,14,6.1,5962.42,0
2023-11-22,Amazon,Books,False,Normal Day,11,11,10.1,3685.22,0
2023-11-22,Amazon,Sports & Fitness,False,Normal Day,27,34,5.0,36124.92,1
2023-11-22,Flipkart,Electronics,False,Normal Day,50,50,9.7,140654.78,1
2023-11-22,Flipkart,Mobiles,False,Normal Day,63,71,6.8,980837.4,1
2023-11-22,Flipkart,Fashion,False,Normal Day,31,39,10.1,34753.22,0
2023-11-22,Flipkart,Home & Kitchen,False,Normal Day,38,53,8.6,69523.15,2
2023-11-22,Flipkart,Beauty & Personal Care,False,Normal Day,28,33,12.4,19435.65,1
2023-11-22,Flipkart,Grocery,False,Normal Day,13,16,6.9,6155.68,0
2023-11-22,Flipkart,Books,False,Normal Day,13,16,12.5,5317.51,0
2023-11-22,Flipkart,Sports & Fitness,False,Normal Day,29,33,7.8,33803.23,1
2023-11-23,Amazon,Electronics,False,Normal Day,66,72,8.8,207703.6,3
2023-11-23,Amazon,Mobiles,False,Normal Day,56,69,9.8,911254.14,2
2023-11-23,Amazon,Fashion,False,Normal Day,47,65,5.6,57021.33,2
2023-11-23,Amazon,Home & Kitchen,False,Normal Day,35,35,5.5,46235.47,2
2023-11-23,Amazon,Beauty & Personal Care,False,Normal Day,24,30,10.6,17320.88,1
2023-11-23,Amazon,Grocery,False,Normal Day,11,15,5.8,6122.44,0
2023-11-23,Amazon,Books,False,Normal Day,9,9,13.9,2968.92,0
2023-11-23,Amazon,Sports & Fitness,False,Normal Day,25,28,11.6,27434.98,0
2023-11-23,Flipkart,Electronics,False,Normal Day,45,60,6.8,183228.44,1
2023-11-23,Flipkart,Mobiles,False,Normal Day,74,74,9.3,1026308.97,2
2023-11-23,Flipkart,Fashion,False,Normal Day,54,62,15.0,50097.47,1
2023-11-23,Flipkart,Home & Kitchen,False,Normal Day,29,41,14.3,49654.41,1
2023-11-23,Flipkart,Beauty & Personal Care,False,Normal Day,21,21,13.8,12319.46,1
2023-11-23,Flipkart,Grocery,False,Normal Day,25,30,8.3,12281.68,0
2023-11-23,Flipkart,Books,False,Normal Day,10,10,13.0,3331.43,0
2023-11-23,Flipkart,Sports & Fitness,False,Normal Day,28,31,13.7,31064.94,1
2023-11-24,Amazon,Electronics,True,Black Friday / Cyber Monday,126,170,40.7,325590.74,9
2023-11-24,Amazon,Mobiles,True,Black Friday / Cyber Monday,111,150,28.4,1569626.42,7
2023-11-24,Amazon,Fashion,True,Black Friday / Cyber Monday,90,120,43.2,63573.15,5
2023-11-24,Amazon,Home & Kitchen,True,Black Friday / Cyber Monday,61,103,27.8,107219.59,4
2023-11-24,Amazon,Beauty & Personal Care,True,Black Friday / Cyber Monday,52,70,37.0,30241.11,3
2023-11-24,Amazon,Grocery,True,Black Friday / Cyber Monday,36,42,27.1,13123.92,2
2023-11-24,Amazon,Books,True,Black Friday / Cyber Monday,14,19,27.2,5426.83,0
2023-11-24,Amazon,Sports & Fitness,True,Black Friday / Cyber Monday,70,84,42.8,53672.28,5
2023-11-24,Flipkart,Electronics,True,Black Friday / Cyber Monday,102,170,38.6,337776.26,7
2023-11-24,Flipkart,Mobiles,True,Black Friday / Cyber Monday,153,213,29.0,2275995.41,8
2023-11-24,Flipkart,Fashion,True,Black Friday / Cyber Monday,95,131,26.6,88539.91,4
2023-11-24,Flipkart,Home & Kitchen,True,Black Friday / Cyber Monday,62,77,27.0,79854.99,4
2023-11-24,Flipkart,Beauty & Personal Care,True,Black Friday / Cyber Monday,54,71,37.4,29284.17,2
2023-11-24,Flipkart,Grocery,True,Black Friday / Cyber Monday,36,46,30.1,13821.52,1
2023-11-24,Flipkart,Books,True,Black Friday / Cyber Monday,15,22,37.0,5266.75,0
2023-11-24,Flipkart,Sports & Fitness,True,Black Friday / Cyber Monday,65,99,31.9,78350.6,3
2023-11-25,Amazon,Electronics,True,Black Friday / Cyber Monday,157,207,28.1,488619.86,8
2023-11-25,Amazon,Mobiles,True,Black Friday / Cyber Monday,170,216,39.0,1898668.66,7
2023-11-25,Amazon,Fashion,True,Black Friday / Cyber Monday,110,177,34.6,109978.14,8
2023-11-25,Amazon,Home & Kitchen,True,Black Friday / Cyber Monday,90,134,35.2,116955.83,5
2023-11-25,Amazon,Beauty & Personal Care,True,Black Friday / Cyber Monday,47,69,29.6,30590.1,3
2023-11-25,Amazon,Grocery,True,Black Friday / Cyber Monday,35,48,34.1,13920.36,1
2023-11-25,Amazon,Books,True,Black Friday / Cyber Monday,19,27,38.5,6092.12,1
2023-11-25,Amazon,Sports & Fitness,True,Black Friday / Cyber Monday,67,84,28.4,67328.02,5
2023-11-25,Flipkart,Electronics,True,Black Friday / Cyber Monday,203,230,26.4,518378.54,13
2023-11-25,Flipkart,Mobiles,True,Black Friday / Cyber Monday,227,306,43.1,2479201.15,18
2023-11-25,Flipkart,Fashion,True,Black Friday / Cyber Monday,95,128,30.1,84058.62,6
2023-11-25,Flipkart,Home & Kitchen,True,Black Friday / Cyber Monday,101,111,30.7,105495.65,7
2023-11-25,Flipkart,Beauty & Personal Care,True,Black Friday / Cyber Monday,65,85,34.4,36249.35,3
2023-11-25,Flipkart,Grocery,True,Black Friday / Cyber Monday,42,55,26.3,17089.06,3
2023-11-25,Flipkart,Books,True,Black Friday / Cyber Monday,31,42,36.4,10475.28,1
2023-11-25,Flipkart,Sports & Fitness,True,Black Friday / Cyber Monday,61,93,33.8,66563.68,3
2023-11-26,Amazon,Electronics,True,Black Friday / Cyber Monday,134,175,25.1,426199.84,10
2023-11-26,Amazon,Mobiles,True,Black Friday / Cyber Monday,162,257,34.7,2369319.82,8
2023-11-26,Amazon,Fashion,True,Black Friday / Cyber Monday,99,133,30.4,88614.32,7
2023-11-26,Amazon,Home & Kitchen,True,Black Friday / Cyber Monday,100,120,41.9,99199.6,6
2023-11-26,Amazon,Beauty & Personal Care,True,Black Friday / Cyber Monday,43,73,32.4,32703.01,3
2023-11-26,Amazon,Grocery,True,Black Friday / Cyber Monday,38,54,42.7,12962.12,2
2023-11-26,Amazon,Books,True,Black Friday / Cyber Monday,28,39,41.4,8774.82,2
2023-11-26,Amazon,Sports & Fitness,True,Black Friday / Cyber Monday,72,91,37.7,61783.74,5
2023-11-26,Flipkart,Electronics,True,Black Friday / Cyber Monday,194,264,36.0,566259.86,11
2023-11-26,Flipkart,Mobiles,True,Black Friday / Cyber Monday,178,249,37.8,2349647.92,10
2023-11-26,Flipkart,Fashion,True,Black Friday / Cyber Monday,86,109,44.1,55769.68,6
2023-11-26,Flipkart,Home & Kitchen,True,Black Friday / Cyber Monday,100,154,32.3,151280.56,6
2023-11-26,Flipkart,Beauty & Personal Care,True,Black Friday / Cyber Monday,51,71,31.9,31660.34,3
2023-11-26,Flipkart,Grocery,True,Black Friday / Cyber Monday,40,43,43.5,10382.85,3
2023-11-26,Flipkart,Books,True,Black Friday / Cyber Monday,25,28,43.9,6109.67,1
2023-11-26,Flipkart,Sports & Fitness,True,Black Friday / Cyber Monday,61,80,37.1,56761.56,4
2023-11-27,Amazon,Electronics,True,Black Friday / Cyber Monday,119,163,42.3,298124.85,10
2023-11-27,Amazon,Mobiles,True,Black Friday / Cyber Monday,155,220,41.5,1930195.68,11
2023-11-27,Amazon,Fashion,True,Black Friday / Cyber Monday,76,85,31.0,60137.95,4
2023-11-27,Amazon,Home & Kitchen,True,Black Friday / Cyber Monday,77,121,35.9,110686.27,6
2023-11-27,Amazon,Beauty & Personal Care,True,Black Friday / Cyber Monday,35,46,42.7,16432.82,1
2023-11-27,Amazon,Grocery,True,Black Friday / Cyber Monday,40,55,30.0,15603.27,1
2023-11-27,Amazon,Books,True,Black Friday / Cyber Monday,13,19,44.2,4016.19,0
2023-11-27,Amazon,Sports & Fitness,True,Black Friday / Cyber Monday,57,80,43.7,51382.11,4
2023-11-27,Flipkart,Electronics,True,Black Friday / Cyber Monday,134,194,39.0,387495.58,5
2023-11-27,Flipkart,Mobiles,True,Black Friday / Cyber Monday,173,221,33.6,1990146.28,9
2023-11-27,Flipkart,Fashion,True,Black Friday / Cyber Monday,68,81,30.8,52702.13,3
2023-11-27,Flipkart,Home & Kitchen,True,Black Friday / Cyber Monday,61,93,25.7,93701.0,4
2023-11-27,Flipkart,Beauty & Personal Care,True,Black Friday / Cyber Monday,65,96,39.6,37545.06,4
2023-11-27,Flipkart,Grocery,True,Black Friday / Cyber Monday,27,34,41.8,8675.91,1
2023-11-27,Flipkart,Books,True,Black Friday / Cyber Monday,21,32,31.3,8037.15,1
2023-11-27,Flipkart,Sports & Fitness,True,Black Friday / Cyber Monday,73,98,34.6,65696.84,5
2023-11-28,Amazon,Electronics,False,Normal Day,56,57,12.8,163197.49,1
2023-11-28,Amazon,Mobiles,False,Normal Day,72,89,10.6,1092846.4,3
2023-11-28,Amazon,Fashion,False,Normal Day,40,59,7.4,54255.81,0
2023-11-28,Amazon,Home & Kitchen,False,Normal Day,38,46,10.2,60401.35,1
2023-11-28,Amazon,Beauty & Personal Care,False,Normal Day,19,20,11.5,11913.76,1
2023-11-28,Amazon,Grocery,False,Normal Day,13,16,11.0,6308.35,0
2023-11-28,Amazon,Books,False,Normal Day,6,6,5.3,2247.94,0
2023-11-28,Amazon,Sports & Fitness,False,Normal Day,29,34,12.9,33811.83,1
2023-11-28,Flipkart,Electronics,False,Normal Day,55,71,7.0,217125.21,2
2023-11-28,Flipkart,Mobiles,False,Normal Day,88,90,13.4,1126016.11,1
2023-11-28,Flipkart,Fashion,False,Normal Day,40,49,7.4,42277.89,2
2023-11-28,Flipkart,Home & Kitchen,False,Normal Day,21,21,8.0,27244.52,0
2023-11-28,Flipkart,Beauty & Personal Care,False,Normal Day,24,27,5.5,16504.72,0
2023-11-28,Flipkart,Grocery,False,Normal Day,14,17,6.3,6791.16,0
2023-11-28,Flipkart,Books,False,Normal Day,5,5,13.7,1872.72,0
2023-11-28,Flipkart,Sports & Fitness,False,Normal Day,12,15,6.8,15484.88,0
2023-11-29,Amazon,Electronics,False,Normal Day,68,86,14.2,236845.23,3
2023-11-29,Amazon,Mobiles,False,Normal Day,56,62,9.0,856506.61,2
2023-11-29,Amazon,Fashion,False,Normal Day,38,44,5.7,38522.75,1
2023-11-29,Amazon,Home & Kitchen,False,Normal Day,37,40,11.3,48926.43,1
2023-11-29,Amazon,Beauty & Personal Care,False,Normal Day,22,22,6.2,13353.66,0
2023-11-29,Amazon,Grocery,False,Normal Day,17,17,15.0,5895.43,0
2023-11-29,Amazon,Books,False,Normal Day,15,17,14.7,5616.23,0
2023-11-29,Amazon,Sports & Fitness,False,Normal Day,11,13,13.8,12782.26,0
2023-11-29,Flipkart,Electronics,False,Normal Day,54,54,13.3,141878.31,3
2023-11-29,Flipkart,Mobiles,False,Normal Day,72,86,5.8,1106107.9,2
2023-11-29,Flipkart,Fashion,False,Normal Day,41,45,11.6,38969.79,1
2023-11-29,Flipkart,Home & Kitchen,False,Normal Day,21,22,14.7,28043.31,0
2023-11-29,Flipkart,Beauty & Personal Care,False,Normal Day,26,30,14.7,16963.26,0
2023-11-29,Flipkart,Grocery,False,Normal Day,11,13,11.0,5258.35,0
2023-11-29,Flipkart,Books,False,Normal Day,9,9,13.3,3144.28,0
2023-11-29,Flipkart,Sports & Fitness,False,Normal Day,22,22,8.6,21479.85,1
2023-11-30,Amazon,Electronics,False,Normal Day,42,47,14.6,134202.65,1
2023-11-30,Amazon,Mobiles,False,Normal Day,89,97,13.7,1234108.9,3
2023-11-30,Amazon,Fashion,False,Normal Day,45,57,12.8,48606.72,2
2023-11-30,Amazon,Home & Kitchen,False,Normal Day,28,31,5.1,42154.46,1
2023-11-30,Amazon,Beauty & Personal Care,False,Normal Day,19,21,14.6,12502.12,0
2023-11-30,Amazon,Grocery,False,Normal Day,15,17,5.9,6973.28,0
2023-11-30,Amazon,Books,False,Normal Day,9,10,8.5,3892.99,0
2023-11-30,Amazon,Sports & Fitness,False,Normal Day,31,31,8.1,30235.28,1
2023-11-30,Flipkart,Electronics,False,Normal Day,51,57,8.2,172312.93,1
2023-11-30,Flipkart,Mobiles,False,Normal Day,76,88,10.9,1198549.82,3
2023-11-30,Flipkart,Fashion,False,Normal Day,37,45,6.2,41619.1,1
2023-11-30,Flipkart,Home & Kitchen,False,Normal Day,37,45,12.2,55520.39,2
2023-11-30,Flipkart,Beauty & Personal Care,False,Normal Day,20,20,8.1,12032.74,1
2023-11-30,Flipkart,Grocery,False,Normal Day,11,13,8.8,5660.48,0
2023-11-30,Flipkart,Books,False,Normal Day,6,6,10.8,2071.78,0
2023-11-30,Flipkart,Sports & Fitness,False,Normal Day,32,32,8.7,32668.33,1
2023-12-01,Amazon,Electronics,False,Normal Day,67,67,11.8,190185.51,3
2023-12-01,Amazon,Mobiles,False,Normal Day,82,108,11.5,1447639.78,2
2023-12-01,Amazon,Fashion,False,Normal Day,26,35,9.7,31316.01,1
2023-12-01,Amazon,Home & Kitchen,False,Normal Day,39,53,7.2,67875.03,0
2023-12-01,Amazon,Beauty & Personal Care,False,Normal Day,17,17,9.0,10729.28,0
2023-12-01,Amazon,Grocery,False,Normal Day,22,22,10.6,8325.07,1
2023-12-01,Amazon,Books,False,Normal Day,8,10,5.6,3639.98,0
2023-12-01,Amazon,Sports & Fitness,False,Normal Day,18,19,13.4,18369.39,0
2023-12-01,Flipkart,Electronics,False,Normal Day,68,93,11.4,265803.93,3
2023-12-01,Flipkart,Mobiles,False,Normal Day,98,124,11.2,1630909.74,4
2023-12-01,Flipkart,Fashion,False,Normal Day,55,62,12.9,49859.82,1
2023-12-01,Flipkart,Home & Kitchen,False,Normal Day,27,28,5.8,36373.83,1
2023-12-01,Flipkart,Beauty & Personal Care,False,Normal Day,23,23,8.3,13609.55,0
2023-12-01,Flipkart,Grocery,False,Normal Day,13,19,5.0,7717.01,0
2023-12-01,Flipkart,Books,False,Normal Day,8,8,8.0,2865.43,0
2023-12-01,Flipkart,Sports & Fitness,False,Normal Day,28,40,5.5,41677.52,0
2023-12-02,Amazon,Electronics,False,Normal Day,73,83,8.1,239267.06,3
2023-12-02,Amazon,Mobiles,False,Normal Day,90,90,5.4,1207399.87,5
2023-12-02,Amazon,Fashion,False,Normal Day,36,36,6.3,31277.6,1
2023-12-02,Amazon,Home & Kitchen,False,Normal Day,32,43,5.9,58650.44,1
2023-12-02,Amazon,Beauty & Personal Care,False,Normal Day,30,33,11.8,18973.23,1
2023-12-02,Amazon,Grocery,False,Normal Day,13,14,14.8,5210.87,0
2023-12-02,Amazon,Books,False,Normal Day,12,14,9.8,4654.93,0
2023-12-02,Amazon,Sports & Fitness,False,Normal Day,37,48,7.7,51049.58,1
2023-12-02,Flipkart,Electronics,False,Normal Day,78,78,9.0,228683.04,2
2023-12-02,Flipkart,Mobiles,False,Normal Day,82,93,14.2,1167355.62,2
2023-12-02,Flipkart,Fashion,False,Normal Day,50,50,12.6,43427.37,2
2023-12-02,Flipkart,Home & Kitchen,False,Normal Day,41,45,12.0,54897.34,1
2023-12-02,Flipkart,Beauty & Personal Care,False,Normal Day,21,26,14.6,14502.08,0
2023-12-02,Flipkart,Grocery,False,Normal Day,24,24,7.8,9221.38,1
2023-12-02,Flipkart,Books,False,Normal Day,11,15,7.8,5547.57,0
2023-12-02,Flipkart,Sports & Fitness,False,Normal Day,25,32,8.5,32994.96,0
2023-12-03,Amazon,Electronics,False,Normal Day,80,110,11.0,305961.64,1
2023-12-03,Amazon,Mobiles,False,Normal Day,72,72,5.1,1016782.97,4
2023-12-03,Amazon,Fashion,False,Normal Day,48,63,11.0,54482.38,2
2023-12-03,Amazon,Home & Kitchen,False,Normal Day,43,47,11.3,60057.62,1
2023-12-03,Amazon,Beauty & Personal Care,False,Normal Day,25,30,13.3,16068.84,0
2023-12-03,Amazon,Grocery,False,Normal Day,18,22,5.5,9323.94,0
2023-12-03,Amazon,Books,False,Normal Day,12,13,13.1,4241.27,0
2023-12-03,Amazon,Sports & Fitness,False,Normal Day,26,26,7.8,25757.07,1
2023-12-03,Flipkart,Electronics,False,Normal Day,84,86,11.7,251918.24,3
2023-12-03,Flipkart,Mobiles,False,Normal Day,92,121,14.3,1507964.12,2
2023-12-03,Flipkart,Fashion,False,Normal Day,59,59,5.6,51519.6,2
2023-12-03,Flipkart,Home & Kitchen,False,Normal Day,39,43,11.3,55350.65,2
2023-12-03,Flipkart,Beauty & Personal Care,False,Normal Day,32,39,14.5,22572.91,1
2023-12-03,Flipkart,Grocery,False,Normal Day,15,16,11.3,6040.09,0
2023-12-03,Flipkart,Books,False,Normal Day,17,17,13.7,5688.5,0
2023-12-03,Flipkart,Sports & Fitness,False,Normal Day,46,49,8.4,48257.76,1
2023-12-04,Amazon,Electronics,False,Normal Day,60,87,11.3,245160.8,3
2023-12-04,Amazon,Mobiles,False,Normal Day,64,74,15.0,967028.79,3
2023-12-04,Amazon,Fashion,False,Normal Day,37,37,12.6,32041.64,1
2023-12-04,Amazon,Home & Kitchen,False,Normal Day,37,41,7.3,56528.52,0
2023-12-04,Amazon,Beauty & Personal Care,False,Normal Day,14,15,5.5,9437.75,0
2023-12-04,Amazon,Grocery,False,Normal Day,8,9,8.9,3729.49,0
2023-12-04,Amazon,Books,False,Normal Day,6,8,12.7,2844.08,0
2023-12-04,Amazon,Sports & Fitness,False,Normal Day,17,20,10.5,19636.25,0
2023-12-04,Flipkart,Electronics,False,Normal Day,47,58,5.5,176451.86,2
2023-12-04,Flipkart,Mobiles,False,Normal Day,82,103,8.0,1387875.66,1
2023-12-04,Flipkart,Fashion,False,Normal Day,29,38,5.5,34227.42,1
2023-12-04,Flipkart,Home & Kitchen,False,Normal Day,32,34,5.5,46191.49,0
2023-12-04,Flipkart,Beauty & Personal Care,False,Normal Day,36,41,12.6,23304.71,0
2023-12-04,Flipkart,Grocery,False,Normal Day,16,21,5.7,8042.1,0
2023-12-04,Flipkart,Books,False,Normal Day,18,21,14.2,6849.96,0
2023-12-04,Flipkart,Sports & Fitness,False,Normal Day,28,34,12.8,33934.97,1
2023-12-05,Amazon,Electronics,False,Normal Day,38,51,12.3,147596.57,1
2023-12-05,Amazon,Mobiles,False,Normal Day,81,91,7.7,1167054.25,2
2023-12-05,Amazon,Fashion,False,Normal Day,53,69,13.5,57154.95,2
2023-12-05,Amazon,Home & Kitchen,False,Normal Day,34,39,14.0,46377.23,0
2023-12-05,Amazon,Beauty & Personal Care,False,Normal Day,23,26,7.9,16532.8,0
2023-12-05,Amazon,Grocery,False,Normal Day,15,15,14.8,5505.96,0
2023-12-05,Amazon,Books,False,Normal Day,14,17,5.6,6324.75,0
2023-12-05,Amazon,Sports & Fitness,False,Normal Day,26,28,5.3,28720.15,1
2023-12-05,Flipkart,Electronics,False,Normal Day,67,67,12.4,198088.75,2
2023-12-05,Flipkart,Mobiles,False,Normal Day,76,80,11.1,1053030.48,4
2023-12-05,Flipkart,Fashion,False,Normal Day,44,44,8.4,37471.09,2
2023-12-05,Flipkart,Home & Kitchen,False,Normal Day,31,39,12.3,47275.27,1
2023-12-05,Flipkart,Beauty & Personal Care,False,Normal Day,22,28,6.7,16966.93,0
2023-12-05,Flipkart,Grocery,False,Normal Day,18,20,14.2,7215.54,1
2023-12-05,Flipkart,Books,False,Normal Day,9,9,10.2,3184.93,0
2023-12-05,Flipkart,Sports & Fitness,False,Normal Day,19,24,5.4,26647.82,0
2023-12-06,Amazon,Electronics,False,Normal Day,76,88,5.7,275393.74,2
2023-12-06,Amazon,Mobiles,False,Normal Day,73,85,14.7,1078242.25,1
2023-12-06,Amazon,Fashion,False,Normal Day,47,53,7.1,48845.66,1
2023-12-06,Amazon,Home & Kitchen,False,Normal Day,36,51,11.0,65502.21,1
2023-12-06,Amazon,Beauty & Personal Care,False,Normal Day,25,27,14.9,15068.68,1
2023-12-06,Amazon,Grocery,False,Normal Day,15,15,8.4,6017.43,0
2023-12-06,Amazon,Books,False,Normal Day,10,13,5.7,4972.9,0
2023-12-06,Amazon,Sports & Fitness,False,Normal Day,21,22,14.7,21606.04,1
2023-12-06,Flipkart,Electronics,False,Normal Day,69,75,12.1,200695.76,2
2023-12-06,Flipkart,Mobiles,False,Normal Day,54,58,5.4,835419.47,2
2023-12-06,Flipkart,Fashion,False,Normal Day,40,45,11.7,38545.9,1
2023-12-06,Flipkart,Home & Kitchen,False,Normal Day,33,36,6.9,46378.16,1
2023-12-06,Flipkart,Beauty & Personal Care,False,Normal Day,27,33,7.6,19889.14,1
2023-12-06,Flipkart,Grocery,False,Normal Day,20,22,8.5,9116.33,0
2023-12-06,Flipkart,Books,False,Normal Day,4,4,9.5,1725.05,0
2023-12-06,Flipkart,Sports & Fitness,False,Normal Day,22,25,14.3,23425.9,0
2023-12-07,Amazon,Electronics,False,Normal Day,56,60,12.5,170278.95,1
2023-12-07,Amazon,Mobiles,False,Normal Day,71,79,6.7,1071327.8,1
2023-12-07,Amazon,Fashion,False,Normal Day,27,31,11.6,25673.09,1
2023-12-07,Amazon,Home & Kitchen,False,Normal Day,48,58,5.4,80084.99,1
2023-12-07,Amazon,Beauty & Personal Care,False,Normal Day,27,32,10.6,18877.9,0
2023-12-07,Amazon,Grocery,False,Normal Day,26,26,9.6,10522.61,1
2023-12-07,Amazon,Books,False,Normal Day,13,16,10.1,5458.79,0
2023-12-07,Amazon,Sports & Fitness,False,Normal Day,19,24,10.3,23333.2,0
2023-12-07,Flipkart,Electronics,False,Normal Day,47,61,8.1,173632.24,2
2023-12-07,Flipkart,Mobiles,False,Normal Day,56,56,13.0,703839.92,1
2023-12-07,Flipkart,Fashion,False,Normal Day,31,38,9.3,35298.38,1
2023-12-07,Flipkart,Home & Kitchen,False,Normal Day,34,34,12.2,43724.15,1
2023-12-07,Flipkart,Beauty & Personal Care,False,Normal Day,24,27,14.5,14964.95,0
2023-12-07,Flipkart,Grocery,False,Normal Day,12,12,14.6,4539.55,0
2023-12-07,Flipkart,Books,False,Normal Day,19,21,13.7,7258.01,0
2023-12-07,Flipkart,Sports & Fitness,False,Normal Day,24,29,12.3,29951.22,1
2023-12-08,Amazon,Electronics,False,Normal Day,46,72,8.0,211907.68,2
2023-12-08,Amazon,Mobiles,False,Normal Day,91,104,13.0,1334038.45,2
2023-12-08,Amazon,Fashion,False,Normal Day,31,41,14.1,33659.75,1
2023-12-08,Amazon,Home & Kitchen,False,Normal Day,48,60,6.0,79229.35,2
2023-12-08,Amazon,Beauty & Personal Care,False,Normal Day,20,25,12.3,14378.47,0
2023-12-08,Amazon,Grocery,False,Normal Day,12,12,14.5,4240.62,0
2023-12-08,Amazon,Books,False,Normal Day,12,15,9.7,5206.99,0
2023-12-08,Amazon,Sports & Fitness,False,Normal Day,28,30,12.0,30142.78,1
2023-12-08,Flipkart,Electronics,False,Normal Day,57,72,5.1,227167.69,1
2023-12-08,Flipkart,Mobiles,False,Normal Day,65,88,14.8,1077891.76,1
2023-12-08,Flipkart,Fashion,False,Normal Day,50,63,5.4,57930.69,1
2023-12-08,Flipkart,Home & Kitchen,False,Normal Day,32,43,8.2,54319.97,1
2023-12-08,Flipkart,Beauty & Personal Care,False,Normal Day,23,26,10.0,15435.25,0
2023-12-08,Flipkart,Grocery,False,Normal Day,18,21,9.9,8273.54,0
2023-12-08,Flipkart,Books,False,Normal Day,13,17,9.5,6418.2,0
2023-12-08,Flipkart,Sports & Fitness,False,Normal Day,21,27,14.5,26004.59,0
2023-12-09,Amazon,Electronics,False,Normal Day,69,69,11.3,193346.53,3
2023-12-09,Amazon,Mobiles,False,Normal Day,62,77,7.3,1017934.75,1
2023-12-09,Amazon,Fashion,False,Normal Day,40,44,8.7,38597.8,2
2023-12-09,Amazon,Home & Kitchen,False,Normal Day,54,54,10.1,66068.45,3
2023-12-09,Amazon,Beauty & Personal Care,False,Normal Day,44,61,5.4,36802.65,0
2023-12-09,Amazon,Grocery,False,Normal Day,17,23,12.6,8649.55,0
2023-12-09,Amazon,Books,False,Normal Day,12,14,12.6,4623.01,0
2023-12-09,Amazon,Sports & Fitness,False,Normal Day,31,31,12.6,30143.55,1
2023-12-09,Flipkart,Electronics,False,Normal Day,76,97,10.1,291351.51,2
2023-12-09,Flipkart,Mobiles,False,Normal Day,92,92,8.2,1154835.88,5
2023-12-09,Flipkart,Fashion,False,Normal Day,44,55,8.8,47854.65,2
2023-12-09,Flipkart,Home & Kitchen,False,Normal Day,40,40,5.2,52307.47,2
2023-12-09,Flipkart,Beauty & Personal Care,False,Normal Day,26,26,5.8,17500.73,1
2023-12-09,Flipkart,Grocery,False,Normal Day,17,21,5.9,8971.45,0
2023-12-09,Flipkart,Books,False,Normal Day,15,19,8.7,6590.77,0
2023-12-09,Flipkart,Sports & Fitness,False,Normal Day,27,32,12.8,31684.58,0
2023-12-10,Amazon,Electronics,False,Normal Day,70,77,7.4,238389.41,1
2023-12-10,Amazon,Mobiles,False,Normal Day,80,95,8.1,1349847.37,3
2023-12-10,Amazon,Fashion,False,Normal Day,35,45,13.5,37566.34,0
2023-12-10,Amazon,Home & Kitchen,False,Normal Day,44,44,9.7,57181.92,2
2023-12-10,Amazon,Beauty & Personal Care,False,Normal Day,24,37,14.0,20568.91,0
2023-12-10,Amazon,Grocery,False,Normal Day,29,29,7.9,11261.17,1
2023-12-10,Amazon,Books,False,Normal Day,16,16,10.9,5590.16,0
2023-12-10,Amazon,Sports & Fitness,False,Normal Day,25,26,13.8,26355.45,1
2023-12-10,Flipkart,Electronics,False,Normal Day,57,67,12.3,193639.03,1
2023-12-10,Flipkart,Mobiles,False,Normal Day,93,93,6.8,1245348.2,2
2023-12-10,Flipkart,Fashion,False,Normal Day,54,64,7.0,54272.85,2
2023-12-10,Flipkart,Home & Kitchen,False,Normal Day,49,70,7.7,93795.73,1
2023-12-10,Flipkart,Beauty & Personal Care,False,Normal Day,30,35,7.7,20818.95,1
2023-12-10,Flipkart,Grocery,False,Normal Day,19,23,5.2,8900.0,0
2023-12-10,Flipkart,Books,False,Normal Day,13,14,11.0,4984.62,0
2023-12-10,Flipkart,Sports & Fitness,False,Normal Day,34,37,12.9,36806.13,1
2023-12-11,Amazon,Electronics,False,Normal Day,74,85,6.4,256443.55,4
2023-12-11,Amazon,Mobiles,False,Normal Day,79,79,14.6,942066.9,2
2023-12-11,Amazon,Fashion,False,Normal Day,30,30,8.1,27469.45,1
2023-12-11,Amazon,Home & Kitchen,False,Normal Day,16,19,8.6,24377.95,0
2023-12-11,Amazon,Beauty & Personal Care,False,Normal Day,31,31,9.1,19594.15,0
2023-12-11,Amazon,Grocery,False,Normal Day,20,23,11.1,8873.78,0
2023-12-11,Amazon,Books,False,Normal Day,8,8,8.7,2731.34,0
2023-12-11,Amazon,Sports & Fitness,False,Normal Day,25,28,6.5,29565.43,0
2023-12-11,Flipkart,Electronics,False,Normal Day,51,56,9.8,167504.36,1
2023-12-11,Flipkart,Mobiles,False,Normal Day,55,67,10.0,904729.68,1
2023-12-11,Flipkart,Fashion,False,Normal Day,39,39,11.2,33733.23,1
2023-12-11,Flipkart,Home & Kitchen,False,Normal Day,40,42,5.6,54337.4,1
2023-12-11,Flipkart,Beauty & Personal Care,False,Normal Day,25,33,6.4,19332.36,0
2023-12-11,Flipkart,Grocery,False,Normal Day,16,19,5.2,7735.37,0
2023-12-11,Flipkart,Books,False,Normal Day,16,16,11.1,5112.02,0
2023-12-11,Flipkart,Sports & Fitness,False,Normal Day,35,41,13.7,39769.56,1
2023-12-12,Amazon,Electronics,False,Normal Day,52,54,9.3,151274.63,2
2023-12-12,Amazon,Mobiles,False,Normal Day,81,81,9.1,1032431.16,2
2023-12-12,Amazon,Fashion,False,Normal Day,25,25,10.1,21144.67,1
2023-12-12,Amazon,Home & Kitchen,False,Normal Day,44,60,9.4,79052.68,2
2023-12-12,Amazon,Beauty & Personal Care,False,Normal Day,15,15,14.5,8105.54,0
2023-12-12,Amazon,Grocery,False,Normal Day,6,7,11.7,2542.25,0
2023-12-12,Amazon,Books,False,Normal Day,5,5,13.5,1665.47,0
2023-12-12,Amazon,Sports & Fitness,False,Normal Day,26,28,6.7,28412.75,1
2023-12-12,Flipkart,Electronics,False,Normal Day,73,78,8.3,236143.63,4
2023-12-12,Flipkart,Mobiles,False,Normal Day,89,90,8.1,1210766.84,2
2023-12-12,Flipkart,Fashion,False,Normal Day,32,32,7.8,26512.47,1
2023-12-12,Flipkart,Home & Kitchen,False,Normal Day,37,37,5.8,50112.14,0
2023-12-12,Flipkart,Beauty & Personal Care,False,Normal Day,15,17,6.0,10517.22,0
2023-12-12,Flipkart,Grocery,False,Normal Day,16,16,10.7,6112.62,0
2023-12-12,Flipkart,Books,False,Normal Day,9,9,5.8,3396.25,0
2023-12-12,Flipkart,Sports & Fitness,False,Normal Day,29,29,14.2,27466.41,1
2023-12-13,Amazon,Electronics,False,Normal Day,69,84,14.3,228601.48,2
2023-12-13,Amazon,Mobiles,False,Normal Day,66,66,9.0,859961.4,2
2023-12-13,Amazon,Fashion,False,Normal Day,47,68,10.4,56842.39,2
2023-12-13,Amazon,Home & Kitchen,False,Normal Day,46,55,7.6,66783.45,2
2023-12-13,Amazon,Beauty & Personal Care,False,Normal Day,26,26,9.4,15784.85,1
2023-12-13,Amazon,Grocery,False,Normal Day,16,17,11.9,6326.25,0
2023-12-13,Amazon,Books,False,Normal Day,13,13,10.3,4400.6,0
2023-12-13,Amazon,Sports & Fitness,False,Normal Day,21,22,14.9,21261.08,0
2023-12-13,Flipkart,Electronics,False,Normal Day,52,62,11.3,171057.64,1
2023-12-13,Flipkart,Mobiles,False,Normal Day,47,53,12.1,676997.93,2
2023-12-13,Flipkart,Fashion,False,Normal Day,52,52,7.7,47264.24,3
2023-12-13,Flipkart,Home & Kitchen,False,Normal Day,27,34,13.5,40433.01,0
2023-12-13,Flipkart,Beauty & Personal Care,False,Normal Day,20,23,9.7,13324.22,0
2023-12-13,Flipkart,Grocery,False,Normal Day,17,17,7.2,6777.55,0
2023-12-13,Flipkart,Books,False,Normal Day,12,12,9.9,4032.5,0
2023-12-13,Flipkart,Sports & Fitness,False,Normal Day,28,29,6.3,31088.06,1
2023-12-14,Amazon,Electronics,False,Normal Day,50,60,10.7,179456.95,2
2023-12-14,Amazon,Mobiles,False,Normal Day,76,78,13.3,1005589.96,2
2023-12-14,Amazon,Fashion,False,Normal Day,42,52,7.8,45517.18,1
2023-12-14,Amazon,Home & Kitchen,False,Normal Day,40,42,8.1,54958.56,0
2023-12-14,Amazon,Beauty & Personal Care,False,Normal Day,29,29,5.1,17277.27,1
2023-12-14,Amazon,Grocery,False,Normal Day,20,24,11.6,9453.86,0
2023-12-14,Amazon,Books,False,Normal Day,14,19,10.8,6772.87,0
2023-12-14,Amazon,Sports & Fitness,False,Normal Day,25,27,12.5,26169.3,1
2023-12-14,Flipkart,Electronics,False,Normal Day,59,72,6.2,212079.3,2
2023-12-14,Flipkart,Mobiles,False,Normal Day,84,107,8.2,1431405.96,3
2023-12-14,Flipkart,Fashion,False,Normal Day,42,46,13.1,38313.95,2
2023-12-14,Flipkart,Home & Kitchen,False,Normal Day,45,48,7.9,61298.8,0
2023-12-14,Flipkart,Beauty & Personal Care,False,Normal Day,20,20,14.1,11571.01,1
2023-12-14,Flipkart,Grocery,False,Normal Day,14,16,9.9,6208.19,0
2023-12-14,Flipkart,Books,False,Normal Day,9,10,12.2,3622.44,0
2023-12-14,Flipkart,Sports & Fitness,False,Normal Day,31,37,5.4,38792.21,1
2023-12-15,Amazon,Electronics,False,Normal Day,53,63,5.8,193897.72,2
2023-12-15,Amazon,Mobiles,False,Normal Day,76,95,13.9,1160794.34,2
2023-12-15,Amazon,Fashion,False,Normal Day,46,52,13.2,43392.0,1
2023-12-15,Amazon,Home & Kitchen,False,Normal Day,22,22,12.1,26667.84,0
2023-12-15,Amazon,Beauty & Personal Care,False,Normal Day,21,26,13.6,15237.27,0
2023-12-15,Amazon,Grocery,False,Normal Day,18,18,13.0,6543.86,0
2023-12-15,Amazon,Books,False,Normal Day,8,9,6.2,3470.87,0
2023-12-15,Amazon,Sports & Fitness,False,Normal Day,18,21,6.8,23315.3,0
2023-12-15,Flipkart,Electronics,False,Normal Day,56,72,9.3,215882.63,3
2023-12-15,Flipkart,Mobiles,False,Normal Day,83,114,12.3,1392322.33,3
2023-12-15,Flipkart,Fashion,False,Normal Day,32,32,11.5,26285.55,0
2023-12-15,Flipkart,Home & Kitchen,False,Normal Day,30,30,5.3,39382.22,0
2023-12-15,Flipkart,Beauty & Personal Care,False,Normal Day,29,30,6.8,19057.32,1
2023-12-15,Flipkart,Grocery,False,Normal Day,18,18,8.6,7135.16,0
2023-12-15,Flipkart,Books,False,Normal Day,9,12,8.2,4595.13,0
2023-12-15,Flipkart,Sports & Fitness,False,Normal Day,23,28,10.0,27941.78,0
2023-12-16,Amazon,Electronics,False,Normal Day,57,67,11.1,192575.79,2
2023-12-16,Amazon,Mobiles,False,Normal Day,60,67,14.2,825195.25,3
2023-12-16,Amazon,Fashion,False,Normal Day,66,68,7.2,64266.77,2
2023-12-16,Amazon,Home & Kitchen,False,Normal Day,57,82,12.0,98293.48,2
2023-12-16,Amazon,Beauty & Personal Care,False,Normal Day,25,32,7.9,18730.85,0
2023-12-16,Amazon,Grocery,False,Normal Day,14,16,6.0,6605.28,0
2023-12-16,Amazon,Books,False,Normal Day,11,13,6.0,4730.3,0
2023-12-16,Amazon,Sports & Fitness,False,Normal Day,32,42,14.3,41341.5,0
2023-12-16,Flipkart,Electronics,False,Normal Day,74,75,7.2,221116.74,1
2023-12-16,Flipkart,Mobiles,False,Normal Day,84,106,6.3,1502316.6,4
2023-12-16,Flipkart,Fashion,False,Normal Day,47,49,5.3,44990.52,2
2023-12-16,Flipkart,Home & Kitchen,False,Normal Day,52,58,7.3,76564.92,2
2023-12-16,Flipkart,Beauty & Personal Care,False,Normal Day,26,27,6.8,16519.72,1
2023-12-16,Flipkart,Grocery,False,Normal Day,16,17,14.8,6708.74,0
2023-12-16,Flipkart,Books,False,Normal Day,13,15,8.0,4910.82,0
2023-12-16,Flipkart,Sports & Fitness,False,Normal Day,29,44,13.5,41943.16,0
2023-12-17,Amazon,Electronics,False,Normal Day,65,70,5.7,224183.23,2
2023-12-17,Amazon,Mobiles,False,Normal Day,75,75,12.3,927418.69,3
2023-12-17,Amazon,Fashion,False,Normal Day,48,53,12.3,44775.72,1
2023-12-17,Amazon,Home & Kitchen,False,Normal Day,46,59,12.3,72547.14,1
2023-12-17,Amazon,Beauty & Personal Care,False,Normal Day,24,24,9.0,14570.67,0
2023-12-17,Amazon,Grocery,False,Normal Day,24,31,10.4,11823.6,0
2023-12-17,Amazon,Books,False,Normal Day,16,18,7.6,6554.62,0
2023-12-17,Amazon,Sports & Fitness,False,Normal Day,29,29,12.0,29316.76,0
2023-12-17,Flipkart,Electronics,False,Normal Day,67,67,12.5,190206.12,3
2023-12-17,Flipkart,Mobiles,False,Normal Day,68,75,6.1,1027666.53,3
2023-12-17,Flipkart,Fashion,False,Normal Day,51,51,8.0,41644.23,1
2023-12-17,Flipkart,Home & Kitchen,False,Normal Day,31,31,10.2,38191.51,1
2023-12-17,Flipkart,Beauty & Personal Care,False,Normal Day,23,23,8.3,13782.75,1
2023-12-17,Flipkart,Grocery,False,Normal Day,12,13,8.5,5279.1,0
2023-12-17,Flipkart,Books,False,Normal Day,21,27,10.1,10046.5,1
2023-12-17,Flipkart,Sports & Fitness,False,Normal Day,27,30,10.1,29558.01,1
2023-12-18,Amazon,Electronics,False,Normal Day,50,64,5.2,193887.21,2
2023-12-18,Amazon,Mobiles,False,Normal Day,51,70,12.9,929233.64,2
2023-12-18,Amazon,Fashion,False,Normal Day,35,35,12.7,27218.92,1
2023-12-18,Amazon,Home & Kitchen,False,Normal Day,38,49,7.3,61221.84,1
2023-12-18,Amazon,Beauty & Personal Care,False,Normal Day,23,24,7.5,14167.84,0
2023-12-18,Amazon,Grocery,False,Normal Day,12,14,5.4,5866.76,0
2023-12-18,Amazon,Books,False,Normal Day,7,7,10.9,2450.31,0
2023-12-18,Amazon,Sports & Fitness,False,Normal Day,28,31,9.1,30309.44,0
2023-12-18,Flipkart,Electronics,False,Normal Day,66,77,5.4,224172.5,3
2023-12-18,Flipkart,Mobiles,False,Normal Day,60,75,10.3,1051157.31,2
2023-12-18,Flipkart,Fashion,False,Normal Day,48,55,10.6,48450.28,2
2023-12-18,Flipkart,Home & Kitchen,False,Normal Day,39,43,9.4,57485.54,1
2023-12-18,Flipkart,Beauty & Personal Care,False,Normal Day,24,24,14.8,12691.27,1
2023-12-18,Flipkart,Grocery,False,Normal Day,15,16,8.2,6077.07,0
2023-12-18,Flipkart,Books,False,Normal Day,15,17,9.2,5675.6,0
2023-12-18,Flipkart,Sports & Fitness,False,Normal Day,29,36,13.0,34743.12,0
2023-12-19,Amazon,Electronics,False,Normal Day,81,81,9.5,238125.43,4
2023-12-19,Amazon,Mobiles,False,Normal Day,71,79,6.2,1097885.12,3
2023-12-19,Amazon,Fashion,False,Normal Day,47,56,8.7,46487.83,2
2023-12-19,Amazon,Home & Kitchen,False,Normal Day,48,50,11.6,59936.97,1
2023-12-19,Amazon,Beauty & Personal Care,False,Normal Day,12,12,9.9,6765.73,0
2023-12-19,Amazon,Grocery,False,Normal Day,18,20,5.3,8878.72,0
2023-12-19,Amazon,Books,False,Normal Day,11,14,5.5,5397.48,0
2023-12-19,Amazon,Sports & Fitness,False,Normal Day,24,29,13.5,27232.66,0
2023-12-19,Flipkart,Electronics,False,Normal Day,52,52,6.7,148517.91,1
2023-12-19,Flipkart,Mobiles,False,Normal Day,74,76,13.9,976106.05,2
2023-12-19,Flipkart,Fashion,False,Normal Day,40,41,5.9,36583.72,0
2023-12-19,Flipkart,Home & Kitchen,False,Normal Day,45,49,11.8,59747.07,1
2023-12-19,Flipkart,Beauty & Personal Care,False,Normal Day,20,24,7.1,14007.3,0
2023-12-19,Flipkart,Grocery,False,Normal Day,24,31,9.1,12019.51,0
2023-12-19,Flipkart,Books,False,Normal Day,10,12,5.8,4266.43,0
2023-12-19,Flipkart,Sports & Fitness,False,Normal Day,23,25,7.2,27004.74,0
2023-12-20,Amazon,Electronics,False,Normal Day,50,50,10.6,142573.36,1
2023-12-20,Amazon,Mobiles,False,Normal Day,88,106,10.1,1404243.64,5
2023-12-20,Amazon,Fashion,False,Normal Day,30,34,13.3,29493.67,0
2023-12-20,Amazon,Home & Kitchen,False,Normal Day,29,35,13.8,41942.7,1
2023-12-20,Amazon,Beauty & Personal Care,False,Normal Day,23,24,6.4,14781.46,0
2023-12-20,Amazon,Grocery,False,Normal Day,8,8,7.7,3131.2,0
2023-12-20,Amazon,Books,False,Normal Day,8,8,6.6,3078.16,0
2023-12-20,Amazon,Sports & Fitness,False,Normal Day,22,31,8.6,30674.86,0
2023-12-20,Flipkart,Electronics,False,Normal Day,66,78,6.5,248453.94,2
2023-12-20,Flipkart,Mobiles,False,Normal Day,72,91,11.8,1151742.43,1
2023-12-20,Flipkart,Fashion,False,Normal Day,44,54,5.3,47903.57,1
2023-12-20,Flipkart,Home & Kitchen,False,Normal Day,38,41,12.4,50515.19,1
2023-12-20,Flipkart,Beauty & Personal Care,False,Normal Day,23,23,6.3,14846.76,1
2023-12-20,Flipkart,Grocery,False,Normal Day,22,23,8.6,8812.62,0
2023-12-20,Flipkart,Books,False,Normal Day,11,14,6.3,5162.09,0
2023-12-20,Flipkart,Sports & Fitness,False,Normal Day,26,29,9.4,28375.7,1
2023-12-21,Amazon,Electronics,False,Normal Day,50,56,13.5,158679.1,2
2023-12-21,Amazon,Mobiles,False,Normal Day,70,82,7.6,1098508.81,1
2023-12-21,Amazon,Fashion,False,Normal Day,31,34,14.6,27876.93,1
2023-12-21,Amazon,Home & Kitchen,False,Normal Day,33,33,10.8,40295.57,1
2023-12-21,Amazon,Beauty & Personal Care,False,Normal Day,32,43,12.3,23808.44,1
2023-12-21,Amazon,Grocery,False,Normal Day,11,14,11.5,5289.91,0
2023-12-21,Amazon,Books,False,Normal Day,10,10,11.0,3569.0,0
2023-12-21,Amazon,Sports & Fitness,False,Normal Day,32,39,10.4,39749.22,1
2023-12-21,Flipkart,Electronics,False,Normal Day,56,72,6.6,212384.69,3
2023-12-21,Flipkart,Mobiles,False,Normal Day,72,72,9.9,947224.95,2
2023-12-21,Flipkart,Fashion,False,Normal Day,30,30,10.6,26417.95,1
2023-12-21,Flipkart,Home & Kitchen,False,Normal Day,39,39,6.0,52190.62,1
2023-12-21,Flipkart,Beauty & Personal Care,False,Normal Day,25,30,11.2,18026.49,0
2023-12-21,Flipkart,Grocery,False,Normal Day,12,22,13.9,8017.65,0
2023-12-21,Flipkart,Books,False,Normal Day,20,20,8.4,7070.4,0
2023-12-21,Flipkart,Sports & Fitness,False,Normal Day,23,23,6.0,22395.32,1
2023-12-22,Amazon,Electronics,False,Normal Day,59,76,10.6,224502.9,1
2023-12-22,Amazon,Mobiles,False,Normal Day,78,89,7.4,1272722.19,1
2023-12-22,Amazon,Fashion,False,Normal Day,33,39,9.7,33360.94,1
2023-12-22,Amazon,Home & Kitchen,False,Normal Day,42,46,5.2,61738.5,0
2023-12-22,Amazon,Beauty & Personal Care,False,Normal Day,16,17,5.3,11049.61,0
2023-12-22,Amazon,Grocery,False,Normal Day,8,8,12.2,2948.05,0
2023-12-22,Amazon,Books,False,Normal Day,15,15,9.9,5366.67,0
2023-12-22,Amazon,Sports & Fitness,False,Normal Day,32,34,14.9,31582.99,1
2023-12-22,Flipkart,Electronics,False,Normal Day,66,87,13.6,238528.58,1
2023-12-22,Flipkart,Mobiles,False,Normal Day,81,94,6.7,1270508.36,3
2023-12-22,Flipkart,Fashion,False,Normal Day,38,48,13.2,40119.54,1
2023-12-22,Flipkart,Home & Kitchen,False,Normal Day,42,50,12.7,63492.53,1
2023-12-22,Flipkart,Beauty & Personal Care,False,Normal Day,29,40,9.6,23222.92,0
2023-12-22,Flipkart,Grocery,False,Normal Day,13,13,12.8,4727.67,0
2023-12-22,Flipkart,Books,False,Normal Day,5,5,8.3,2187.68,0
2023-12-22,Flipkart,Sports & Fitness,False,Normal Day,23,32,8.9,32757.73,0
2023-12-23,Amazon,Electronics,False,Normal Day,70,85,13.2,246735.01,2
2023-12-23,Amazon,Mobiles,False,Normal Day,88,103,15.0,1340783.69,4
2023-12-23,Amazon,Fashion,False,Normal Day,56,65,11.1,54371.12,1
2023-12-23,Amazon,Home & Kitchen,False,Normal Day,50,61,5.9,84175.68,1
2023-12-23,Amazon,Beauty & Personal Care,False,Normal Day,16,22,5.1,13213.85,0
2023-12-23,Amazon,Grocery,False,Normal Day,22,28,6.9,11062.47,1
2023-12-23,Amazon,Books,False,Normal Day,13,13,7.3,5007.33,0
2023-12-23,Amazon,Sports & Fitness,False,Normal Day,32,37,10.1,38193.43,1
2023-12-23,Flipkart,Electronics,False,Normal Day,67,77,10.4,215991.3,2
2023-12-23,Flipkart,Mobiles,False,Normal Day,101,118,5.9,1576574.77,2
2023-12-23,Flipkart,Fashion,False,Normal Day,43,55,9.1,47751.8,2
2023-12-23,Flipkart,Home & Kitchen,False,Normal Day,41,46,7.6,63370.12,1
2023-12-23,Flipkart,Beauty & Personal Care,False,Normal Day,20,27,14.5,15619.39,0
2023-12-23,Flipkart,Grocery,False,Normal Day,23,26,12.6,10305.57,0
2023-12-23,Flipkart,Books,False,Normal Day,12,16,13.0,5095.03,0
2023-12-23,Flipkart,Sports & Fitness,False,Normal Day,22,23,8.2,24004.53,0
2023-12-24,Amazon,Electronics,False,Normal Day,71,91,6.8,266710.79,2
2023-12-24,Amazon,Mobiles,False,Normal Day,71,83,13.0,1082754.69,4
2023-12-24,Amazon,Fashion,False,Normal Day,41,45,7.9,38362.07,1
2023-12-24,Amazon,Home & Kitchen,False,Normal Day,37,40,10.3,53840.42,1
2023-12-24,Amazon,Beauty & Personal Care,False,Normal Day,20,26,11.1,15082.29,0
2023-12-24,Amazon,Grocery,False,Normal Day,15,16,8.9,6377.78,0
2023-12-24,Amazon,Books,False,Normal Day,13,13,7.8,4602.76,0
2023-12-24,Amazon,Sports & Fitness,False,Normal Day,27,27,14.6,25504.08,1
2023-12-24,Flipkart,Electronics,False,Normal Day,93,93,14.2,254110.22,2
2023-12-24,Flipkart,Mobiles,False,Normal Day,75,86,7.9,1151119.94,2
2023-12-24,Flipkart,Fashion,False,Normal Day,47,65,12.2,58116.92,2
2023-12-24,Flipkart,Home & Kitchen,False,Normal Day,34,37,11.4,47506.53,1
2023-12-24,Flipkart,Beauty & Personal Care,False,Normal Day,31,41,12.9,24207.99,1
2023-12-24,Flipkart,Grocery,False,Normal Day,14,17,6.5,6718.74,0
2023-12-24,Flipkart,Books,False,Normal Day,17,23,9.2,7877.54,0
2023-12-24,Flipkart,Sports & Fitness,False,Normal Day,20,22,13.8,21776.58,1
2023-12-25,Amazon,Electronics,True,Year End Sale,86,126,37.3,260214.58,5
2023-12-25,Amazon,Mobiles,True,Year End Sale,166,176,36.2,1537608.62,7
2023-12-25,Amazon,Fashion,True,Year End Sale,84,115,30.4,78474.89,4
2023-12-25,Amazon,Home & Kitchen,True,Year End Sale,72,107,31.6,101068.87,6
2023-12-25,Amazon,Beauty & Personal Care,True,Year End Sale,38,47,28.7,22093.03,3
2023-12-25,Amazon,Grocery,True,Year End Sale,40,64,21.4,22037.67,3
2023-12-25,Amazon,Books,True,Year End Sale,14,20,22.0,5937.39,1
2023-12-25,Amazon,Sports & Fitness,True,Year End Sale,51,65,23.0,55456.42,3
2023-12-25,Flipkart,Electronics,True,Year End Sale,106,115,24.1,279510.73,8
2023-12-25,Flipkart,Mobiles,True,Year End Sale,153,216,36.3,1941546.16,9
2023-12-25,Flipkart,Fashion,True,Year End Sale,70,101,38.7,58860.36,4
2023-12-25,Flipkart,Home & Kitchen,True,Year End Sale,64,79,30.9,73945.16,3
2023-12-25,Flipkart,Beauty & Personal Care,True,Year End Sale,40,52,32.1,22823.12,1
2023-12-25,Flipkart,Grocery,True,Year End Sale,34,52,21.7,18070.19,1
2023-12-25,Flipkart,Books,True,Year End Sale,27,39,33.0,9938.08,2
2023-12-25,Flipkart,Sports & Fitness,True,Year End Sale,43,58,36.6,39528.95,2
2023-12-26,Amazon,Electronics,True,Year End Sale,122,155,23.2,390484.67,9
2023-12-26,Amazon,Mobiles,True,Year End Sale,137,178,39.2,1496506.66,7
2023-12-26,Amazon,Fashion,True,Year End Sale,72,124,37.8,71936.33,4
2023-12-26,Amazon,Home & Kitchen,True,Year End Sale,53,79,28.3,76716.57,4
2023-12-26,Amazon,Beauty & Personal Care,True,Year End Sale,30,46,23.9,23528.34,2
2023-12-26,Amazon,Grocery,True,Year End Sale,25,38,28.5,11522.85,1
2023-12-26,Amazon,Books,True,Year End Sale,15,19,21.4,5830.9,1
2023-12-26,Amazon,Sports & Fitness,True,Year End Sale,49,71,29.8,55374.62,3
2023-12-26,Flipkart,Electronics,True,Year End Sale,114,114,35.5,238200.79,9
2023-12-26,Flipkart,Mobiles,True,Year End Sale,101,127,35.3,1233875.61,6
2023-12-26,Flipkart,Fashion,True,Year End Sale,101,169,25.5,116927.94,4
2023-12-26,Flipkart,Home & Kitchen,True,Year End Sale,60,75,26.8,78038.5,3
2023-12-26,Flipkart,Beauty & Personal Care,True,Year End Sale,41,58,36.9,24538.54,3
2023-12-26,Flipkart,Grocery,True,Year End Sale,27,38,20.6,12330.71,1
2023-12-26,Flipkart,Books,True,Year End Sale,20,27,31.7,6944.07,1
2023-12-26,Flipkart,Sports & Fitness,True,Year End Sale,51,74,28.7,61558.21,4
2023-12-27,Amazon,Electronics,True,Year End Sale,126,172,31.0,376984.08,9
2023-12-27,Amazon,Mobiles,True,Year End Sale,123,168,31.6,1696476.94,8
2023-12-27,Amazon,Fashion,True,Year End Sale,78,114,21.6,84926.1,3
2023-12-27,Amazon,Home & Kitchen,True,Year End Sale,64,101,38.5,85319.09,4
2023-12-27,Amazon,Beauty & Personal Care,True,Year End Sale,61,81,39.0,33733.19,3
2023-12-27,Amazon,Grocery,True,Year End Sale,27,41,30.0,11937.28,1
2023-12-27,Amazon,Books,True,Year End Sale,34,36,28.2,10373.6,1
2023-12-27,Amazon,Sports & Fitness,True,Year End Sale,30,44,35.7,32041.56,1
2023-12-27,Flipkart,Electronics,True,Year End Sale,120,143,25.7,334792.57,10
2023-12-27,Flipkart,Mobiles,True,Year End Sale,159,243,31.6,2261925.84,13
2023-12-27,Flipkart,Fashion,True,Year End Sale,107,121,38.2,70819.76,9
2023-12-27,Flipkart,Home & Kitchen,True,Year End Sale,81,101,37.1,87537.06,4
2023-12-27,Flipkart,Beauty & Personal Care,True,Year End Sale,47,69,39.3,26586.69,2
2023-12-27,Flipkart,Grocery,True,Year End Sale,42,57,21.4,18908.73,2
2023-12-27,Flipkart,Books,True,Year End Sale,29,43,20.1,13980.6,1
2023-12-27,Flipkart,Sports & Fitness,True,Year End Sale,60,98,39.8,66572.0,3
2023-12-28,Amazon,Electronics,True,Year End Sale,94,139,25.3,343875.31,6
2023-12-28,Amazon,Mobiles,True,Year End Sale,125,188,25.7,2031769.4,10
2023-12-28,Amazon,Fashion,True,Year End Sale,95,128,21.6,97184.46,5
2023-12-28,Amazon,Home & Kitchen,True,Year End Sale,94,142,39.2,120857.42,8
2023-12-28,Amazon,Beauty & Personal Care,True,Year End Sale,42,53,31.7,23877.59,3
2023-12-28,Amazon,Grocery,True,Year End Sale,24,30,39.0,7616.79,1
2023-12-28,Amazon,Books,True,Year End Sale,20,27,20.5,7691.33,1
2023-12-28,Amazon,Sports & Fitness,True,Year End Sale,43,60,36.7,39824.08,2
2023-12-28,Flipkart,Electronics,True,Year End Sale,117,159,27.3,376116.0,10
2023-12-28,Flipkart,Mobiles,True,Year End Sale,142,203,28.9,2058209.86,12
2023-12-28,Flipkart,Fashion,True,Year End Sale,96,120,20.7,86428.51,5
2023-12-28,Flipkart,Home & Kitchen,True,Year End Sale,71,107,21.4,123793.97,3
2023-12-28,Flipkart,Beauty & Personal Care,True,Year End Sale,38,47,33.3,19306.78,1
2023-12-28,Flipkart,Grocery,True,Year End Sale,33,44,31.2,13642.93,1
2023-12-28,Flipkart,Books,True,Year End Sale,28,36,26.3,10407.58,1
2023-12-28,Flipkart,Sports & Fitness,True,Year End Sale,46,56,33.2,39665.22,2
2023-12-29,Amazon,Electronics,True,Year End Sale,138,217,29.6,493115.3,9
2023-12-29,Amazon,Mobiles,True,Year End Sale,111,179,21.7,2092391.5,6
2023-12-29,Amazon,Fashion,True,Year End Sale,70,109,30.4,71749.04,4
2023-12-29,Amazon,Home & Kitchen,True,Year End Sale,58,83,30.9,83649.23,3
2023-12-29,Amazon,Beauty & Personal Care,True,Year End Sale,44,52,39.9,20687.59,2
2023-12-29,Amazon,Grocery,True,Year End Sale,35,47,37.8,12693.59,1
2023-12-29,Amazon,Books,True,Year End Sale,24,33,25.0,9726.48,2
2023-12-29,Amazon,Sports & Fitness,True,Year End Sale,44,58,24.2,49024.09,3
2023-12-29,Flipkart,Electronics,True,Year End Sale,103,110,21.6,277906.37,8
2023-12-29,Flipkart,Mobiles,True,Year End Sale,153,239,33.7,2360220.59,6
2023-12-29,Flipkart,Fashion,True,Year End Sale,64,88,32.7,57140.01,2
2023-12-29,Flipkart,Home & Kitchen,True,Year End Sale,67,99,32.7,93637.95,5
2023-12-29,Flipkart,Beauty & Personal Care,True,Year End Sale,56,73,25.4,36671.07,2
2023-12-29,Flipkart,Grocery,True,Year End Sale,47,56,38.2,14515.7,2
2023-12-29,Flipkart,Books,True,Year End Sale,35,44,39.3,10236.97,3
2023-12-29,Flipkart,Sports & Fitness,True,Year End Sale,54,75,23.4,63417.92,3
2023-12-30,Amazon,Electronics,True,Year End Sale,160,269,27.1,620283.13,14
2023-12-30,Amazon,Mobiles,True,Year End Sale,179,179,25.8,1938711.42,11
2023-12-30,Amazon,Fashion,True,Year End Sale,112,127,21.0,95081.3,9
2023-12-30,Amazon,Home & Kitchen,True,Year End Sale,90,157,37.6,137165.85,5
2023-12-30,Amazon,Beauty & Personal Care,True,Year End Sale,50,64,32.6,28209.51,3
2023-12-30,Amazon,Grocery,True,Year End Sale,32,46,22.8,15283.23,2
2023-12-30,Amazon,Books,True,Year End Sale,18,23,28.3,6340.84,1
2023-12-30,Amazon,Sports & Fitness,True,Year End Sale,67,108,27.2,86398.01,5
2023-12-30,Flipkart,Electronics,True,Year End Sale,178,228,27.5,542528.52,7
2023-12-30,Flipkart,Mobiles,True,Year End Sale,210,304,26.2,3216492.12,13
2023-12-30,Flipkart,Fashion,True,Year End Sale,71,121,25.8,87305.67,6
2023-12-30,Flipkart,Home & Kitchen,True,Year End Sale,80,111,24.8,122507.73,6
2023-12-30,Flipkart,Beauty & Personal Care,True,Year End Sale,65,83,30.2,38232.14,4
2023-12-30,Flipkart,Grocery,True,Year End Sale,31,38,22.2,12570.14,1
2023-12-30,Flipkart,Books,True,Year End Sale,26,31,24.5,8940.24,1
2023-12-30,Flipkart,Sports & Fitness,True,Year End Sale,62,98,28.8,77459.98,5
2023-12-31,Amazon,Electronics,True,Year End Sale,148,188,29.8,432616.83,12
2023-12-31,Amazon,Mobiles,True,Year End Sale,202,324,28.4,3378613.98,13
2023-12-31,Amazon,Fashion,True,Year End Sale,104,108,28.5,74166.11,4
2023-12-31,Amazon,Home & Kitchen,True,Year End Sale,80,107,25.3,114330.42,5
2023-12-31,Amazon,Beauty & Personal Care,True,Year End Sale,67,102,27.8,48384.27,4
2023-12-31,Amazon,Grocery,True,Year End Sale,42,53,29.1,15616.5,2
2023-12-31,Amazon,Books,True,Year End Sale,32,39,24.1,11020.89,2
2023-12-31,Amazon,Sports & Fitness,True,Year End Sale,81,105,22.4,90961.26,5
2023-12-31,Flipkart,Electronics,True,Year End Sale,190,239,34.7,498631.51,13
2023-12-31,Flipkart,Mobiles,True,Year End Sale,142,218,34.2,2158754.59,9
2023-12-31,Flipkart,Fashion,True,Year End Sale,94,136,23.6,99225.3,5
2023-12-31,Flipkart,Home & Kitchen,True,Year End Sale,89,114,25.3,122314.59,7
2023-12-31,Flipkart,Beauty & Personal Care,True,Year End Sale,57,76,21.6,40705.03,2
2023-12-31,Flipkart,Grocery,True,Year End Sale,28,37,35.2,10186.26,1
2023-12-31,Flipkart,Books,True,Year End Sale,29,36,39.6,8672.17,2
2023-12-31,Flipkart,Sports & Fitness,True,Year End Sale,65,100,35.3,68935.18,3
2024-01-01,Amazon,Electronics,False,Normal Day,58,66,12.7,189613.06,1
2024-01-01,Amazon,Mobiles,False,Normal Day,65,80,10.0,956856.07,2
2024-01-01,Amazon,Fashion,False,Normal Day,34,41,11.9,35075.22,1
2024-01-01,Amazon,Home & Kitchen,False,Normal Day,29,30,13.5,35561.62,1
2024-01-01,Amazon,Beauty & Personal Care,False,Normal Day,20,24,13.1,13705.05,1
2024-01-01,Amazon,Grocery,False,Normal Day,14,16,11.5,6009.94,0
2024-01-01,Amazon,Books,False,Normal Day,10,10,14.5,3251.6,0
2024-01-01,Amazon,Sports & Fitness,False,Normal Day,25,32,5.2,32255.11,1
2024-01-01,Flipkart,Electronics,False,Normal Day,75,77,12.9,215723.09,3
2024-01-01,Flipkart,Mobiles,False,Normal Day,92,101,13.4,1284896.62,5
2024-01-01,Flipkart,Fashion,False,Normal Day,40,48,13.8,39082.96,2
2024-01-01,Flipkart,Home & Kitchen,False,Normal Day,38,38,10.0,47326.52,0
2024-01-01,Flipkart,Beauty & Personal Care,False,Normal Day,33,43,6.8,25702.44,0
2024-01-01,Flipkart,Grocery,False,Normal Day,21,22,11.3,8650.05,1
2024-01-01,Flipkart,Books,False,Normal Day,13,16,10.0,5452.27,0
2024-01-01,Flipkart,Sports & Fitness,False,Normal Day,36,36,10.3,37492.44,1
2024-01-02,Amazon,Electronics,False,Normal Day,59,82,6.0,249136.78,2
2024-01-02,Amazon,Mobiles,False,Normal Day,71,77,6.2,1058677.99,2
2024-01-02,Amazon,Fashion,False,Normal Day,32,35,12.6,28810.25,0
2024-01-02,Amazon,Home & Kitchen,False,Normal Day,31,37,8.1,45874.89,0
2024-01-02,Amazon,Beauty & Personal Care,False,Normal Day,24,25,11.3,14174.02,1
2024-01-02,Amazon,Grocery,False,Normal Day,17,17,9.4,6685.49,0
2024-01-02,Amazon,Books,False,Normal Day,15,18,14.7,6138.33,0
2024-01-02,Amazon,Sports & Fitness,False,Normal Day,32,34,13.3,32853.96,0
2024-01-02,Flipkart,Electronics,False,Normal Day,62,74,6.6,227393.2,2
2024-01-02,Flipkart,Mobiles,False,Normal Day,77,83,13.1,1028810.32,4
2024-01-02,Flipkart,Fashion,False,Normal Day,58,75,13.6,58435.38,3
2024-01-02,Flipkart,Home & Kitchen,False,Normal Day,25,26,14.9,32773.7,0
2024-01-02,Flipkart,Beauty & Personal Care,False,Normal Day,32,37,11.3,22693.68,0
2024-01-02,Flipkart,Grocery,False,Normal Day,20,25,6.5,10370.82,0
2024-01-02,Flipkart,Books,False,Normal Day,7,8,14.4,2699.29,0
2024-01-02,Flipkart,Sports & Fitness,False,Normal Day,25,34,13.3,32086.3,1
2024-01-03,Amazon,Electronics,False,Normal Day,72,72,8.4,214011.07,2
2024-01-03,Amazon,Mobiles,False,Normal Day,69,82,10.8,1123643.5,2
2024-01-03,Amazon,Fashion,False,Normal Day,29,36,13.8,30343.85,1
2024-01-03,Amazon,Home & Kitchen,False,Normal Day,29,34,11.5,43286.82,1
2024-01-03,Amazon,Beauty & Personal Care,False,Normal Day,32,34,13.8,19081.56,0
2024-01-03,Amazon,Grocery,False,Normal Day,15,20,10.8,7860.68,0
2024-01-03,Amazon,Books,False,Normal Day,11,14,9.1,4888.98,0
2024-01-03,Amazon,Sports & Fitness,False,Normal Day,27,30,9.8,30375.71,1
2024-01-03,Flipkart,Electronics,False,Normal Day,61,73,10.6,211884.37,3
2024-01-03,Flipkart,Mobiles,False,Normal Day,85,92,7.7,1291334.58,3
2024-01-03,Flipkart,Fashion,False,Normal Day,46,46,11.5,38405.94,2
2024-01-03,Flipkart,Home & Kitchen,False,Normal Day,38,43,9.1,56607.85,1
2024-01-03,Flipkart,Beauty & Personal Care,False,Normal Day,23,27,6.3,16826.93,1
2024-01-03,Flipkart,Grocery,False,Normal Day,23,23,7.1,8865.76,0
2024-01-03,Flipkart,Books,False,Normal Day,7,7,9.7,2295.06,0
2024-01-03,Flipkart,Sports & Fitness,False,Normal Day,32,40,9.3,41072.77,0
2024-01-04,Amazon,Electronics,False,Normal Day,77,109,14.9,290637.41,2
2024-01-04,Amazon,Mobiles,False,Normal Day,48,61,5.5,842408.03,1
2024-01-04,Amazon,Fashion,False,Normal Day,42,55,11.6,48586.16,1
2024-01-04,Amazon,Home & Kitchen,False,Normal Day,50,58,5.5,79448.34,1
2024-01-04,Amazon,Beauty & Personal Care,False,Normal Day,34,34,13.0,18847.97,0
2024-01-04,Amazon,Grocery,False,Normal Day,13,13,11.8,4671.29,0
2024-01-04,Amazon,Books,False,Normal Day,7,7,9.8,2705.67,0
2024-01-04,Amazon,Sports & Fitness,False,Normal Day,25,33,10.5,33306.74,1
2024-01-04,Flipkart,Electronics,False,Normal Day,63,69,11.0,194254.28,2
2024-01-04,Flipkart,Mobiles,False,Normal Day,73,81,6.4,1127079.4,4
2024-01-04,Flipkart,Fashion,False,Normal Day,42,43,5.2,38826.6,1
2024-01-04,Flipkart,Home & Kitchen,False,Normal Day,40,40,6.9,50785.32,0
2024-01-04,Flipkart,Beauty & Personal Care,False,Normal Day,36,37,7.0,22817.53,1
2024-01-04,Flipkart,Grocery,False,Normal Day,17,20,7.6,7910.23,0
2024-01-04,Flipkart,Books,False,Normal Day,16,18,12.3,6011.98,0
2024-01-04,Flipkart,Sports & Fitness,False,Normal Day,19,19,10.3,18485.3,0
2024-01-05,Amazon,Electronics,False,Normal Day,50,51,7.6,146774.29,2
2024-01-05,Amazon,Mobiles,False,Normal Day,70,70,14.6,901470.5,2
2024-01-05,Amazon,Fashion,False,Normal Day,34,44,10.2,38495.85,0
2024-01-05,Amazon,Home & Kitchen,False,Normal Day,39,58,11.6,72082.73,1
2024-01-05,Amazon,Beauty & Personal Care,False,Normal Day,19,20,13.8,11993.92,0
2024-01-05,Amazon,Grocery,False,Normal Day,16,21,12.4,7669.47,0
2024-01-05,Amazon,Books,False,Normal Day,8,10,12.6,3666.54,0
2024-01-05,Amazon,Sports & Fitness,False,Normal Day,27,29,7.7,28446.28,1
2024-01-05,Flipkart,Electronics,False,Normal Day,66,85,14.5,230799.89,2
2024-01-05,Flipkart,Mobiles,False,Normal Day,67,69,10.2,858165.79,2
2024-01-05,Flipkart,Fashion,False,Normal Day,42,42,6.3,35509.33,1
2024-01-05,Flipkart,Home & Kitchen,False,Normal Day,34,34,10.4,43826.77,0
2024-01-05,Flipkart,Beauty & Personal Care,False,Normal Day,24,32,10.3,19511.47,1
2024-01-05,Flipkart,Grocery,False,Normal Day,19,27,9.7,10665.12,0
2024-01-05,Flipkart,Books,False,Normal Day,6,6,14.9,2364.09,0
2024-01-05,Flipkart,Sports & Fitness,False,Normal Day,24,24,10.1,25023.91,0
2024-01-06,Amazon,Electronics,False,Normal Day,63,63,5.2,187752.0,3
2024-01-06,Amazon,Mobiles,False,Normal Day,74,81,5.7,1110646.38,2
2024-01-06,Amazon,Fashion,False,Normal Day,45,61,10.3,53590.31,1
2024-01-06,Amazon,Home & Kitchen,False,Normal Day,44,52,13.9,63393.72,1
2024-01-06,Amazon,Beauty & Personal Care,False,Normal Day,17,18,8.0,11142.82,0
2024-01-06,Amazon,Grocery,False,Normal Day,17,23,6.3,9544.44,0
2024-01-06,Amazon,Books,False,Normal Day,18,19,6.7,6840.26,0
2024-01-06,Amazon,Sports & Fitness,False,Normal Day,35,48,13.9,46728.35,1
2024-01-06,Flipkart,Electronics,False,Normal Day,58,69,7.6,211803.43,2
2024-01-06,Flipkart,Mobiles,False,Normal Day,88,96,10.7,1235335.63,2
2024-01-06,Flipkart,Fashion,False,Normal Day,45,52,8.2,45625.12,2
2024-01-06,Flipkart,Home & Kitchen,False,Normal Day,50,50,12.2,62698.14,2
2024-01-06,Flipkart,Beauty & Personal Care,False,Normal Day,28,33,10.3,19263.1,0
2024-01-06,Flipkart,Grocery,False,Normal Day,16,19,6.2,7699.68,0
2024-01-06,Flipkart,Books,False,Normal Day,11,14,13.9,4744.49,0
2024-01-06,Flipkart,Sports & Fitness,False,Normal Day,31,34,7.7,35406.31,0
2024-01-07,Amazon,Electronics,False,Normal Day,64,84,13.5,230653.39,1
2024-01-07,Amazon,Mobiles,False,Normal Day,82,87,12.2,1109452.16,3
2024-01-07,Amazon,Fashion,False,Normal Day,57,57,12.1,47561.84,1
2024-01-07,Amazon,Home & Kitchen,False,Normal Day,32,37,9.2,47443.33,1
2024-01-07,Amazon,Beauty & Personal Care,False,Normal Day,22,26,7.1,16428.63,0
2024-01-07,Amazon,Grocery,False,Normal Day,16,16,8.7,6189.26,0
2024-01-07,Amazon,Books,False,Normal Day,13,16,8.3,6026.47,0
2024-01-07,Amazon,Sports & Fitness,False,Normal Day,30,30,12.4,29541.05,1
2024-01-07,Flipkart,Electronics,False,Normal Day,59,63,8.8,183934.83,1
2024-01-07,Flipkart,Mobiles,False,Normal Day,82,82,10.2,1053979.14,3
2024-01-07,Flipkart,Fashion,False,Normal Day,46,57,11.9,47615.62,1
2024-01-07,Flipkart,Home & Kitchen,False,Normal Day,39,48,7.3,62145.82,1
2024-01-07,Flipkart,Beauty & Personal Care,False,Normal Day,27,27,11.7,14612.72,1
2024-01-07,Flipkart,Grocery,False,Normal Day,14,14,5.8,5190.78,0
2024-01-07,Flipkart,Books,False,Normal Day,14,15,9.4,5309.45,0
2024-01-07,Flipkart,Sports & Fitness,False,Normal Day,33,45,6.7,47258.64,0
2024-01-08,Amazon,Electronics,False,Normal Day,64,78,13.0,223471.05,1
2024-01-08,Amazon,Mobiles,False,Normal Day,73,90,12.0,1154809.69,2
2024-01-08,Amazon,Fashion,False,Normal Day,44,56,10.2,49386.35,1
2024-01-08,Amazon,Home & Kitchen,False,Normal Day,38,47,10.2,59627.94,1
2024-01-08,Amazon,Beauty & Personal Care,False,Normal Day,31,45,6.3,28033.64,1
2024-01-08,Amazon,Grocery,False,Normal Day,16,20,6.9,8129.11,0
2024-01-08,Amazon,Books,False,Normal Day,15,15,13.4,5151.38,0
2024-01-08,Amazon,Sports & Fitness,False,Normal Day,26,29,14.6,28525.47,0
2024-01-08,Flipkart,Electronics,False,Normal Day,61,61,7.2,169181.17,3
2024-01-08,Flipkart,Mobiles,False,Normal Day,44,61,5.1,867836.33,1
2024-01-08,Flipkart,Fashion,False,Normal Day,39,39,7.3,33255.96,1
2024-01-08,Flipkart,Home & Kitchen,False,Normal Day,39,52,11.7,65716.42,0
2024-01-08,Flipkart,Beauty & Personal Care,False,Normal Day,18,23,6.5,13517.61,0
2024-01-08,Flipkart,Grocery,False,Normal Day,15,16,11.8,6245.71,0
2024-01-08,Flipkart,Books,False,Normal Day,12,15,8.8,5279.27,0
2024-01-08,Flipkart,Sports & Fitness,False,Normal Day,21,28,5.8,30355.12,0
2024-01-09,Amazon,Electronics,False,Normal Day,55,62,5.8,183759.28,1
2024-01-09,Amazon,Mobiles,False,Normal Day,64,64,10.0,908691.86,3
2024-01-09,Amazon,Fashion,False,Normal Day,32,32,11.2,27236.36,1
2024-01-09,Amazon,Home & Kitchen,False,Normal Day,34,35,10.3,42785.9,1
2024-01-09,Amazon,Beauty & Personal Care,False,Normal Day,27,30,12.8,17068.62,0
2024-01-09,Amazon,Grocery,False,Normal Day,19,24,14.8,8342.27,0
2024-01-09,Amazon,Books,False,Normal Day,13,19,12.8,6640.58,0
2024-01-09,Amazon,Sports & Fitness,False,Normal Day,30,34,7.6,35493.5,1
2024-01-09,Flipkart,Electronics,False,Normal Day,67,75,12.4,204951.2,2
2024-01-09,Flipkart,Mobiles,False,Normal Day,64,83,8.4,1116392.01,2
2024-01-09,Flipkart,Fashion,False,Normal Day,50,50,11.6,43692.82,2
2024-01-09,Flipkart,Home & Kitchen,False,Normal Day,48,49,6.9,66337.61,2
2024-01-09,Flipkart,Beauty & Personal Care,False,Normal Day,21,26,11.9,15112.7,0
2024-01-09,Flipkart,Grocery,False,Normal Day,20,20,10.4,7758.56,0
2024-01-09,Flipkart,Books,False,Normal Day,13,17,12.2,5514.15,0
2024-01-09,Flipkart,Sports & Fitness,False,Normal Day,29,36,10.2,37753.61,1
2024-01-10,Amazon,Electronics,False,Normal Day,64,71,12.9,206315.49,1
2024-01-10,Amazon,Mobiles,False,Normal Day,73,82,6.4,1041605.62,3
2024-01-10,Amazon,Fashion,False,Normal Day,50,58,13.3,48881.97,1
2024-01-10,Amazon,Home & Kitchen,False,Normal Day,33,33,9.3,43448.56,0
2024-01-10,Amazon,Beauty & Personal Care,False,Normal Day,23,23,11.0,13455.16,0
2024-01-10,Amazon,Grocery,False,Normal Day,18,24,7.9,9673.17,0
2024-01-10,Amazon,Books,False,Normal Day,13,13,11.3,4366.09,0
2024-01-10,Amazon,Sports & Fitness,False,Normal Day,20,22,12.1,21828.95,0
2024-01-10,Flipkart,Electronics,False,Normal Day,63,73,11.6,203245.12,2
2024-01-10,Flipkart,Mobiles,False,Normal Day,108,133,7.2,1772559.9,6
2024-01-10,Flipkart,Fashion,False,Normal Day,52,57,11.8,49880.46,2
2024-01-10,Flipkart,Home & Kitchen,False,Normal Day,58,58,10.9,73577.32,3
2024-01-10,Flipkart,Beauty & Personal Care,False,Normal Day,23,23,14.9,12939.24,0
2024-01-10,Flipkart,Grocery,False,Normal Day,15,16,13.0,6180.79,0
2024-01-10,Flipkart,Books,False,Normal Day,11,13,14.0,4669.7,0
2024-01-10,Flipkart,Sports & Fitness,False,Normal Day,12,12,12.9,12110.9,0
2024-01-11,Amazon,Electronics,False,Normal Day,55,58,14.7,160469.9,1
2024-01-11,Amazon,Mobiles,False,Normal Day,69,82,12.5,1075433.97,3
2024-01-11,Amazon,Fashion,False,Normal Day,41,41,6.7,36232.69,2
2024-01-11,Amazon,Home & Kitchen,False,Normal Day,40,40,13.0,47996.25,1
2024-01-11,Amazon,Beauty & Personal Care,False,Normal Day,27,28,7.4,17707.26,1
2024-01-11,Amazon,Grocery,False,Normal Day,13,15,7.5,6006.71,0
2024-01-11,Amazon,Books,False,Normal Day,15,17,7.8,6206.16,0
2024-01-11,Amazon,Sports & Fitness,False,Normal Day,29,29,11.6,26729.59,0
2024-01-11,Flipkart,Electronics,False,Normal Day,55,61,7.6,186057.21,2
2024-01-11,Flipkart,Mobiles,False,Normal Day,86,101,5.1,1496838.65,4
2024-01-11,Flipkart,Fashion,False,Normal Day,50,50,8.7,42474.6,1
2024-01-11,Flipkart,Home & Kitchen,False,Normal Day,31,37,10.2,46696.39,1
2024-01-11,Flipkart,Beauty & Personal Care,False,Normal Day,14,17,5.4,10740.94,0
2024-01-11,Flipkart,Grocery,False,Normal Day,30,30,12.9,10303.74,1
2024-01-11,Flipkart,Books,False,Normal Day,16,16,12.0,5237.97,0
2024-01-11,Flipkart,Sports & Fitness,False,Normal Day,25,31,5.9,32965.48,0
2024-01-12,Amazon,Electronics,False,Normal Day,47,56,14.1,158321.58,1
2024-01-12,Amazon,Mobiles,False,Normal Day,80,90,8.5,1189123.94,4
2024-01-12,Amazon,Fashion,False,Normal Day,39,51,7.4,43603.95,0
2024-01-12,Amazon,Home & Kitchen,False,Normal Day,38,38,11.4,45662.67,1
2024-01-12,Amazon,Beauty & Personal Care,False,Normal Day,28,31,8.0,18853.58,0
2024-01-12,Amazon,Grocery,False,Normal Day,18,18,6.2,6698.16,0
2024-01-12,Amazon,Books,False,Normal Day,12,12,8.4,4347.06,0
2024-01-12,Amazon,Sports & Fitness,False,Normal Day,27,40,10.5,39734.04,0
2024-01-12,Flipkart,Electronics,False,Normal Day,50,65,8.2,193705.81,1
2024-01-12,Flipkart,Mobiles,False,Normal Day,86,94,6.7,1286105.24,4
2024-01-12,Flipkart,Fashion,False,Normal Day,43,53,7.3,46038.34,1
2024-01-12,Flipkart,Home & Kitchen,False,Normal Day,37,44,12.8,56079.98,1
2024-01-12,Flipkart,Beauty & Personal Care,False,Normal Day,22,28,13.6,17097.16,0
2024-01-12,Flipkart,Grocery,False,Normal Day,14,16,5.6,6771.84,0
2024-01-12,Flipkart,Books,False,Normal Day,7,7,10.9,2361.72,0
2024-01-12,Flipkart,Sports & Fitness,False,Normal Day,22,26,5.6,28472.8,1
2024-01-13,Amazon,Electronics,False,Normal Day,68,90,6.2,265059.02,2
2024-01-13,Amazon,Mobiles,False,Normal Day,82,103,5.6,1459599.86,4
2024-01-13,Amazon,Fashion,False,Normal Day,38,43,7.5,37234.96,1
2024-01-13,Amazon,Home & Kitchen,False,Normal Day,41,41,14.2,48952.07,2
2024-01-13,Amazon,Beauty & Personal Care,False,Normal Day,23,27,8.8,15589.08,1
2024-01-13,Amazon,Grocery,False,Normal Day,21,21,9.7,8076.7,0
2024-01-13,Amazon,Books,False,Normal Day,8,8,11.6,3053.34,0
2024-01-13,Amazon,Sports & Fitness,False,Normal Day,26,28,9.5,30246.75,1
2024-01-13,Flipkart,Electronics,False,Normal Day,69,74,7.7,218608.8,2
2024-01-13,Flipkart,Mobiles,False,Normal Day,83,113,12.3,1476144.24,2
2024-01-13,Flipkart,Fashion,False,Normal Day,39,51,5.0,48293.15,1
2024-01-13,Flipkart,Home & Kitchen,False,Normal Day,52,52,11.1,61672.92,3
2024-01-13,Flipkart,Beauty & Personal Care,False,Normal Day,19,26,10.5,14698.31,0
2024-01-13,Flipkart,Grocery,False,Normal Day,25,28,8.3,11478.52,1
2024-01-13,Flipkart,Books,False,Normal Day,24,28,8.2,10042.64,0
2024-01-13,Flipkart,Sports & Fitness,False,Normal Day,34,45,8.4,48079.68,0
2024-01-14,Amazon,Electronics,False,Normal Day,71,72,11.7,204961.0,2
2024-01-14,Amazon,Mobiles,False,Normal Day,63,64,11.0,804753.36,2
2024-01-14,Amazon,Fashion,False,Normal Day,59,59,12.0,50269.82,2
2024-01-14,Amazon,Home & Kitchen,False,Normal Day,33,36,9.4,46038.95,0
2024-01-14,Amazon,Beauty & Personal Care,False,Normal Day,28,28,10.3,16328.96,1
2024-01-14,Amazon,Grocery,False,Normal Day,21,21,11.4,8327.25,0
2024-01-14,Amazon,Books,False,Normal Day,10,10,5.4,3758.06,0
2024-01-14,Amazon,Sports & Fitness,False,Normal Day,41,49,14.7,44626.46,2
2024-01-14,Flipkart,Electronics,False,Normal Day,74,98,14.7,268630.96,1
2024-01-14,Flipkart,Mobiles,False,Normal Day,112,112,7.1,1479518.85,5
2024-01-14,Flipkart,Fashion,False,Normal Day,50,54,8.4,48398.49,1
2024-01-14,Flipkart,Home & Kitchen,False,Normal Day,53,53,7.7,69912.61,3
2024-01-14,Flipkart,Beauty & Personal Care,False,Normal Day,19,21,8.3,12602.54,0
2024-01-14,Flipkart,Grocery,False,Normal Day,13,18,9.1,7318.79,0
2024-01-14,Flipkart,Books,False,Normal Day,15,17,13.3,5858.99,0
2024-01-14,Flipkart,Sports & Fitness,False,Normal Day,28,28,12.3,27529.29,0
2024-01-15,Amazon,Electronics,False,Normal Day,62,78,5.7,244128.59,3
2024-01-15,Amazon,Mobiles,False,Normal Day,55,58,10.7,745619.75,1
2024-01-15,Amazon,Fashion,False,Normal Day,35,39,10.5,33613.46,0
2024-01-15,Amazon,Home & Kitchen,False,Normal Day,29,30,8.2,40397.95,0
2024-01-15,Amazon,Beauty & Personal Care,False,Normal Day,26,28,14.6,15819.45,1
2024-01-15,Amazon,Grocery,False,Normal Day,15,19,8.6,7503.48,0
2024-01-15,Amazon,Books,False,Normal Day,8,10,9.2,3429.82,0
2024-01-15,Amazon,Sports & Fitness,False,Normal Day,30,37,12.2,35320.09,0
2024-01-15,Flipkart,Electronics,False,Normal Day,48,50,14.8,127447.02,0
2024-01-15,Flipkart,Mobiles,False,Normal Day,69,77,8.8,1024905.47,1
2024-01-15,Flipkart,Fashion,False,Normal Day,37,44,9.0,40410.96,2
2024-01-15,Flipkart,Home & Kitchen,False,Normal Day,38,46,5.1,60186.36,1
2024-01-15,Flipkart,Beauty & Personal Care,False,Normal Day,20,20,13.2,11083.8,1
2024-01-15,Flipkart,Grocery,False,Normal Day,12,14,10.6,5454.31,0
2024-01-15,Flipkart,Books,False,Normal Day,12,13,12.8,4588.64,0
2024-01-15,Flipkart,Sports & Fitness,False,Normal Day,24,24,8.5,23063.72,0
2024-01-16,Amazon,Electronics,False,Normal Day,47,55,10.5,160717.1,2
2024-01-16,Amazon,Mobiles,False,Normal Day,63,71,11.8,934119.77,3
2024-01-16,Amazon,Fashion,False,Normal Day,29,30,12.3,25813.73,1
2024-01-16,Amazon,Home & Kitchen,False,Normal Day,37,48,10.0,60462.82,1
2024-01-16,Amazon,Beauty & Personal Care,False,Normal Day,30,33,9.6,20862.35,1
2024-01-16,Amazon,Grocery,False,Normal Day,13,13,5.7,5347.23,0
2024-01-16,Amazon,Books,False,Normal Day,11,11,14.1,3830.84,0
2024-01-16,Amazon,Sports & Fitness,False,Normal Day,27,34,5.9,36454.25,0
2024-01-16,Flipkart,Electronics,False,Normal Day,58,58,7.5,169103.52,2
2024-01-16,Flipkart,Mobiles,False,Normal Day,66,66,14.1,800739.64,1
2024-01-16,Flipkart,Fashion,False,Normal Day,37,44,6.3,39859.44,2
2024-01-16,Flipkart,Home & Kitchen,False,Normal Day,54,69,12.1,85034.22,2
2024-01-16,Flipkart,Beauty & Personal Care,False,Normal Day,28,32,8.3,19244.94,0
2024-01-16,Flipkart,Grocery,False,Normal Day,10,10,6.9,4163.77,0
2024-01-16,Flipkart,Books,False,Normal Day,6,6,12.8,2168.69,0
2024-01-16,Flipkart,Sports & Fitness,False,Normal Day,33,41,10.5,40270.05,1
2024-01-17,Amazon,Electronics,False,Normal Day,52,52,14.0,136565.74,1
2024-01-17,Amazon,Mobiles,False,Normal Day,60,83,11.7,1070580.9,1
2024-01-17,Amazon,Fashion,False,Normal Day,42,47,14.3,39677.32,1
2024-01-17,Amazon,Home & Kitchen,False,Normal Day,37,50,10.9,65472.59,2
2024-01-17,Amazon,Beauty & Personal Care,False,Normal Day,26,28,11.9,16110.03,0
2024-01-17,Amazon,Grocery,False,Normal Day,13,14,7.0,5569.35,0
2024-01-17,Amazon,Books,False,Normal Day,14,16,13.3,5591.39,0
2024-01-17,Amazon,Sports & Fitness,False,Normal Day,25,30,5.6,30460.34,1
2024-01-17,Flipkart,Electronics,False,Normal Day,58,58,9.7,172186.01,2
2024-01-17,Flipkart,Mobiles,False,Normal Day,64,64,13.9,772924.76,2
2024-01-17,Flipkart,Fashion,False,Normal Day,20,21,6.3,20156.98,1
2024-01-17,Flipkart,Home & Kitchen,False,Normal Day,45,54,8.0,67942.5,2
2024-01-17,Flipkart,Beauty & Personal Care,False,Normal Day,20,23,9.5,14224.56,0
2024-01-17,Flipkart,Grocery,False,Normal Day,15,20,9.1,7495.92,0
2024-01-17,Flipkart,Books,False,Normal Day,11,11,7.2,4183.0,0
2024-01-17,Flipkart,Sports & Fitness,False,Normal Day,36,38,9.6,35887.38,1
2024-01-18,Amazon,Electronics,False,Normal Day,49,64,7.5,191510.6,2
2024-01-18,Amazon,Mobiles,False,Normal Day,78,98,10.1,1261868.36,4
2024-01-18,Amazon,Fashion,False,Normal Day,28,34,14.6,27599.64,0
2024-01-18,Amazon,Home & Kitchen,False,Normal Day,35,35,8.5,46429.36,1
2024-01-18,Amazon,Beauty & Personal Care,False,Normal Day,23,24,5.6,14197.04,1
2024-01-18,Amazon,Grocery,False,Normal Day,17,21,5.4,8314.3,0
2024-01-18,Amazon,Books,False,Normal Day,9,10,13.7,3369.85,0
2024-01-18,Amazon,Sports & Fitness,False,Normal Day,20,22,13.2,20487.72,1
2024-01-18,Flipkart,Electronics,False,Normal Day,58,61,14.2,167794.07,3
2024-01-18,Flipkart,Mobiles,False,Normal Day,81,90,8.9,1320631.38,3
2024-01-18,Flipkart,Fashion,False,Normal Day,21,22,9.9,19924.03,0
2024-01-18,Flipkart,Home & Kitchen,False,Normal Day,33,34,6.0,46346.26,1
2024-01-18,Flipkart,Beauty & Personal Care,False,Normal Day,24,28,11.8,16218.57,1
2024-01-18,Flipkart,Grocery,False,Normal Day,9,10,11.5,3729.66,0
2024-01-18,Flipkart,Books,False,Normal Day,12,12,6.2,4257.12,0
2024-01-18,Flipkart,Sports & Fitness,False,Normal Day,21,21,12.3,20710.42,1
2024-01-19,Amazon,Electronics,True,Republic Day Sale,183,264,29.8,605478.03,7
2024-01-19,Amazon,Mobiles,True,Republic Day Sale,209,298,26.8,3219226.03,12
2024-01-19,Amazon,Fashion,True,Republic Day Sale,79,102,34.5,62591.36,6
2024-01-19,Amazon,Home & Kitchen,True,Republic Day Sale,99,144,23.1,156533.06,5
2024-01-19,Amazon,Beauty & Personal Care,True,Republic Day Sale,66,112,27.3,53893.7,4
2024-01-19,Amazon,Grocery,True,Republic Day Sale,36,53,21.7,17790.07,2
2024-01-19,Amazon,Books,True,Republic Day Sale,30,47,26.4,13605.22,2
2024-01-19,Amazon,Sports & Fitness,True,Republic Day Sale,60,82,32.8,60577.44,3
2024-01-19,Flipkart,Electronics,True,Republic Day Sale,169,258,34.9,549482.16,6
2024-01-19,Flipkart,Mobiles,True,Republic Day Sale,187,257,24.0,2773536.25,11
2024-01-19,Flipkart,Fashion,True,Republic Day Sale,107,161,36.0,96921.19,5
2024-01-19,Flipkart,Home & Kitchen,True,Republic Day Sale,104,132,34.9,121532.36,7
2024-01-19,Flipkart,Beauty & Personal Care,True,Republic Day Sale,78,114,30.0,52577.58,3
2024-01-19,Flipkart,Grocery,True,Republic Day Sale,51,77,39.2,20305.18,3
2024-01-19,Flipkart,Books,True,Republic Day Sale,24,28,21.4,8544.0,1
2024-01-19,Flipkart,Sports & Fitness,True,Republic Day Sale,61,80,39.1,52586.01,2
2024-01-20,Amazon,Electronics,True,Republic Day Sale,158,231,34.9,470116.16,10
2024-01-20,Amazon,Mobiles,True,Republic Day Sale,294,442,27.1,4576273.17,22
2024-01-20,Amazon,Fashion,True,Republic Day Sale,113,166,28.8,111493.89,9
2024-01-20,Amazon,Home & Kitchen,True,Republic Day Sale,114,144,39.8,122960.3,6
2024-01-20,Amazon,Beauty & Personal Care,True,Republic Day Sale,59,70,25.9,33431.65,2
2024-01-20,Amazon,Grocery,True,Republic Day Sale,48,62,35.6,16339.72,1
2024-01-20,Amazon,Books,True,Republic Day Sale,27,34,24.6,9447.08,1
2024-01-20,Amazon,Sports & Fitness,True,Republic Day Sale,104,139,27.0,109687.16,7
2024-01-20,Flipkart,Electronics,True,Republic Day Sale,203,228,20.3,599366.87,11
2024-01-20,Flipkart,Mobiles,True,Republic Day Sale,153,228,24.2,2494445.36,7
2024-01-20,Flipkart,Fashion,True,Republic Day Sale,129,191,32.5,124061.76,8
2024-01-20,Flipkart,Home & Kitchen,True,Republic Day Sale,80,113,30.5,117453.49,6
2024-01-20,Flipkart,Beauty & Personal Care,True,Republic Day Sale,74,102,39.2,41871.33,5
2024-01-20,Flipkart,Grocery,True,Republic Day Sale,60,92,29.5,27712.57,5
2024-01-20,Flipkart,Books,True,Republic Day Sale,37,46,25.9,13496.71,2
2024-01-20,Flipkart,Sports & Fitness,True,Republic Day Sale,71,90,35.4,63228.78,5
2024-01-21,Amazon,Electronics,True,Republic Day Sale,180,277,30.6,639134.57,11
2024-01-21,Amazon,Mobiles,True,Republic Day Sale,201,322,26.8,3423509.9,15
2024-01-21,Amazon,Fashion,True,Republic Day Sale,177,267,27.6,184599.61,9
2024-01-21,Amazon,Home & Kitchen,True,Republic Day Sale,105,148,37.1,127617.29,8
2024-01-21,Amazon,Beauty & Personal Care,True,Republic Day Sale,65,90,20.2,45590.6,5
2024-01-21,Amazon,Grocery,True,Republic Day Sale,46,53,38.9,13762.2,3
2024-01-21,Amazon,Books,True,Republic Day Sale,38,55,25.1,16104.06,3
2024-01-21,Amazon,Sports & Fitness,True,Republic Day Sale,77,112,24.1,97607.28,6
2024-01-21,Flipkart,Electronics,True,Republic Day Sale,205,223,31.9,495545.53,13
2024-01-21,Flipkart,Mobiles,True,Republic Day Sale,206,260,31.4,2645149.82,8
2024-01-21,Flipkart,Fashion,True,Republic Day Sale,113,157,23.6,113225.94,7
2024-01-21,Flipkart,Home & Kitchen,True,Republic Day Sale,88,128,38.4,111009.11,5
2024-01-21,Flipkart,Beauty & Personal Care,True,Republic Day Sale,72,109,21.0,56436.53,3
2024-01-21,Flipkart,Grocery,True,Republic Day Sale,53,87,29.0,25655.35,2
2024-01-21,Flipkart,Books,True,Republic Day Sale,32,46,30.2,13386.22,2
2024-01-21,Flipkart,Sports & Fitness,True,Republic Day Sale,59,95,26.3,75717.05,4
2024-01-22,Amazon,Electronics,True,Republic Day Sale,137,159,23.7,385221.11,8
2024-01-22,Amazon,Mobiles,True,Republic Day Sale,189,272,23.8,2834369.66,14
2024-01-22,Amazon,Fashion,True,Republic Day Sale,117,160,27.6,112651.18,6
2024-01-22,Amazon,Home & Kitchen,True,Republic Day Sale,96,125,38.3,108054.92,6
2024-01-22,Amazon,Beauty & Personal Care,True,Republic Day Sale,45,63,39.8,24213.67,2
2024-01-22,Amazon,Grocery,True,Republic Day Sale,39,51,27.6,16103.6,2
2024-01-22,Amazon,Books,True,Republic Day Sale,29,44,35.2,11034.29,1
2024-01-22,Amazon,Sports & Fitness,True,Republic Day Sale,62,83,27.8,66310.48,2
2024-01-22,Flipkart,Electronics,True,Republic Day Sale,134,221,20.8,564364.73,7
2024-01-22,Flipkart,Mobiles,True,Republic Day Sale,188,283,28.4,2981248.85,10
2024-01-22,Flipkart,Fashion,True,Republic Day Sale,91,121,20.8,88196.36,7
2024-01-22,Flipkart,Home & Kitchen,True,Republic Day Sale,102,157,38.6,133454.26,4
2024-01-22,Flipkart,Beauty & Personal Care,True,Republic Day Sale,42,63,35.3,26728.3,2
2024-01-22,Flipkart,Grocery,True,Republic Day Sale,41,57,20.8,19243.45,3
2024-01-22,Flipkart,Books,True,Republic Day Sale,24,31,29.4,8443.93,1
2024-01-22,Flipkart,Sports & Fitness,True,Republic Day Sale,60,83,22.6,70905.01,4
2024-01-23,Amazon,Electronics,True,Republic Day Sale,148,220,39.4,420057.65,8
2024-01-23,Amazon,Mobiles,True,Republic Day Sale,222,290,38.3,2778225.59,15
2024-01-23,Amazon,Fashion,True,Republic Day Sale,97,124,34.0,77412.69,4
2024-01-23,Amazon,Home & Kitchen,True,Republic Day Sale,111,179,21.5,202224.52,8
2024-01-23,Amazon,Beauty & Personal Care,True,Republic Day Sale,43,64,24.2,29843.51,2
2024-01-23,Amazon,Grocery,True,Republic Day Sale,40,50,32.6,15100.05,3
2024-01-23,Amazon,Books,True,Republic Day Sale,42,68,31.7,18133.99,2
2024-01-23,Amazon,Sports & Fitness,True,Republic Day Sale,27,37,35.7,26303.91,1
2024-01-23,Flipkart,Electronics,True,Republic Day Sale,184,218,31.5,481039.27,7
2024-01-23,Flipkart,Mobiles,True,Republic Day Sale,226,308,39.6,2647742.34,17
2024-01-23,Flipkart,Fashion,True,Republic Day Sale,104,111,31.6,71521.72,7
2024-01-23,Flipkart,Home & Kitchen,True,Republic Day Sale,106,144,28.0,149050.82,5
2024-01-23,Flipkart,Beauty & Personal Care,True,Republic Day Sale,76,103,25.1,50596.39,3
2024-01-23,Flipkart,Grocery,True,Republic Day Sale,43,60,32.8,17360.62,3
2024-01-23,Flipkart,Books,True,Republic Day Sale,24,31,25.4,8555.91,1
2024-01-23,Flipkart,Sports & Fitness,True,Republic Day Sale,72,95,35.1,67217.59,4
2024-01-24,Amazon,Electronics,True,Republic Day Sale,135,178,25.9,427246.79,5
2024-01-24,Amazon,Mobiles,True,Republic Day Sale,255,361,34.9,3333280.27,22
2024-01-24,Amazon,Fashion,True,Republic Day Sale,97,129,31.2,83626.67,7
2024-01-24,Amazon,Home & Kitchen,True,Republic Day Sale,109,146,35.2,128077.06,4
2024-01-24,Amazon,Beauty & Personal Care,True,Republic Day Sale,49,67,37.1,27163.9,2
2024-01-24,Amazon,Grocery,True,Republic Day Sale,49,53,35.5,15449.16,2
2024-01-24,Amazon,Books,True,Republic Day Sale,28,40,30.5,10767.33,1
2024-01-24,Amazon,Sports & Fitness,True,Republic Day Sale,67,86,34.4,65173.61,4
2024-01-24,Flipkart,Electronics,True,Republic Day Sale,171,232,31.3,519235.73,11
2024-01-24,Flipkart,Mobiles,True,Republic Day Sale,200,347,32.8,3282371.1,16
2024-01-24,Flipkart,Fashion,True,Republic Day Sale,99,133,22.3,97668.86,6
2024-01-24,Flipkart,Home & Kitchen,True,Republic Day Sale,114,132,23.5,138600.54,7
2024-01-24,Flipkart,Beauty & Personal Care,True,Republic Day Sale,74,98,39.5,38228.02,3
2024-01-24,Flipkart,Grocery,True,Republic Day Sale,40,53,32.7,15280.0,3
2024-01-24,Flipkart,Books,True,Republic Day Sale,28,36,30.7,9364.87,1
2024-01-24,Flipkart,Sports & Fitness,True,Republic Day Sale,58,81,27.9,62773.76,4
2024-01-25,Amazon,Electronics,True,Republic Day Sale,160,205,39.7,376505.6,8
2024-01-25,Amazon,Mobiles,True,Republic Day Sale,182,242,20.9,2705675.16,16
2024-01-25,Amazon,Fashion,True,Republic Day Sale,111,182,29.2,121775.29,6
2024-01-25,Amazon,Home & Kitchen,True,Republic Day Sale,105,124,20.7,135204.49,6
2024-01-25,Amazon,Beauty & Personal Care,True,Republic Day Sale,37,52,34.7,21197.2,2
2024-01-25,Amazon,Grocery,True,Republic Day Sale,28,37,27.8,11710.41,2
2024-01-25,Amazon,Books,True,Republic Day Sale,29,40,33.5,10250.1,1
2024-01-25,Amazon,Sports & Fitness,True,Republic Day Sale,53,87,20.5,75782.51,3
2024-01-25,Flipkart,Electronics,True,Republic Day Sale,168,211,33.4,428012.89,14
2024-01-25,Flipkart,Mobiles,True,Republic Day Sale,203,257,30.5,2684957.15,15
2024-01-25,Flipkart,Fashion,True,Republic Day Sale,102,120,24.2,88034.73,7
2024-01-25,Flipkart,Home & Kitchen,True,Republic Day Sale,98,131,26.9,139680.79,4
2024-01-25,Flipkart,Beauty & Personal Care,True,Republic Day Sale,67,98,34.6,43557.82,2
2024-01-25,Flipkart,Grocery,True,Republic Day Sale,35,42,23.1,13823.0,3
2024-01-25,Flipkart,Books,True,Republic Day Sale,34,43,24.1,12021.73,2
2024-01-25,Flipkart,Sports & Fitness,True,Republic Day Sale,54,73,34.3,53102.3,4
2024-01-26,Amazon,Electronics,False,Normal Day,53,65,10.5,189903.8,2
2024-01-26,Amazon,Mobiles,False,Normal Day,58,64,8.5,844408.43,2
2024-01-26,Amazon,Fashion,False,Normal Day,40,60,7.9,53111.92,1
2024-01-26,Amazon,Home & Kitchen,False,Normal Day,33,37,12.2,45286.49,0
2024-01-26,Amazon,Beauty & Personal Care,False,Normal Day,25,29,13.6,16586.14,0
2024-01-26,Amazon,Grocery,False,Normal Day,16,21,8.4,7970.49,0
2024-01-26,Amazon,Books,False,Normal Day,10,12,10.5,4103.81,0
2024-01-26,Amazon,Sports & Fitness,False,Normal Day,30,32,5.8,35031.63,1
2024-01-26,Flipkart,Electronics,False,Normal Day,61,68,11.5,187934.67,2
2024-01-26,Flipkart,Mobiles,False,Normal Day,48,48,14.1,619895.76,2
2024-01-26,Flipkart,Fashion,False,Normal Day,39,45,6.9,41017.0,2
2024-01-26,Flipkart,Home & Kitchen,False,Normal Day,28,31,7.3,40200.04,0
2024-01-26,Flipkart,Beauty & Personal Care,False,Normal Day,16,16,14.9,9423.99,0
2024-01-26,Flipkart,Grocery,False,Normal Day,21,27,6.5,11216.34,0
2024-01-26,Flipkart,Books,False,Normal Day,9,9,10.4,3273.56,0
2024-01-26,Flipkart,Sports & Fitness,False,Normal Day,24,24,8.8,23903.97,1
2024-01-27,Amazon,Electronics,False,Normal Day,65,76,13.9,213223.87,1
2024-01-27,Amazon,Mobiles,False,Normal Day,73,86,14.5,1022619.89,3
2024-01-27,Amazon,Fashion,False,Normal Day,41,47,5.2,45482.15,1
2024-01-27,Amazon,Home & Kitchen,False,Normal Day,34,44,13.8,50486.66,1
2024-01-27,Amazon,Beauty & Personal Care,False,Normal Day,19,19,7.4,11531.65,0
2024-01-27,Amazon,Grocery,False,Normal Day,20,21,10.8,8069.19,0
2024-01-27,Amazon,Books,False,Normal Day,19,19,10.9,6198.72,0
2024-01-27,Amazon,Sports & Fitness,False,Normal Day,34,40,8.1,39975.41,1
2024-01-27,Flipkart,Electronics,False,Normal Day,77,85,9.0,266471.15,4
2024-01-27,Flipkart,Mobiles,False,Normal Day,81,99,8.8,1329169.64,3
2024-01-27,Flipkart,Fashion,False,Normal Day,51,74,14.4,59242.1,2
2024-01-27,Flipkart,Home & Kitchen,False,Normal Day,39,56,8.1,72641.24,2
2024-01-27,Flipkart,Beauty & Personal Care,False,Normal Day,26,26,8.2,16410.85,1
2024-01-27,Flipkart,Grocery,False,Normal Day,18,22,5.4,9083.79,0
2024-01-27,Flipkart,Books,False,Normal Day,9,9,13.0,2864.18,0
2024-01-27,Flipkart,Sports & Fitness,False,Normal Day,28,36,13.9,35960.43,1
2024-01-28,Amazon,Electronics,False,Normal Day,72,84,12.4,246144.31,3
2024-01-28,Amazon,Mobiles,False,Normal Day,68,68,8.1,882615.81,1
2024-01-28,Amazon,Fashion,False,Normal Day,58,63,10.2,53073.64,2
2024-01-28,Amazon,Home & Kitchen,False,Normal Day,38,38,6.0,51251.81,0
2024-01-28,Amazon,Beauty & Personal Care,False,Normal Day,28,31,5.6,17962.1,0
2024-01-28,Amazon,Grocery,False,Normal Day,19,20,9.6,7996.54,0
2024-01-28,Amazon,Books,False,Normal Day,8,10,12.3,3446.11,0
2024-01-28,Amazon,Sports & Fitness,False,Normal Day,31,38,14.5,36543.19,0
2024-01-28,Flipkart,Electronics,False,Normal Day,75,77,10.1,220452.91,1
2024-01-28,Flipkart,Mobiles,False,Normal Day,117,136,9.6,1829933.41,5
2024-01-28,Flipkart,Fashion,False,Normal Day,47,47,14.6,36511.69,2
2024-01-28,Flipkart,Home & Kitchen,False,Normal Day,49,49,13.9,57956.58,2
2024-01-28,Flipkart,Beauty & Personal Care,False,Normal Day,32,48,14.2,25886.08,0
2024-01-28,Flipkart,Grocery,False,Normal Day,20,25,8.3,9494.09,0
2024-01-28,Flipkart,Books,False,Normal Day,16,20,7.9,6901.77,0
2024-01-28,Flipkart,Sports & Fitness,False,Normal Day,29,41,8.8,42643.22,1
2024-01-29,Amazon,Electronics,False,Normal Day,44,44,5.4,127119.65,2
2024-01-29,Amazon,Mobiles,False,Normal Day,72,73,6.8,943355.42,3
2024-01-29,Amazon,Fashion,False,Normal Day,32,40,13.4,33294.71,0
2024-01-29,Amazon,Home & Kitchen,False,Normal Day,21,28,7.1,37712.59,1
2024-01-29,Amazon,Beauty & Personal Care,False,Normal Day,18,24,5.7,15385.74,0
2024-01-29,Amazon,Grocery,False,Normal Day,15,20,5.8,8337.83,0
2024-01-29,Amazon,Books,False,Normal Day,13,16,14.7,5403.6,0
2024-01-29,Amazon,Sports & Fitness,False,Normal Day,19,20,6.5,22260.74,0
2024-01-29,Flipkart,Electronics,False,Normal Day,72,80,11.2,235367.58,3
2024-01-29,Flipkart,Mobiles,False,Normal Day,78,94,10.7,1233754.35,3
2024-01-29,Flipkart,Fashion,False,Normal Day,38,42,12.8,34518.77,1
2024-01-29,Flipkart,Home & Kitchen,False,Normal Day,37,38,7.4,52179.48,2
2024-01-29,Flipkart,Beauty & Personal Care,False,Normal Day,29,30,7.9,18156.1,1
2024-01-29,Flipkart,Grocery,False,Normal Day,17,20,7.5,7829.94,0
2024-01-29,Flipkart,Books,False,Normal Day,13,13,14.5,4136.23,0
2024-01-29,Flipkart,Sports & Fitness,False,Normal Day,24,24,9.7,24773.81,1
2024-01-30,Amazon,Electronics,False,Normal Day,56,56,5.3,168151.03,3
2024-01-30,Amazon,Mobiles,False,Normal Day,70,75,8.8,1019038.98,3
2024-01-30,Amazon,Fashion,False,Normal Day,36,42,13.5,35677.32,1
2024-01-30,Amazon,Home & Kitchen,False,Normal Day,33,35,13.8,39600.78,0
2024-01-30,Amazon,Beauty & Personal Care,False,Normal Day,21,21,9.3,12317.48,1
2024-01-30,Amazon,Grocery,False,Normal Day,20,22,11.4,7881.57,1
2024-01-30,Amazon,Books,False,Normal Day,12,12,8.6,4555.68,0
2024-01-30,Amazon,Sports & Fitness,False,Normal Day,25,29,9.9,29495.01,1
2024-01-30,Flipkart,Electronics,False,Normal Day,54,55,10.9,165173.26,1
2024-01-30,Flipkart,Mobiles,False,Normal Day,106,109,10.7,1360813.21,5
2024-01-30,Flipkart,Fashion,False,Normal Day,44,57,11.6,47504.79,1
2024-01-30,Flipkart,Home & Kitchen,False,Normal Day,33,35,14.5,41583.42,0
2024-01-30,Flipkart,Beauty & Personal Care,False,Normal Day,20,22,5.6,13904.27,0
2024-01-30,Flipkart,Grocery,False,Normal Day,10,11,7.7,4521.19,0
2024-01-30,Flipkart,Books,False,Normal Day,14,18,9.5,6657.16,0
2024-01-30,Flipkart,Sports & Fitness,False,Normal Day,33,39,13.7,37768.58,1
2024-01-31,Amazon,Electronics,False,Normal Day,50,54,6.6,161894.79,2
2024-01-31,Amazon,Mobiles,False,Normal Day,70,103,9.3,1392196.27,1
2024-01-31,Amazon,Fashion,False,Normal Day,34,41,12.9,34564.35,1
2024-01-31,Amazon,Home & Kitchen,False,Normal Day,27,30,7.8,38057.18,1
2024-01-31,Amazon,Beauty & Personal Care,False,Normal Day,19,19,8.1,11400.51,0
2024-01-31,Amazon,Grocery,False,Normal Day,14,17,10.9,6117.03,0
2024-01-31,Amazon,Books,False,Normal Day,13,16,10.2,5603.9,0
2024-01-31,Amazon,Sports & Fitness,False,Normal Day,24,24,5.1,24535.25,0
2024-01-31,Flipkart,Electronics,False,Normal Day,66,72,5.6,227874.2,3
2024-01-31,Flipkart,Mobiles,False,Normal Day,88,105,11.5,1356166.94,2
2024-01-31,Flipkart,Fashion,False,Normal Day,58,69,12.1,57336.41,1
2024-01-31,Flipkart,Home & Kitchen,False,Normal Day,38,43,7.3,59464.69,1
2024-01-31,Flipkart,Beauty & Personal Care,False,Normal Day,25,31,12.5,18781.5,0
2024-01-31,Flipkart,Grocery,False,Normal Day,25,25,11.4,9557.24,0
2024-01-31,Flipkart,Books,False,Normal Day,16,16,9.0,5345.72,0
2024-01-31,Flipkart,Sports & Fitness,False,Normal Day,27,28,10.7,27120.31,1
2024-02-01,Amazon,Electronics,False,Normal Day,56,62,9.3,183288.23,3
2024-02-01,Amazon,Mobiles,False,Normal Day,55,62,11.9,769701.57,3
2024-02-01,Amazon,Fashion,False,Normal Day,34,35,10.1,31269.47,1
2024-02-01,Amazon,Home & Kitchen,False,Normal Day,33,33,12.4,41089.18,1
2024-02-01,Amazon,Beauty & Personal Care,False,Normal Day,18,22,14.7,11862.38,0
2024-02-01,Amazon,Grocery,False,Normal Day,11,12,12.4,4280.72,0
2024-02-01,Amazon,Books,False,Normal Day,13,13,13.6,4543.96,0
2024-02-01,Amazon,Sports & Fitness,False,Normal Day,35,35,7.3,34135.83,1
2024-02-01,Flipkart,Electronics,False,Normal Day,55,66,6.8,196994.62,1
2024-02-01,Flipkart,Mobiles,False,Normal Day,64,68,7.2,895187.09,2
2024-02-01,Flipkart,Fashion,False,Normal Day,61,67,7.0,61208.1,2
2024-02-01,Flipkart,Home & Kitchen,False,Normal Day,47,49,8.4,59517.33,2
2024-02-01,Flipkart,Beauty & Personal Care,False,Normal Day,24,25,6.6,16302.23,0
2024-02-01,Flipkart,Grocery,False,Normal Day,25,34,8.0,12717.34,1
2024-02-01,Flipkart,Books,False,Normal Day,9,11,5.6,4167.27,0
2024-02-01,Flipkart,Sports & Fitness,False,Normal Day,19,28,7.5,29208.78,1
2024-02-02,Amazon,Electronics,False,Normal Day,61,67,9.3,195599.95,1
2024-02-02,Amazon,Mobiles,False,Normal Day,55,55,10.8,731733.41,2
2024-02-02,Amazon,Fashion,False,Normal Day,49,58,7.4,52980.48,1
2024-02-02,Amazon,Home & Kitchen,False,Normal Day,26,26,14.7,31430.99,0
2024-02-02,Amazon,Beauty & Personal Care,False,Normal Day,14,16,12.9,9462.45,0
2024-02-02,Amazon,Grocery,False,Normal Day,19,21,10.4,8397.29,0
2024-02-02,Amazon,Books,False,Normal Day,16,21,13.3,7080.88,0
2024-02-02,Amazon,Sports & Fitness,False,Normal Day,26,32,12.0,31244.2,1
2024-02-02,Flipkart,Electronics,False,Normal Day,50,59,6.4,174581.04,2
2024-02-02,Flipkart,Mobiles,False,Normal Day,57,62,10.4,843189.13,1
2024-02-02,Flipkart,Fashion,False,Normal Day,35,35,11.7,28132.84,1
2024-02-02,Flipkart,Home & Kitchen,False,Normal Day,41,44,12.3,53816.91,1
2024-02-02,Flipkart,Beauty & Personal Care,False,Normal Day,25,29,11.9,17356.85,0
2024-02-02,Flipkart,Grocery,False,Normal Day,17,17,12.6,6226.66,0
2024-02-02,Flipkart,Books,False,Normal Day,12,14,13.5,4460.44,0
2024-02-02,Flipkart,Sports & Fitness,False,Normal Day,29,33,5.4,34150.84,1
2024-02-03,Amazon,Electronics,False,Normal Day,73,89,6.7,281957.09,3
2024-02-03,Amazon,Mobiles,False,Normal Day,79,79,10.0,990592.73,1
2024-02-03,Amazon,Fashion,False,Normal Day,46,46,13.4,39452.33,0
2024-02-03,Amazon,Home & Kitchen,False,Normal Day,35,38,9.3,47937.88,1
2024-02-03,Amazon,Beauty & Personal Care,False,Normal Day,20,25,9.1,15483.49,1
2024-02-03,Amazon,Grocery,False,Normal Day,20,24,11.3,9085.2,0
2024-02-03,Amazon,Books,False,Normal Day,18,19,9.9,7155.19,0
2024-02-03,Amazon,Sports & Fitness,False,Normal Day,21,24,5.4,25396.48,1
2024-02-03,Flipkart,Electronics,False,Normal Day,49,60,5.7,179768.74,2
2024-02-03,Flipkart,Mobiles,False,Normal Day,97,97,11.8,1285566.67,2
2024-02-03,Flipkart,Fashion,False,Normal Day,43,48,5.7,43869.5,1
2024-02-03,Flipkart,Home & Kitchen,False,Normal Day,55,62,11.5,75599.13,3
2024-02-03,Flipkart,Beauty & Personal Care,False,Normal Day,28,28,10.4,16536.42,1
2024-02-03,Flipkart,Grocery,False,Normal Day,20,24,5.3,9188.6,0
2024-02-03,Flipkart,Books,False,Normal Day,18,21,14.1,6968.4,1
2024-02-03,Flipkart,Sports & Fitness,False,Normal Day,27,31,6.4,32654.06,0
2024-02-04,Amazon,Electronics,False,Normal Day,82,102,8.8,306201.52,4
2024-02-04,Amazon,Mobiles,False,Normal Day,87,110,7.7,1453412.85,2
2024-02-04,Amazon,Fashion,False,Normal Day,57,59,12.2,49251.73,2
2024-02-04,Amazon,Home & Kitchen,False,Normal Day,29,40,5.1,52916.82,1
2024-02-04,Amazon,Beauty & Personal Care,False,Normal Day,29,37,10.0,21695.88,1
2024-02-04,Amazon,Grocery,False,Normal Day,16,18,12.7,6428.06,0
2024-02-04,Amazon,Books,False,Normal Day,13,15,10.6,5254.44,0
2024-02-04,Amazon,Sports & Fitness,False,Normal Day,27,30,14.9,28761.07,0
2024-02-04,Flipkart,Electronics,False,Normal Day,57,76,5.6,236959.24,1
2024-02-04,Flipkart,Mobiles,False,Normal Day,77,92,5.6,1237092.03,3
2024-02-04,Flipkart,Fashion,False,Normal Day,36,43,13.7,34910.13,2
2024-02-04,Flipkart,Home & Kitchen,False,Normal Day,45,59,9.5,72516.91,2
2024-02-04,Flipkart,Beauty & Personal Care,False,Normal Day,24,29,6.8,17944.07,1
2024-02-04,Flipkart,Grocery,False,Normal Day,16,16,10.1,6114.78,0
2024-02-04,Flipkart,Books,False,Normal Day,14,14,11.7,5121.75,0
2024-02-04,Flipkart,Sports & Fitness,False,Normal Day,27,35,5.6,38871.24,1
2024-02-05,Amazon,Electronics,False,Normal Day,71,91,13.0,245501.27,3
2024-02-05,Amazon,Mobiles,False,Normal Day,81,93,13.1,1237330.6,3
2024-02-05,Amazon,Fashion,False,Normal Day,51,58,11.3,46558.67,2
2024-02-05,Amazon,Home & Kitchen,False,Normal Day,37,43,9.3,56760.52,1
2024-02-05,Amazon,Beauty & Personal Care,False,Normal Day,32,32,10.9,19576.65,1
2024-02-05,Amazon,Grocery,False,Normal Day,16,21,14.1,7734.33,0
2024-02-05,Amazon,Books,False,Normal Day,13,19,14.4,6510.91,0
2024-02-05,Amazon,Sports & Fitness,False,Normal Day,26,36,5.1,37575.03,0
2024-02-05,Flipkart,Electronics,False,Normal Day,69,71,7.5,212218.33,2
2024-02-05,Flipkart,Mobiles,False,Normal Day,58,58,12.7,719974.13,2
2024-02-05,Flipkart,Fashion,False,Normal Day,40,44,7.8,36998.96,0
2024-02-05,Flipkart,Home & Kitchen,False,Normal Day,39,39,8.9,51132.38,2
2024-02-05,Flipkart,Beauty & Personal Care,False,Normal Day,18,23,8.0,13928.22,1
2024-02-05,Flipkart,Grocery,False,Normal Day,4,5,8.9,2098.92,0
2024-02-05,Flipkart,Books,False,Normal Day,7,7,5.7,2635.09,0
2024-02-05,Flipkart,Sports & Fitness,False,Normal Day,29,29,11.8,29479.94,0
2024-02-06,Amazon,Electronics,False,Normal Day,63,103,7.4,302723.33,3
2024-02-06,Amazon,Mobiles,False,Normal Day,62,75,7.1,1017170.91,2
2024-02-06,Amazon,Fashion,False,Normal Day,24,24,11.7,19676.1,0
2024-02-06,Amazon,Home & Kitchen,False,Normal Day,34,37,12.5,47682.42,1
2024-02-06,Amazon,Beauty & Personal Care,False,Normal Day,18,22,6.3,13496.16,1
2024-02-06,Amazon,Grocery,False,Normal Day,14,17,6.8,7172.42,0
2024-02-06,Amazon,Books,False,Normal Day,10,10,5.8,3617.37,0
2024-02-06,Amazon,Sports & Fitness,False,Normal Day,38,46,12.9,45274.77,1
2024-02-06,Flipkart,Electronics,False,Normal Day,65,84,12.4,233108.75,2
2024-02-06,Flipkart,Mobiles,False,Normal Day,58,67,14.1,853690.88,2
2024-02-06,Flipkart,Fashion,False,Normal Day,48,48,5.1,42580.2,1
2024-02-06,Flipkart,Home & Kitchen,False,Normal Day,38,43,5.3,57070.18,1
2024-02-06,Flipkart,Beauty & Personal Care,False,Normal Day,20,20,13.9,11231.56,1
2024-02-06,Flipkart,Grocery,False,Normal Day,16,16,9.9,6496.87,0
2024-02-06,Flipkart,Books,False,Normal Day,6,7,6.6,2609.98,0
2024-02-06,Flipkart,Sports & Fitness,False,Normal Day,16,18,12.4,17120.7,0
2024-02-07,Amazon,Electronics,False,Normal Day,61,69,14.1,185625.51,2
2024-02-07,Amazon,Mobiles,False,Normal Day,77,113,7.2,1499508.74,2
2024-02-07,Amazon,Fashion,False,Normal Day,33,38,10.3,34039.96,1
2024-02-07,Amazon,Home & Kitchen,False,Normal Day,41,41,7.6,52162.39,1
2024-02-07,Amazon,Beauty & Personal Care,False,Normal Day,31,31,13.6,17091.7,1
2024-02-07,Amazon,Grocery,False,Normal Day,22,22,8.2,8790.02,0
2024-02-07,Amazon,Books,False,Normal Day,7,8,9.7,2743.7,0
2024-02-07,Amazon,Sports & Fitness,False,Normal Day,24,30,14.7,28933.51,0
2024-02-07,Flipkart,Electronics,False,Normal Day,88,96,8.2,274659.88,1
2024-02-07,Flipkart,Mobiles,False,Normal Day,60,69,9.0,918127.17,2
2024-02-07,Flipkart,Fashion,False,Normal Day,42,42,9.5,35668.07,0
2024-02-07,Flipkart,Home & Kitchen,False,Normal Day,37,41,14.3,49099.38,2
2024-02-07,Flipkart,Beauty & Personal Care,False,Normal Day,18,19,13.8,10424.04,0
2024-02-07,Flipkart,Grocery,False,Normal Day,22,30,9.6,11885.66,1
2024-02-07,Flipkart,Books,False,Normal Day,11,14,5.6,5084.11,0
2024-02-07,Flipkart,Sports & Fitness,False,Normal Day,25,25,13.1,23079.05,0
2024-02-08,Amazon,Electronics,False,Normal Day,61,61,9.1,180433.72,3
2024-02-08,Amazon,Mobiles,False,Normal Day,76,89,7.9,1255852.66,2
2024-02-08,Amazon,Fashion,False,Normal Day,43,43,8.7,37809.48,1
2024-02-08,Amazon,Home & Kitchen,False,Normal Day,39,51,9.9,64113.74,2
2024-02-08,Amazon,Beauty & Personal Care,False,Normal Day,20,22,14.0,12419.81,0
2024-02-08,Amazon,Grocery,False,Normal Day,19,22,10.9,8353.31,0
2024-02-08,Amazon,Books,False,Normal Day,11,11,12.6,3875.41,0
2024-02-08,Amazon,Sports & Fitness,False,Normal Day,23,28,7.3,28873.45,0
2024-02-08,Flipkart,Electronics,False,Normal Day,52,55,13.2,162666.08,3
2024-02-08,Flipkart,Mobiles,False,Normal Day,60,85,12.8,1034807.13,3
2024-02-08,Flipkart,Fashion,False,Normal Day,55,63,12.8,51921.33,2
2024-02-08,Flipkart,Home & Kitchen,False,Normal Day,40,51,13.1,64272.56,1
2024-02-08,Flipkart,Beauty & Personal Care,False,Normal Day,19,21,10.8,12694.12,0
2024-02-08,Flipkart,Grocery,False,Normal Day,17,19,11.2,7288.17,0
2024-02-08,Flipkart,Books,False,Normal Day,10,11,8.5,4151.46,0
2024-02-08,Flipkart,Sports & Fitness,False,Normal Day,30,30,6.1,31615.06,1
2024-02-09,Amazon,Electronics,False,Normal Day,69,69,10.8,186930.32,2
2024-02-09,Amazon,Mobiles,False,Normal Day,86,113,12.1,1446403.44,3
2024-02-09,Amazon,Fashion,False,Normal Day,49,49,10.4,41952.28,1
2024-02-09,Amazon,Home & Kitchen,False,Normal Day,18,18,8.1,24119.11,0
2024-02-09,Amazon,Beauty & Personal Care,False,Normal Day,26,29,14.7,15680.1,1
2024-02-09,Amazon,Grocery,False,Normal Day,18,18,9.8,7045.54,0
2024-02-09,Amazon,Books,False,Normal Day,8,8,5.1,2928.83,0
2024-02-09,Amazon,Sports & Fitness,False,Normal Day,30,33,5.4,35859.39,0
2024-02-09,Flipkart,Electronics,False,Normal Day,57,69,13.2,193931.27,2
2024-02-09,Flipkart,Mobiles,False,Normal Day,49,55,13.7,663363.02,2
2024-02-09,Flipkart,Fashion,False,Normal Day,37,42,13.7,33827.5,0
2024-02-09,Flipkart,Home & Kitchen,False,Normal Day,32,36,12.5,44634.33,1
2024-02-09,Flipkart,Beauty & Personal Care,False,Normal Day,21,21,13.4,12322.61,1
2024-02-09,Flipkart,Grocery,False,Normal Day,8,10,10.4,3888.41,0
2024-02-09,Flipkart,Books,False,Normal Day,13,13,10.4,4534.15,0
2024-02-09,Flipkart,Sports & Fitness,False,Normal Day,34,44,14.6,42207.32,0
2024-02-10,Amazon,Electronics,False,Normal Day,68,79,12.3,215641.37,3
2024-02-10,Amazon,Mobiles,False,Normal Day,84,84,8.5,1084934.38,2
2024-02-10,Amazon,Fashion,False,Normal Day,39,52,8.3,45290.26,2
2024-02-10,Amazon,Home & Kitchen,False,Normal Day,47,51,6.3,67559.51,1
2024-02-10,Amazon,Beauty & Personal Care,False,Normal Day,31,36,11.3,21758.58,1
2024-02-10,Amazon,Grocery,False,Normal Day,24,27,6.2,10699.85,0
2024-02-10,Amazon,Books,False,Normal Day,14,17,13.5,5959.7,0
2024-02-10,Amazon,Sports & Fitness,False,Normal Day,37,41,11.0,40200.93,2
2024-02-10,Flipkart,Electronics,False,Normal Day,93,109,9.0,304503.8,2
2024-02-10,Flipkart,Mobiles,False,Normal Day,94,136,5.4,1916616.0,4
2024-02-10,Flipkart,Fashion,False,Normal Day,39,40,8.6,36239.67,2
2024-02-10,Flipkart,Home & Kitchen,False,Normal Day,44,55,9.1,68535.95,1
2024-02-10,Flipkart,Beauty & Personal Care,False,Normal Day,30,30,5.6,18414.01,1
2024-02-10,Flipkart,Grocery,False,Normal Day,18,19,8.7,7849.72,0
2024-02-10,Flipkart,Books,False,Normal Day,17,21,10.1,7061.88,0
2024-02-10,Flipkart,Sports & Fitness,False,Normal Day,30,38,5.5,38589.66,1
2024-02-11,Amazon,Electronics,False,Normal Day,68,68,9.6,204488.82,4
2024-02-11,Amazon,Mobiles,False,Normal Day,94,103,7.3,1342909.03,5
2024-02-11,Amazon,Fashion,False,Normal Day,34,39,5.6,35169.77,1
2024-02-11,Amazon,Home & Kitchen,False,Normal Day,34,44,7.1,56776.07,1
2024-02-11,Amazon,Beauty & Personal Care,False,Normal Day,21,26,6.8,16172.37,1
2024-02-11,Amazon,Grocery,False,Normal Day,20,29,6.8,11064.31,1
2024-02-11,Amazon,Books,False,Normal Day,13,13,7.2,4573.63,0
2024-02-11,Amazon,Sports & Fitness,False,Normal Day,31,39,6.9,39620.32,0
2024-02-11,Flipkart,Electronics,False,Normal Day,58,63,9.2,180367.03,1
2024-02-11,Flipkart,Mobiles,False,Normal Day,81,100,13.4,1278744.74,4
2024-02-11,Flipkart,Fashion,False,Normal Day,56,60,5.4,54818.25,1
2024-02-11,Flipkart,Home & Kitchen,False,Normal Day,46,56,14.4,66163.68,1
2024-02-11,Flipkart,Beauty & Personal Care,False,Normal Day,37,45,5.2,27722.69,2
2024-02-11,Flipkart,Grocery,False,Normal Day,23,25,5.8,10627.96,0
2024-02-11,Flipkart,Books,False,Normal Day,11,11,13.5,3602.62,0
2024-02-11,Flipkart,Sports & Fitness,False,Normal Day,19,22,5.4,23027.29,0
2024-02-12,Amazon,Electronics,False,Normal Day,67,82,13.1,240539.9,2
2024-02-12,Amazon,Mobiles,False,Normal Day,95,106,11.1,1374711.9,3
2024-02-12,Amazon,Fashion,False,Normal Day,44,44,9.3,36994.07,2
2024-02-12,Amazon,Home & Kitchen,False,Normal Day,52,58,8.4,75503.34,1
2024-02-12,Amazon,Beauty & Personal Care,False,Normal Day,17,22,9.4,14096.95,0
2024-02-12,Amazon,Grocery,False,Normal Day,16,18,9.9,6805.66,0
2024-02-12,Amazon,Books,False,Normal Day,11,13,10.8,4629.55,0
2024-02-12,Amazon,Sports & Fitness,False,Normal Day,20,28,11.3,27401.69,0
2024-02-12,Flipkart,Electronics,False,Normal Day,55,60,5.6,179967.85,2
2024-02-12,Flipkart,Mobiles,False,Normal Day,85,100,5.9,1362578.59,3
2024-02-12,Flipkart,Fashion,False,Normal Day,29,32,14.3,26038.6,1
2024-02-12,Flipkart,Home & Kitchen,False,Normal Day,45,45,6.6,59521.81,1
2024-02-12,Flipkart,Beauty & Personal Care,False,Normal Day,20,20,7.0,12339.89,1
2024-02-12,Flipkart,Grocery,False,Normal Day,19,20,9.9,7873.04,0
2024-02-12,Flipkart,Books,False,Normal Day,10,11,12.6,3968.25,0
2024-02-12,Flipkart,Sports & Fitness,False,Normal Day,26,29,12.6,28321.22,1
2024-02-13,Amazon,Electronics,False,Normal Day,87,108,11.0,302495.42,4
2024-02-13,Amazon,Mobiles,False,Normal Day,67,67,11.6,843169.63,3
2024-02-13,Amazon,Fashion,False,Normal Day,51,55,14.2,45952.14,1
2024-02-13,Amazon,Home & Kitchen,False,Normal Day,32,33,6.7,45186.69,0
2024-02-13,Amazon,Beauty & Personal Care,False,Normal Day,33,39,10.3,22887.27,0
2024-02-13,Amazon,Grocery,False,Normal Day,16,19,9.0,7667.48,0
2024-02-13,Amazon,Books,False,Normal Day,11,12,14.3,4265.19,0
2024-02-13,Amazon,Sports & Fitness,False,Normal Day,16,18,6.6,18779.8,0
2024-02-13,Flipkart,Electronics,False,Normal Day,59,63,8.5,188356.49,1
2024-02-13,Flipkart,Mobiles,False,Normal Day,83,87,10.2,1139145.38,4
2024-02-13,Flipkart,Fashion,False,Normal Day,31,34,9.1,28392.84,1
2024-02-13,Flipkart,Home & Kitchen,False,Normal Day,40,42,12.8,49157.46,2
2024-02-13,Flipkart,Beauty & Personal Care,False,Normal Day,22,25,8.1,15822.55,0
2024-02-13,Flipkart,Grocery,False,Normal Day,19,24,9.9,9237.21,0
2024-02-13,Flipkart,Books,False,Normal Day,9,10,10.6,3543.99,0
2024-02-13,Flipkart,Sports & Fitness,False,Normal Day,30,30,11.8,27542.13,1
2024-02-14,Amazon,Electronics,False,Normal Day,61,61,10.3,173987.29,1
2024-02-14,Amazon,Mobiles,False,Normal Day,88,99,7.9,1383377.82,4
2024-02-14,Amazon,Fashion,False,Normal Day,56,60,13.8,49942.81,1
2024-02-14,Amazon,Home & Kitchen,False,Normal Day,52,56,11.4,69665.64,1
2024-02-14,Amazon,Beauty & Personal Care,False,Normal Day,28,33,5.1,20398.44,0
2024-02-14,Amazon,Grocery,False,Normal Day,10,12,7.3,4739.53,0
2024-02-14,Amazon,Books,False,Normal Day,13,13,13.6,4245.11,0
2024-02-14,Amazon,Sports & Fitness,False,Normal Day,15,21,8.9,21800.1,0
2024-02-14,Flipkart,Electronics,False,Normal Day,52,53,13.7,154480.42,1
2024-02-14,Flipkart,Mobiles,False,Normal Day,79,79,13.8,974691.86,2
2024-02-14,Flipkart,Fashion,False,Normal Day,41,41,6.0,37763.12,1
2024-02-14,Flipkart,Home & Kitchen,False,Normal Day,31,37,6.1,48384.01,0
2024-02-14,Flipkart,Beauty & Personal Care,False,Normal Day,34,42,13.5,24502.54,1
2024-02-14,Flipkart,Grocery,False,Normal Day,15,17,11.1,6268.03,0
2024-02-14,Flipkart,Books,False,Normal Day,4,4,14.7,1485.05,0
2024-02-14,Flipkart,Sports & Fitness,False,Normal Day,36,39,10.2,39082.48,1
2024-02-15,Amazon,Electronics,False,Normal Day,74,74,9.7,216923.35,2
2024-02-15,Amazon,Mobiles,False,Normal Day,85,118,8.7,1566628.4,4
2024-02-15,Amazon,Fashion,False,Normal Day,29,41,13.2,36074.77,0
2024-02-15,Amazon,Home & Kitchen,False,Normal Day,42,45,11.2,54479.56,1
2024-02-15,Amazon,Beauty & Personal Care,False,Normal Day,19,20,12.1,11366.94,0
2024-02-15,Amazon,Grocery,False,Normal Day,15,18,11.7,6717.69,0
2024-02-15,Amazon,Books,False,Normal Day,10,13,10.0,4633.57,0
2024-02-15,Amazon,Sports & Fitness,False,Normal Day,30,36,8.2,37528.59,0
2024-02-15,Flipkart,Electronics,False,Normal Day,61,61,7.6,183713.01,3
2024-02-15,Flipkart,Mobiles,False,Normal Day,60,78,10.9,997848.66,2
2024-02-15,Flipkart,Fashion,False,Normal Day,40,44,11.0,38468.39,1
2024-02-15,Flipkart,Home & Kitchen,False,Normal Day,34,41,9.6,53612.24,1
2024-02-15,Flipkart,Beauty & Personal Care,False,Normal Day,21,24,6.3,13994.85,0
2024-02-15,Flipkart,Grocery,False,Normal Day,7,8,11.4,3170.25,0
2024-02-15,Flipkart,Books,False,Normal Day,13,13,14.5,4266.36,0
2024-02-15,Flipkart,Sports & Fitness,False,Normal Day,17,25,13.3,24943.84,0
2024-02-16,Amazon,Electronics,False,Normal Day,64,78,7.7,224961.74,2
2024-02-16,Amazon,Mobiles,False,Normal Day,69,78,12.2,1011614.9,3
2024-02-16,Amazon,Fashion,False,Normal Day,41,44,9.6,38208.65,2
2024-02-16,Amazon,Home & Kitchen,False,Normal Day,29,38,7.0,48334.67,1
2024-02-16,Amazon,Beauty & Personal Care,False,Normal Day,27,28,7.7,16326.65,0
2024-02-16,Amazon,Grocery,False,Normal Day,6,7,5.5,2778.93,0
2024-02-16,Amazon,Books,False,Normal Day,13,13,9.7,4567.45,0
2024-02-16,Amazon,Sports & Fitness,False,Normal Day,30,31,9.9,31106.82,1
2024-02-16,Flipkart,Electronics,False,Normal Day,49,56,8.1,172291.49,1
2024-02-16,Flipkart,Mobiles,False,Normal Day,61,75,11.7,971481.33,3
2024-02-16,Flipkart,Fashion,False,Normal Day,37,44,8.6,39190.07,1
2024-02-16,Flipkart,Home & Kitchen,False,Normal Day,29,32,10.1,42357.54,0
2024-02-16,Flipkart,Beauty & Personal Care,False,Normal Day,24,32,5.2,20668.99,0
2024-02-16,Flipkart,Grocery,False,Normal Day,13,15,13.1,5635.02,0
2024-02-16,Flipkart,Books,False,Normal Day,16,18,8.4,6087.62,0
2024-02-16,Flipkart,Sports & Fitness,False,Normal Day,32,34,12.2,33030.67,0
2024-02-17,Amazon,Electronics,False,Normal Day,55,62,8.6,191568.92,3
2024-02-17,Amazon,Mobiles,False,Normal Day,90,97,7.4,1334571.07,2
2024-02-17,Amazon,Fashion,False,Normal Day,60,64,13.0,53698.8,1
2024-02-17,Amazon,Home & Kitchen,False,Normal Day,38,50,8.0,66828.43,2
2024-02-17,Amazon,Beauty & Personal Care,False,Normal Day,32,41,13.0,24540.91,1
2024-02-17,Amazon,Grocery,False,Normal Day,23,26,10.8,9231.87,0
2024-02-17,Amazon,Books,False,Normal Day,16,18,10.4,6487.52,0
2024-02-17,Amazon,Sports & Fitness,False,Normal Day,28,28,14.3,27888.62,1
2024-02-17,Flipkart,Electronics,False,Normal Day,70,84,6.1,258620.4,2
2024-02-17,Flipkart,Mobiles,False,Normal Day,98,98,6.4,1325800.89,3
2024-02-17,Flipkart,Fashion,False,Normal Day,60,76,7.7,66720.75,2
2024-02-17,Flipkart,Home & Kitchen,False,Normal Day,22,25,12.7,31215.96,0
2024-02-17,Flipkart,Beauty & Personal Care,False,Normal Day,25,32,14.2,17243.9,1
2024-02-17,Flipkart,Grocery,False,Normal Day,23,29,13.3,10832.86,1
2024-02-17,Flipkart,Books,False,Normal Day,17,20,6.1,7119.78,0
2024-02-17,Flipkart,Sports & Fitness,False,Normal Day,27,31,9.2,30081.66,1
2024-02-18,Amazon,Electronics,False,Normal Day,68,72,9.5,203541.25,2
2024-02-18,Amazon,Mobiles,False,Normal Day,90,103,11.4,1342856.86,4
2024-02-18,Amazon,Fashion,False,Normal Day,38,43,6.6,37378.34,2
2024-02-18,Amazon,Home & Kitchen,False,Normal Day,48,62,12.1,77645.55,2
2024-02-18,Amazon,Beauty & Personal Care,False,Normal Day,34,36,13.1,20491.96,1
2024-02-18,Amazon,Grocery,False,Normal Day,16,18,11.1,6868.97,0
2024-02-18,Amazon,Books,False,Normal Day,11,11,14.7,3543.35,0
2024-02-18,Amazon,Sports & Fitness,False,Normal Day,29,32,10.1,31882.97,1
2024-02-18,Flipkart,Electronics,False,Normal Day,67,83,10.3,255562.44,2
2024-02-18,Flipkart,Mobiles,False,Normal Day,70,77,10.3,979892.21,2
2024-02-18,Flipkart,Fashion,False,Normal Day,45,51,14.5,40880.55,0
2024-02-18,Flipkart,Home & Kitchen,False,Normal Day,44,46,12.4,58802.22,1
2024-02-18,Flipkart,Beauty & Personal Care,False,Normal Day,29,41,11.2,23402.42,1
2024-02-18,Flipkart,Grocery,False,Normal Day,17,19,9.8,7303.74,0
2024-02-18,Flipkart,Books,False,Normal Day,20,22,9.7,7778.55,0
2024-02-18,Flipkart,Sports & Fitness,False,Normal Day,37,44,8.5,44553.78,0
2024-02-19,Amazon,Electronics,False,Normal Day,54,57,11.8,161057.83,1
2024-02-19,Amazon,Mobiles,False,Normal Day,63,63,5.1,840563.93,2
2024-02-19,Amazon,Fashion,False,Normal Day,52,58,13.4,47488.78,1
2024-02-19,Amazon,Home & Kitchen,False,Normal Day,44,55,9.5,72849.49,1
2024-02-19,Amazon,Beauty & Personal Care,False,Normal Day,25,31,6.9,20759.47,0
2024-02-19,Amazon,Grocery,False,Normal Day,14,15,14.5,5814.66,0
2024-02-19,Amazon,Books,False,Normal Day,14,14,11.7,4799.6,0
2024-02-19,Amazon,Sports & Fitness,False,Normal Day,21,24,11.0,23967.22,1
2024-02-19,Flipkart,Electronics,False,Normal Day,68,69,6.8,208495.65,3
2024-02-19,Flipkart,Mobiles,False,Normal Day,71,76,13.9,967158.12,1
2024-02-19,Flipkart,Fashion,False,Normal Day,39,48,8.1,43435.95,0
2024-02-19,Flipkart,Home & Kitchen,False,Normal Day,52,52,14.0,59790.83,2
2024-02-19,Flipkart,Beauty & Personal Care,False,Normal Day,14,17,6.1,10776.63,0
2024-02-19,Flipkart,Grocery,False,Normal Day,10,12,9.8,4974.72,0
2024-02-19,Flipkart,Books,False,Normal Day,10,10,14.9,3355.06,0
2024-02-19,Flipkart,Sports & Fitness,False,Normal Day,23,27,6.7,27866.45,0
2024-02-20,Amazon,Electronics,False,Normal Day,60,80,7.1,228029.53,2
2024-02-20,Amazon,Mobiles,False,Normal Day,61,63,6.1,865353.39,1
2024-02-20,Amazon,Fashion,False,Normal Day,57,62,5.8,54090.5,3
2024-02-20,Amazon,Home & Kitchen,False,Normal Day,47,47,9.1,60684.59,2
2024-02-20,Amazon,Beauty & Personal Care,False,Normal Day,28,38,6.2,22972.06,1
2024-02-20,Amazon,Grocery,False,Normal Day,17,18,6.3,7432.14,1
2024-02-20,Amazon,Books,False,Normal Day,12,13,5.3,4845.72,0
2024-02-20,Amazon,Sports & Fitness,False,Normal Day,23,30,5.5,31186.52,1
2024-02-20,Flipkart,Electronics,False,Normal Day,62,62,5.7,195852.52,2
2024-02-20,Flipkart,Mobiles,False,Normal Day,77,113,9.1,1516195.85,2
2024-02-20,Flipkart,Fashion,False,Normal Day,40,48,11.4,40358.63,1
2024-02-20,Flipkart,Home & Kitchen,False,Normal Day,36,42,7.9,50309.53,0
2024-02-20,Flipkart,Beauty & Personal Care,False,Normal Day,25,27,6.2,16924.21,0
2024-02-20,Flipkart,Grocery,False,Normal Day,15,15,14.0,5436.55,0
2024-02-20,Flipkart,Books,False,Normal Day,10,13,5.1,4835.96,0
2024-02-20,Flipkart,Sports & Fitness,False,Normal Day,19,20,8.8,20481.41,0
2024-02-21,Amazon,Electronics,False,Normal Day,68,92,12.2,239877.23,2
2024-02-21,Amazon,Mobiles,False,Normal Day,80,102,8.8,1390490.79,3
2024-02-21,Amazon,Fashion,False,Normal Day,36,38,9.3,32380.31,0
2024-02-21,Amazon,Home & Kitchen,False,Normal Day,27,38,8.9,49461.75,0
2024-02-21,Amazon,Beauty & Personal Care,False,Normal Day,30,30,12.5,16941.14,0
2024-02-21,Amazon,Grocery,False,Normal Day,15,19,14.7,6894.32,0
2024-02-21,Amazon,Books,False,Normal Day,11,12,12.7,4142.32,0
2024-02-21,Amazon,Sports & Fitness,False,Normal Day,22,28,12.4,26321.19,0
2024-02-21,Flipkart,Electronics,False,Normal Day,67,78,5.4,225921.81,2
2024-02-21,Flipkart,Mobiles,False,Normal Day,93,93,13.1,1181239.96,4
2024-02-21,Flipkart,Fashion,False,Normal Day,45,45,6.6,40180.97,1
2024-02-21,Flipkart,Home & Kitchen,False,Normal Day,47,48,13.5,60720.67,2
2024-02-21,Flipkart,Beauty & Personal Care,False,Normal Day,21,26,12.7,15441.57,1
2024-02-21,Flipkart,Grocery,False,Normal Day,13,19,9.2,7342.16,0
2024-02-21,Flipkart,Books,False,Normal Day,11,11,14.1,3533.68,0
2024-02-21,Flipkart,Sports & Fitness,False,Normal Day,20,23,9.6,23430.77,1
2024-02-22,Amazon,Electronics,False,Normal Day,50,66,8.6,191363.66,1
2024-02-22,Amazon,Mobiles,False,Normal Day,89,102,6.7,1391807.02,3
2024-02-22,Amazon,Fashion,False,Normal Day,31,36,7.6,32857.89,0
2024-02-22,Amazon,Home & Kitchen,False,Normal Day,31,40,11.4,49646.8,1
2024-02-22,Amazon,Beauty & Personal Care,False,Normal Day,23,27,5.5,17420.45,1
2024-02-22,Amazon,Grocery,False,Normal Day,12,14,14.8,5305.15,0
2024-02-22,Amazon,Books,False,Normal Day,13,13,14.5,4348.5,0
2024-02-22,Amazon,Sports & Fitness,False,Normal Day,27,31,14.1,30165.1,1
2024-02-22,Flipkart,Electronics,False,Normal Day,58,64,10.1,186213.16,1
2024-02-22,Flipkart,Mobiles,False,Normal Day,77,77,5.6,1010524.96,2
2024-02-22,Flipkart,Fashion,False,Normal Day,55,55,11.0,47022.58,3
2024-02-22,Flipkart,Home & Kitchen,False,Normal Day,33,34,12.3,46964.45,1
2024-02-22,Flipkart,Beauty & Personal Care,False,Normal Day,24,26,8.9,14770.27,0
2024-02-22,Flipkart,Grocery,False,Normal Day,10,13,14.8,4950.15,0
2024-02-22,Flipkart,Books,False,Normal Day,13,14,9.5,5095.0,0
2024-02-22,Flipkart,Sports & Fitness,False,Normal Day,17,21,6.4,21606.48,0
2024-02-23,Amazon,Electronics,False,Normal Day,65,65,14.1,175352.35,3
2024-02-23,Amazon,Mobiles,False,Normal Day,72,78,5.3,1050455.74,1
2024-02-23,Amazon,Fashion,False,Normal Day,53,58,10.0,48992.25,2
2024-02-23,Amazon,Home & Kitchen,False,Normal Day,36,46,13.1,60722.78,1
2024-02-23,Amazon,Beauty & Personal Care,False,Normal Day,19,22,6.3,13559.8,0
2024-02-23,Amazon,Grocery,False,Normal Day,16,16,6.3,6436.05,0
2024-02-23,Amazon,Books,False,Normal Day,16,16,6.5,5916.85,0
2024-02-23,Amazon,Sports & Fitness,False,Normal Day,26,29,10.5,28174.75,1
2024-02-23,Flipkart,Electronics,False,Normal Day,74,91,11.5,267030.63,3
2024-02-23,Flipkart,Mobiles,False,Normal Day,42,42,13.1,515704.3,1
2024-02-23,Flipkart,Fashion,False,Normal Day,39,49,12.5,40543.33,1
2024-02-23,Flipkart,Home & Kitchen,False,Normal Day,42,51,13.9,61613.47,1
2024-02-23,Flipkart,Beauty & Personal Care,False,Normal Day,12,13,14.5,7124.7,0
2024-02-23,Flipkart,Grocery,False,Normal Day,21,21,14.2,7650.08,0
2024-02-23,Flipkart,Books,False,Normal Day,13,13,14.7,4188.07,0
2024-02-23,Flipkart,Sports & Fitness,False,Normal Day,36,47,7.4,49892.24,1
2024-02-24,Amazon,Electronics,False,Normal Day,63,73,11.6,210989.97,2
2024-02-24,Amazon,Mobiles,False,Normal Day,80,94,8.8,1232123.86,3
2024-02-24,Amazon,Fashion,False,Normal Day,57,60,6.0,51029.59,1
2024-02-24,Amazon,Home & Kitchen,False,Normal Day,43,53,10.0,69344.56,2
2024-02-24,Amazon,Beauty & Personal Care,False,Normal Day,21,25,9.7,14792.48,0
2024-02-24,Amazon,Grocery,False,Normal Day,24,30,14.1,11165.37,0
2024-02-24,Amazon,Books,False,Normal Day,18,21,11.6,7780.27,0
2024-02-24,Amazon,Sports & Fitness,False,Normal Day,31,34,14.3,31358.32,0
2024-02-24,Flipkart,Electronics,False,Normal Day,66,66,14.9,182611.99,1
2024-02-24,Flipkart,Mobiles,False,Normal Day,95,107,6.9,1497951.28,4
2024-02-24,Flipkart,Fashion,False,Normal Day,52,55,7.9,47590.25,1
2024-02-24,Flipkart,Home & Kitchen,False,Normal Day,34,45,9.7,56948.62,1
2024-02-24,Flipkart,Beauty & Personal Care,False,Normal Day,27,27,9.7,15579.26,1
2024-02-24,Flipkart,Grocery,False,Normal Day,14,14,5.4,5931.81,0
2024-02-24,Flipkart,Books,False,Normal Day,14,19,7.3,7040.99,0
2024-02-24,Flipkart,Sports & Fitness,False,Normal Day,33,43,6.1,47350.68,0
2024-02-25,Amazon,Electronics,False,Normal Day,61,78,13.5,225335.59,2
2024-02-25,Amazon,Mobiles,False,Normal Day,77,103,10.9,1297959.54,3
2024-02-25,Amazon,Fashion,False,Normal Day,44,52,11.5,47201.25,1
2024-02-25,Amazon,Home & Kitchen,False,Normal Day,37,50,13.8,62120.98,0
2024-02-25,Amazon,Beauty & Personal Care,False,Normal Day,25,28,14.7,15351.64,0
2024-02-25,Amazon,Grocery,False,Normal Day,20,24,13.8,8782.87,0
2024-02-25,Amazon,Books,False,Normal Day,17,17,9.5,5955.1,0
2024-02-25,Amazon,Sports & Fitness,False,Normal Day,25,25,9.0,24693.8,0
2024-02-25,Flipkart,Electronics,False,Normal Day,70,70,8.1,200904.8,2
2024-02-25,Flipkart,Mobiles,False,Normal Day,90,93,5.7,1317324.81,5
2024-02-25,Flipkart,Fashion,False,Normal Day,42,45,14.3,35460.0,2
2024-02-25,Flipkart,Home & Kitchen,False,Normal Day,51,63,13.5,75001.07,1
2024-02-25,Flipkart,Beauty & Personal Care,False,Normal Day,17,17,14.8,10126.56,0
2024-02-25,Flipkart,Grocery,False,Normal Day,26,38,6.0,14747.25,1
2024-02-25,Flipkart,Books,False,Normal Day,18,22,13.5,7266.92,0
2024-02-25,Flipkart,Sports & Fitness,False,Normal Day,37,38,13.2,35498.56,0
2024-02-26,Amazon,Electronics,False,Normal Day,67,75,6.4,228269.23,1
2024-02-26,Amazon,Mobiles,False,Normal Day,77,78,13.0,1021662.38,2
2024-02-26,Amazon,Fashion,False,Normal Day,32,36,12.1,29359.39,1
2024-02-26,Amazon,Home & Kitchen,False,Normal Day,37,52,14.9,56534.05,1
2024-02-26,Amazon,Beauty & Personal Care,False,Normal Day,16,23,14.0,13066.06,0
2024-02-26,Amazon,Grocery,False,Normal Day,17,17,10.7,6245.24,0
2024-02-26,Amazon,Books,False,Normal Day,13,13,13.1,4370.4,0
2024-02-26,Amazon,Sports & Fitness,False,Normal Day,21,21,12.5,20389.31,0
2024-02-26,Flipkart,Electronics,False,Normal Day,67,78,5.7,235810.22,2
2024-02-26,Flipkart,Mobiles,False,Normal Day,77,91,14.4,1120837.82,4
2024-02-26,Flipkart,Fashion,False,Normal Day,31,31,12.3,26434.0,0
2024-02-26,Flipkart,Home & Kitchen,False,Normal Day,29,33,9.7,40998.94,1
2024-02-26,Flipkart,Beauty & Personal Care,False,Normal Day,25,28,11.0,16078.53,0
2024-02-26,Flipkart,Grocery,False,Normal Day,13,13,13.8,4895.34,0
2024-02-26,Flipkart,Books,False,Normal Day,14,14,10.5,4667.42,0
2024-02-26,Flipkart,Sports & Fitness,False,Normal Day,16,18,14.3,18143.86,0
2024-02-27,Amazon,Electronics,False,Normal Day,43,51,12.2,134830.58,1
2024-02-27,Amazon,Mobiles,False,Normal Day,75,116,10.2,1549090.86,2
2024-02-27,Amazon,Fashion,False,Normal Day,42,42,6.8,37283.3,1
2024-02-27,Amazon,Home & Kitchen,False,Normal Day,50,57,9.5,73766.08,1
2024-02-27,Amazon,Beauty & Personal Care,False,Normal Day,22,22,10.6,13592.26,1
2024-02-27,Amazon,Grocery,False,Normal Day,12,16,5.6,6536.1,0
2024-02-27,Amazon,Books,False,Normal Day,11,11,7.7,3843.14,0
2024-02-27,Amazon,Sports & Fitness,False,Normal Day,29,29,9.4,30552.18,1
2024-02-27,Flipkart,Electronics,False,Normal Day,72,72,5.8,212300.19,2
2024-02-27,Flipkart,Mobiles,False,Normal Day,65,66,5.1,899528.49,2
2024-02-27,Flipkart,Fashion,False,Normal Day,50,59,6.6,53391.06,1
2024-02-27,Flipkart,Home & Kitchen,False,Normal Day,39,39,9.5,49787.04,1
2024-02-27,Flipkart,Beauty & Personal Care,False,Normal Day,22,23,8.4,13791.54,0
2024-02-27,Flipkart,Grocery,False,Normal Day,19,21,12.5,7305.62,1
2024-02-27,Flipkart,Books,False,Normal Day,16,17,13.5,5860.48,0
2024-02-27,Flipkart,Sports & Fitness,False,Normal Day,35,39,7.9,39751.3,0
2024-02-28,Amazon,Electronics,False,Normal Day,59,64,6.6,188616.11,1
2024-02-28,Amazon,Mobiles,False,Normal Day,75,83,12.5,1021048.49,3
2024-02-28,Amazon,Fashion,False,Normal Day,38,38,9.6,30528.44,1
2024-02-28,Amazon,Home & Kitchen,False,Normal Day,31,43,6.5,56230.17,1
2024-02-28,Amazon,Beauty & Personal Care,False,Normal Day,21,27,11.5,15695.24,0
2024-02-28,Amazon,Grocery,False,Normal Day,17,22,10.0,8571.85,0
2024-02-28,Amazon,Books,False,Normal Day,17,18,8.5,6220.52,0
2024-02-28,Amazon,Sports & Fitness,False,Normal Day,24,24,13.0,24141.38,1
2024-02-28,Flipkart,Electronics,False,Normal Day,72,72,8.6,208162.69,3
2024-02-28,Flipkart,Mobiles,False,Normal Day,83,95,12.0,1217647.0,4
2024-02-28,Flipkart,Fashion,False,Normal Day,55,67,9.5,58055.63,2
2024-02-28,Flipkart,Home & Kitchen,False,Normal Day,32,39,10.7,50438.53,1
2024-02-28,Flipkart,Beauty & Personal Care,False,Normal Day,26,27,14.9,15305.84,1
2024-02-28,Flipkart,Grocery,False,Normal Day,15,16,10.2,6151.93,0
2024-02-28,Flipkart,Books,False,Normal Day,8,8,11.8,2572.5,0
2024-02-28,Flipkart,Sports & Fitness,False,Normal Day,26,28,6.8,30262.06,0
2024-02-29,Amazon,Electronics,False,Normal Day,71,85,6.7,246962.85,3
2024-02-29,Amazon,Mobiles,False,Normal Day,65,65,14.9,816381.37,1
2024-02-29,Amazon,Fashion,False,Normal Day,40,47,10.9,41955.5,1
2024-02-29,Amazon,Home & Kitchen,False,Normal Day,46,50,10.3,61844.91,1
2024-02-29,Amazon,Beauty & Personal Care,False,Normal Day,20,25,8.9,15141.8,0
2024-02-29,Amazon,Grocery,False,Normal Day,14,17,13.6,6222.92,0
2024-02-29,Amazon,Books,False,Normal Day,18,21,13.1,7138.22,0
2024-02-29,Amazon,Sports & Fitness,False,Normal Day,27,30,5.8,32038.68,0
2024-02-29,Flipkart,Electronics,False,Normal Day,41,41,7.6,118643.03,2
2024-02-29,Flipkart,Mobiles,False,Normal Day,72,80,5.4,1108956.5,1
2024-02-29,Flipkart,Fashion,False,Normal Day,47,60,8.5,52490.3,0
2024-02-29,Flipkart,Home & Kitchen,False,Normal Day,37,37,9.8,45612.78,1
2024-02-29,Flipkart,Beauty & Personal Care,False,Normal Day,19,21,12.2,12480.37,0
2024-02-29,Flipkart,Grocery,False,Normal Day,15,15,9.3,6053.94,0
2024-02-29,Flipkart,Books,False,Normal Day,13,14,11.7,4794.26,0
2024-02-29,Flipkart,Sports & Fitness,False,Normal Day,16,19,13.9,18900.86,0
2024-03-01,Amazon,Electronics,False,Normal Day,53,59,11.5,168650.3,2
2024-03-01,Amazon,Mobiles,False,Normal Day,68,73,12.2,890428.67,3
2024-03-01,Amazon,Fashion,False,Normal Day,30,34,8.4,28998.14,1
2024-03-01,Amazon,Home & Kitchen,False,Normal Day,37,44,14.8,52141.94,2
2024-03-01,Amazon,Beauty & Personal Care,False,Normal Day,24,24,11.2,14234.04,0
2024-03-01,Amazon,Grocery,False,Normal Day,17,17,14.1,6005.42,0
2024-03-01,Amazon,Books,False,Normal Day,9,11,14.4,3602.96,0
2024-03-01,Amazon,Sports & Fitness,False,Normal Day,27,30,12.9,28270.03,1
2024-03-01,Flipkart,Electronics,False,Normal Day,64,75,9.4,210891.48,3
2024-03-01,Flipkart,Mobiles,False,Normal Day,90,105,7.3,1425875.02,3
2024-03-01,Flipkart,Fashion,False,Normal Day,48,62,5.2,56990.17,2
2024-03-01,Flipkart,Home & Kitchen,False,Normal Day,33,37,12.3,46815.91,0
2024-03-01,Flipkart,Beauty & Personal Care,False,Normal Day,26,30,12.7,17277.48,0
2024-03-01,Flipkart,Grocery,False,Normal Day,18,18,8.7,7303.51,0
2024-03-01,Flipkart,Books,False,Normal Day,8,8,10.7,2728.48,0
2024-03-01,Flipkart,Sports & Fitness,False,Normal Day,26,28,14.3,26321.59,0
2024-03-02,Amazon,Electronics,False,Normal Day,78,97,5.4,289241.46,2
2024-03-02,Amazon,Mobiles,False,Normal Day,94,114,9.3,1494973.67,2
2024-03-02,Amazon,Fashion,False,Normal Day,49,49,6.1,44421.12,1
2024-03-02,Amazon,Home & Kitchen,False,Normal Day,49,67,12.1,80833.41,2
2024-03-02,Amazon,Beauty & Personal Care,False,Normal Day,27,28,7.9,16617.39,1
2024-03-02,Amazon,Grocery,False,Normal Day,17,19,9.1,7599.69,0
2024-03-02,Amazon,Books,False,Normal Day,19,19,11.8,6469.98,0
2024-03-02,Amazon,Sports & Fitness,False,Normal Day,24,26,14.8,23799.78,0
2024-03-02,Flipkart,Electronics,False,Normal Day,113,148,12.5,416710.25,4
2024-03-02,Flipkart,Mobiles,False,Normal Day,71,83,8.3,1148532.69,3
2024-03-02,Flipkart,Fashion,False,Normal Day,53,64,8.8,56836.97,2
2024-03-02,Flipkart,Home & Kitchen,False,Normal Day,35,37,13.4,45068.14,1
2024-03-02,Flipkart,Beauty & Personal Care,False,Normal Day,26,28,13.4,15920.03,0
2024-03-02,Flipkart,Grocery,False,Normal Day,23,29,9.1,11495.82,0
2024-03-02,Flipkart,Books,False,Normal Day,15,16,11.3,5697.52,0
2024-03-02,Flipkart,Sports & Fitness,False,Normal Day,31,41,10.5,41267.07,1
2024-03-03,Amazon,Electronics,False,Normal Day,68,72,5.2,207268.25,1
2024-03-03,Amazon,Mobiles,False,Normal Day,81,98,8.1,1342146.86,2
2024-03-03,Amazon,Fashion,False,Normal Day,48,49,9.4,42130.1,1
2024-03-03,Amazon,Home & Kitchen,False,Normal Day,44,45,13.6,57281.21,2
2024-03-03,Amazon,Beauty & Personal Care,False,Normal Day,25,33,12.8,19690.4,1
2024-03-03,Amazon,Grocery,False,Normal Day,17,20,13.5,7629.76,0
2024-03-03,Amazon,Books,False,Normal Day,16,21,8.5,7664.54,0
2024-03-03,Amazon,Sports & Fitness,False,Normal Day,22,22,12.9,21184.54,1
2024-03-03,Flipkart,Electronics,False,Normal Day,77,91,9.5,261539.99,2
2024-03-03,Flipkart,Mobiles,False,Normal Day,119,159,6.2,2169373.71,3
2024-03-03,Flipkart,Fashion,False,Normal Day,39,42,8.5,36349.72,0
2024-03-03,Flipkart,Home & Kitchen,False,Normal Day,52,58,13.2,71616.66,2
2024-03-03,Flipkart,Beauty & Personal Care,False,Normal Day,35,40,14.9,23287.3,1
2024-03-03,Flipkart,Grocery,False,Normal Day,23,24,6.4,9917.61,1
2024-03-03,Flipkart,Books,False,Normal Day,16,20,7.1,7055.84,0
2024-03-03,Flipkart,Sports & Fitness,False,Normal Day,19,19,12.6,17793.24,0
2024-03-04,Amazon,Electronics,False,Normal Day,64,77,13.2,216487.13,2
2024-03-04,Amazon,Mobiles,False,Normal Day,97,97,11.7,1256206.26,2
2024-03-04,Amazon,Fashion,False,Normal Day,36,46,9.8,39409.36,2
2024-03-04,Amazon,Home & Kitchen,False,Normal Day,43,50,7.4,66169.4,2
2024-03-04,Amazon,Beauty & Personal Care,False,Normal Day,26,26,11.1,16021.35,1
2024-03-04,Amazon,Grocery,False,Normal Day,25,25,14.6,9015.4,0
2024-03-04,Amazon,Books,False,Normal Day,11,13,7.8,4383.52,0
2024-03-04,Amazon,Sports & Fitness,False,Normal Day,26,31,10.2,31934.12,1
2024-03-04,Flipkart,Electronics,False,Normal Day,45,48,6.8,143674.02,1
2024-03-04,Flipkart,Mobiles,False,Normal Day,68,86,5.5,1132723.55,2
2024-03-04,Flipkart,Fashion,False,Normal Day,53,84,7.2,73079.83,1
2024-03-04,Flipkart,Home & Kitchen,False,Normal Day,30,31,13.8,37294.82,1
2024-03-04,Flipkart,Beauty & Personal Care,False,Normal Day,22,37,7.8,23101.67,0
2024-03-04,Flipkart,Grocery,False,Normal Day,16,17,9.3,6751.05,0
2024-03-04,Flipkart,Books,False,Normal Day,16,19,13.1,6415.05,0
2024-03-04,Flipkart,Sports & Fitness,False,Normal Day,17,17,5.1,18898.19,0
2024-03-05,Amazon,Electronics,False,Normal Day,52,52,8.6,149504.87,2
2024-03-05,Amazon,Mobiles,False,Normal Day,95,114,14.4,1457636.33,3
2024-03-05,Amazon,Fashion,False,Normal Day,58,89,6.8,81909.81,2
2024-03-05,Amazon,Home & Kitchen,False,Normal Day,32,36,11.0,45688.48,1
2024-03-05,Amazon,Beauty & Personal Care,False,Normal Day,22,22,11.5,13008.9,0
2024-03-05,Amazon,Grocery,False,Normal Day,25,28,13.1,10473.88,0
2024-03-05,Amazon,Books,False,Normal Day,8,8,11.0,2747.2,0
2024-03-05,Amazon,Sports & Fitness,False,Normal Day,21,25,14.6,26414.9,0
2024-03-05,Flipkart,Electronics,False,Normal Day,78,82,7.4,228578.94,3
2024-03-05,Flipkart,Mobiles,False,Normal Day,84,102,12.1,1253165.51,3
2024-03-05,Flipkart,Fashion,False,Normal Day,52,55,14.1,48160.61,1
2024-03-05,Flipkart,Home & Kitchen,False,Normal Day,32,47,14.2,55886.94,0
2024-03-05,Flipkart,Beauty & Personal Care,False,Normal Day,14,14,12.8,8223.62,0
2024-03-05,Flipkart,Grocery,False,Normal Day,16,19,10.0,7632.14,0
2024-03-05,Flipkart,Books,False,Normal Day,11,13,11.3,4326.07,0
2024-03-05,Flipkart,Sports & Fitness,False,Normal Day,21,21,12.7,20552.06,1
2024-03-06,Amazon,Electronics,False,Normal Day,68,77,14.7,222091.89,2
2024-03-06,Amazon,Mobiles,False,Normal Day,78,100,10.8,1348785.69,3
2024-03-06,Amazon,Fashion,False,Normal Day,36,47,6.6,43260.65,2
2024-03-06,Amazon,Home & Kitchen,False,Normal Day,32,32,14.8,38467.65,1
2024-03-06,Amazon,Beauty & Personal Care,False,Normal Day,14,15,12.1,9008.1,0
2024-03-06,Amazon,Grocery,False,Normal Day,16,18,14.4,6551.39,0
2024-03-06,Amazon,Books,False,Normal Day,10,11,12.0,3980.86,0
2024-03-06,Amazon,Sports & Fitness,False,Normal Day,21,21,11.1,21094.14,0
2024-03-06,Flipkart,Electronics,False,Normal Day,67,81,5.5,256328.3,1
2024-03-06,Flipkart,Mobiles,False,Normal Day,86,106,13.3,1369956.19,2
2024-03-06,Flipkart,Fashion,False,Normal Day,31,32,5.1,29005.7,1
2024-03-06,Flipkart,Home & Kitchen,False,Normal Day,35,42,11.1,53621.07,1
2024-03-06,Flipkart,Beauty & Personal Care,False,Normal Day,33,38,13.8,20244.25,1
2024-03-06,Flipkart,Grocery,False,Normal Day,15,18,10.4,6981.02,0
2024-03-06,Flipkart,Books,False,Normal Day,12,13,5.2,4587.69,0
2024-03-06,Flipkart,Sports & Fitness,False,Normal Day,24,24,12.0,23031.43,0
2024-03-07,Amazon,Electronics,False,Normal Day,64,64,12.8,183426.47,3
2024-03-07,Amazon,Mobiles,False,Normal Day,64,64,11.6,804790.23,3
2024-03-07,Amazon,Fashion,False,Normal Day,53,60,13.0,49650.53,1
2024-03-07,Amazon,Home & Kitchen,False,Normal Day,41,55,5.2,76084.07,1
2024-03-07,Amazon,Beauty & Personal Care,False,Normal Day,19,25,14.3,14297.04,0
2024-03-07,Amazon,Grocery,False,Normal Day,16,17,5.8,7155.01,0
2024-03-07,Amazon,Books,False,Normal Day,4,4,14.8,1264.53,0
2024-03-07,Amazon,Sports & Fitness,False,Normal Day,23,23,8.4,22835.16,1
2024-03-07,Flipkart,Electronics,False,Normal Day,53,62,9.7,180867.13,1
2024-03-07,Flipkart,Mobiles,False,Normal Day,69,75,7.4,993714.85,2
2024-03-07,Flipkart,Fashion,False,Normal Day,40,41,13.3,33118.58,1
2024-03-07,Flipkart,Home & Kitchen,False,Normal Day,35,35,8.1,42394.09,1
2024-03-07,Flipkart,Beauty & Personal Care,False,Normal Day,30,30,7.2,18284.81,1
2024-03-07,Flipkart,Grocery,False,Normal Day,16,19,12.4,7084.53,0
2024-03-07,Flipkart,Books,False,Normal Day,12,12,11.5,3958.08,0
2024-03-07,Flipkart,Sports & Fitness,False,Normal Day,25,30,9.0,30232.72,0
2024-03-08,Amazon,Electronics,False,Normal Day,51,57,10.4,162695.01,2
2024-03-08,Amazon,Mobiles,False,Normal Day,81,81,7.2,1075936.65,4
2024-03-08,Amazon,Fashion,False,Normal Day,32,38,9.4,32615.5,1
2024-03-08,Amazon,Home & Kitchen,False,Normal Day,28,36,6.0,48678.16,1
2024-03-08,Amazon,Beauty & Personal Care,False,Normal Day,28,30,11.1,18147.46,1
2024-03-08,Amazon,Grocery,False,Normal Day,15,18,5.8,7166.7,0
2024-03-08,Amazon,Books,False,Normal Day,9,9,12.0,3324.89,0
2024-03-08,Amazon,Sports & Fitness,False,Normal Day,30,33,8.6,35755.59,1
2024-03-08,Flipkart,Electronics,False,Normal Day,51,61,8.8,174808.18,1
2024-03-08,Flipkart,Mobiles,False,Normal Day,49,60,10.8,760956.23,1
2024-03-08,Flipkart,Fashion,False,Normal Day,27,32,10.1,26115.76,0
2024-03-08,Flipkart,Home & Kitchen,False,Normal Day,38,38,9.4,49788.71,2
2024-03-08,Flipkart,Beauty & Personal Care,False,Normal Day,26,31,10.7,18294.11,1
2024-03-08,Flipkart,Grocery,False,Normal Day,19,20,14.8,7114.05,1
2024-03-08,Flipkart,Books,False,Normal Day,8,10,5.5,3584.58,0
2024-03-08,Flipkart,Sports & Fitness,False,Normal Day,26,30,10.7,30113.08,1
2024-03-09,Amazon,Electronics,False,Normal Day,82,95,6.4,298310.9,3
2024-03-09,Amazon,Mobiles,False,Normal Day,88,123,12.8,1586848.09,4
2024-03-09,Amazon,Fashion,False,Normal Day,49,56,13.6,44771.53,2
2024-03-09,Amazon,Home & Kitchen,False,Normal Day,38,39,10.6,47777.29,1
2024-03-09,Amazon,Beauty & Personal Care,False,Normal Day,19,24,10.0,14224.38,0
2024-03-09,Amazon,Grocery,False,Normal Day,17,17,9.4,6515.91,0
2024-03-09,Amazon,Books,False,Normal Day,10,11,7.6,4174.27,0
2024-03-09,Amazon,Sports & Fitness,False,Normal Day,24,30,14.9,28211.73,0
2024-03-09,Flipkart,Electronics,False,Normal Day,72,72,14.8,190501.71,4
2024-03-09,Flipkart,Mobiles,False,Normal Day,95,120,7.0,1585784.11,2
2024-03-09,Flipkart,Fashion,False,Normal Day,45,54,7.2,47232.94,1
2024-03-09,Flipkart,Home & Kitchen,False,Normal Day,51,64,14.7,76766.89,1
2024-03-09,Flipkart,Beauty & Personal Care,False,Normal Day,23,23,13.2,12749.96,0
2024-03-09,Flipkart,Grocery,False,Normal Day,24,24,12.9,8851.84,0
2024-03-09,Flipkart,Books,False,Normal Day,16,22,12.2,7380.5,0
2024-03-09,Flipkart,Sports & Fitness,False,Normal Day,20,26,14.7,23158.45,1
2024-03-10,Amazon,Electronics,False,Normal Day,70,77,6.8,246334.81,2
2024-03-10,Amazon,Mobiles,False,Normal Day,72,74,11.9,983867.04,2
2024-03-10,Amazon,Fashion,False,Normal Day,36,44,14.1,36493.07,0
2024-03-10,Amazon,Home & Kitchen,False,Normal Day,41,46,11.8,59070.9,1
2024-03-10,Amazon,Beauty & Personal Care,False,Normal Day,21,25,5.8,15447.25,0
2024-03-10,Amazon,Grocery,False,Normal Day,19,19,13.8,6842.37,0
2024-03-10,Amazon,Books,False,Normal Day,22,25,8.0,8937.05,0
2024-03-10,Amazon,Sports & Fitness,False,Normal Day,30,32,12.6,31672.3,1
2024-03-10,Flipkart,Electronics,False,Normal Day,75,106,11.2,296554.02,3
2024-03-10,Flipkart,Mobiles,False,Normal Day,104,133,9.2,1806735.75,2
2024-03-10,Flipkart,Fashion,False,Normal Day,37,44,12.2,37641.96,1
2024-03-10,Flipkart,Home & Kitchen,False,Normal Day,33,38,12.0,46079.36,0
2024-03-10,Flipkart,Beauty & Personal Care,False,Normal Day,15,19,6.6,12097.61,0
2024-03-10,Flipkart,Grocery,False,Normal Day,15,16,6.8,6651.39,0
2024-03-10,Flipkart,Books,False,Normal Day,12,13,9.9,4748.78,0
2024-03-10,Flipkart,Sports & Fitness,False,Normal Day,26,30,7.3,32103.38,1
2024-03-11,Amazon,Electronics,False,Normal Day,67,76,5.7,234235.22,1
2024-03-11,Amazon,Mobiles,False,Normal Day,82,86,5.4,1153359.33,1
2024-03-11,Amazon,Fashion,False,Normal Day,41,41,5.2,36730.61,2
2024-03-11,Amazon,Home & Kitchen,False,Normal Day,39,52,8.0,68109.2,2
2024-03-11,Amazon,Beauty & Personal Care,False,Normal Day,18,21,5.2,12511.21,0
2024-03-11,Amazon,Grocery,False,Normal Day,15,16,14.4,5827.24,0
2024-03-11,Amazon,Books,False,Normal Day,13,15,12.2,5010.39,0
2024-03-11,Amazon,Sports & Fitness,False,Normal Day,29,33,10.5,32258.62,1
2024-03-11,Flipkart,Electronics,False,Normal Day,58,61,5.8,177891.47,1
2024-03-11,Flipkart,Mobiles,False,Normal Day,90,119,9.4,1494459.31,4
2024-03-11,Flipkart,Fashion,False,Normal Day,56,83,12.5,68802.62,1
2024-03-11,Flipkart,Home & Kitchen,False,Normal Day,39,51,8.1,66826.22,1
2024-03-11,Flipkart,Beauty & Personal Care,False,Normal Day,20,27,10.6,15961.41,0
2024-03-11,Flipkart,Grocery,False,Normal Day,12,12,11.9,4891.43,0
2024-03-11,Flipkart,Books,False,Normal Day,9,9,11.6,3012.8,0
2024-03-11,Flipkart,Sports & Fitness,False,Normal Day,22,22,14.4,20443.98,0
2024-03-12,Amazon,Electronics,False,Normal Day,72,102,12.7,295175.62,3
2024-03-12,Amazon,Mobiles,False,Normal Day,91,104,10.6,1360633.63,4
2024-03-12,Amazon,Fashion,False,Normal Day,44,48,6.9,44217.59,1
2024-03-12,Amazon,Home & Kitchen,False,Normal Day,29,40,10.7,51776.85,1
2024-03-12,Amazon,Beauty & Personal Care,False,Normal Day,22,28,13.3,15223.79,0
2024-03-12,Amazon,Grocery,False,Normal Day,13,17,14.3,5913.83,0
2024-03-12,Amazon,Books,False,Normal Day,9,9,5.7,3666.07,0
2024-03-12,Amazon,Sports & Fitness,False,Normal Day,20,23,14.8,22461.76,0
2024-03-12,Flipkart,Electronics,False,Normal Day,63,67,11.2,188871.34,2
2024-03-12,Flipkart,Mobiles,False,Normal Day,104,118,11.7,1518330.19,4
2024-03-12,Flipkart,Fashion,False,Normal Day,50,56,13.7,44410.52,1
2024-03-12,Flipkart,Home & Kitchen,False,Normal Day,47,49,13.8,60172.22,2
2024-03-12,Flipkart,Beauty & Personal Care,False,Normal Day,25,33,13.1,17802.54,0
2024-03-12,Flipkart,Grocery,False,Normal Day,13,19,7.0,7252.56,0
2024-03-12,Flipkart,Books,False,Normal Day,13,14,12.1,4919.67,0
2024-03-12,Flipkart,Sports & Fitness,False,Normal Day,23,25,7.0,25848.55,1
2024-03-13,Amazon,Electronics,False,Normal Day,54,67,11.5,192321.6,2
2024-03-13,Amazon,Mobiles,False,Normal Day,96,135,9.6,1860668.92,4
2024-03-13,Amazon,Fashion,False,Normal Day,43,48,10.2,42081.06,2
2024-03-13,Amazon,Home & Kitchen,False,Normal Day,42,42,11.5,53653.74,1
2024-03-13,Amazon,Beauty & Personal Care,False,Normal Day,25,25,8.1,15150.26,1
2024-03-13,Amazon,Grocery,False,Normal Day,15,16,5.5,6741.91,0
2024-03-13,Amazon,Books,False,Normal Day,11,11,5.1,4076.3,0
2024-03-13,Amazon,Sports & Fitness,False,Normal Day,19,23,11.1,24479.32,0
2024-03-13,Flipkart,Electronics,False,Normal Day,67,88,14.7,234186.92,2
2024-03-13,Flipkart,Mobiles,False,Normal Day,87,88,7.2,1226862.37,2
2024-03-13,Flipkart,Fashion,False,Normal Day,51,57,12.5,48617.84,2
2024-03-13,Flipkart,Home & Kitchen,False,Normal Day,40,48,8.1,66551.7,1
2024-03-13,Flipkart,Beauty & Personal Care,False,Normal Day,21,27,9.2,16340.59,0
2024-03-13,Flipkart,Grocery,False,Normal Day,16,20,8.0,8011.08,0
2024-03-13,Flipkart,Books,False,Normal Day,10,12,9.7,4671.34,0
2024-03-13,Flipkart,Sports & Fitness,False,Normal Day,12,12,5.4,13180.87,0
2024-03-14,Amazon,Electronics,False,Normal Day,58,67,9.1,193703.56,2
2024-03-14,Amazon,Mobiles,False,Normal Day,73,73,13.8,858104.57,1
2024-03-14,Amazon,Fashion,False,Normal Day,46,55,7.9,51194.29,2
2024-03-14,Amazon,Home & Kitchen,False,Normal Day,31,43,6.8,58769.01,1
2024-03-14,Amazon,Beauty & Personal Care,False,Normal Day,26,37,14.5,20823.69,1
2024-03-14,Amazon,Grocery,False,Normal Day,12,13,12.5,4742.65,0
2024-03-14,Amazon,Books,False,Normal Day,2,3,10.3,1030.0,0
2024-03-14,Amazon,Sports & Fitness,False,Normal Day,28,37,14.7,36018.95,0
2024-03-14,Flipkart,Electronics,False,Normal Day,48,48,13.5,131916.72,2
2024-03-14,Flipkart,Mobiles,False,Normal Day,60,67,6.1,916834.12,3
2024-03-14,Flipkart,Fashion,False,Normal Day,38,48,9.9,40168.68,1
2024-03-14,Flipkart,Home & Kitchen,False,Normal Day,30,36,11.5,45905.85,1
2024-03-14,Flipkart,Beauty & Personal Care,False,Normal Day,18,19,10.1,11319.02,0
2024-03-14,Flipkart,Grocery,False,Normal Day,22,22,5.4,8888.92,0
2024-03-14,Flipkart,Books,False,Normal Day,10,12,5.6,4734.27,0
2024-03-14,Flipkart,Sports & Fitness,False,Normal Day,31,33,12.7,31838.6,1
2024-03-15,Amazon,Electronics,False,Normal Day,65,77,15.0,225238.35,3
2024-03-15,Amazon,Mobiles,False,Normal Day,91,119,14.9,1502262.21,4
2024-03-15,Amazon,Fashion,False,Normal Day,51,55,14.5,47317.94,3
2024-03-15,Amazon,Home & Kitchen,False,Normal Day,35,35,6.1,45855.62,1
2024-03-15,Amazon,Beauty & Personal Care,False,Normal Day,18,24,7.1,15433.32,0
2024-03-15,Amazon,Grocery,False,Normal Day,29,29,8.0,11253.95,1
2024-03-15,Amazon,Books,False,Normal Day,21,24,5.7,8339.74,1
2024-03-15,Amazon,Sports & Fitness,False,Normal Day,33,39,11.6,39900.67,0
2024-03-15,Flipkart,Electronics,False,Normal Day,56,63,10.2,183172.12,2
2024-03-15,Flipkart,Mobiles,False,Normal Day,68,84,13.6,989619.09,3
2024-03-15,Flipkart,Fashion,False,Normal Day,35,36,12.3,30554.96,1
2024-03-15,Flipkart,Home & Kitchen,False,Normal Day,28,28,12.8,32338.85,1
2024-03-15,Flipkart,Beauty & Personal Care,False,Normal Day,22,24,12.3,13300.16,0
2024-03-15,Flipkart,Grocery,False,Normal Day,19,20,11.3,8012.1,0
2024-03-15,Flipkart,Books,False,Normal Day,15,18,11.1,6697.99,0
2024-03-15,Flipkart,Sports & Fitness,False,Normal Day,23,24,10.7,24185.88,0
2024-03-16,Amazon,Electronics,False,Normal Day,77,92,11.8,266552.57,3
2024-03-16,Amazon,Mobiles,False,Normal Day,93,125,10.3,1635397.74,2
2024-03-16,Amazon,Fashion,False,Normal Day,41,51,12.1,41768.06,1
2024-03-16,Amazon,Home & Kitchen,False,Normal Day,42,47,6.6,64545.12,1
2024-03-16,Amazon,Beauty & Personal Care,False,Normal Day,29,35,6.3,20502.43,0
2024-03-16,Amazon,Grocery,False,Normal Day,17,19,13.3,6987.87,0
2024-03-16,Amazon,Books,False,Normal Day,17,17,8.6,5809.34,0
2024-03-16,Amazon,Sports & Fitness,False,Normal Day,26,35,5.1,35659.04,0
2024-03-16,Flipkart,Electronics,False,Normal Day,74,81,8.2,240580.91,4
2024-03-16,Flipkart,Mobiles,False,Normal Day,61,67,12.1,923756.25,1
2024-03-16,Flipkart,Fashion,False,Normal Day,37,46,7.8,42349.88,1
2024-03-16,Flipkart,Home & Kitchen,False,Normal Day,39,44,11.0,55291.02,2
2024-03-16,Flipkart,Beauty & Personal Care,False,Normal Day,38,43,14.0,23870.75,1
2024-03-16,Flipkart,Grocery,False,Normal Day,13,15,6.8,6071.36,0
2024-03-16,Flipkart,Books,False,Normal Day,15,15,14.6,4993.06,0
2024-03-16,Flipkart,Sports & Fitness,False,Normal Day,30,30,12.3,27409.39,1
2024-03-17,Amazon,Electronics,False,Normal Day,62,63,8.1,187833.21,2
2024-03-17,Amazon,Mobiles,False,Normal Day,106,123,8.9,1610046.1,5
2024-03-17,Amazon,Fashion,False,Normal Day,34,42,6.7,38200.23,1
2024-03-17,Amazon,Home & Kitchen,False,Normal Day,58,62,8.7,81261.32,3
2024-03-17,Amazon,Beauty & Personal Care,False,Normal Day,28,28,6.6,16847.21,0
2024-03-17,Amazon,Grocery,False,Normal Day,21,21,10.7,8439.07,1
2024-03-17,Amazon,Books,False,Normal Day,9,11,12.2,3934.17,0
2024-03-17,Amazon,Sports & Fitness,False,Normal Day,26,26,7.6,26817.83,0
2024-03-17,Flipkart,Electronics,False,Normal Day,53,58,6.0,169743.04,1
2024-03-17,Flipkart,Mobiles,False,Normal Day,101,121,6.5,1571257.13,3
2024-03-17,Flipkart,Fashion,False,Normal Day,50,53,7.3,47123.45,1
2024-03-17,Flipkart,Home & Kitchen,False,Normal Day,46,46,10.5,55445.99,2
2024-03-17,Flipkart,Beauty & Personal Care,False,Normal Day,36,36,10.8,20352.52,0
2024-03-17,Flipkart,Grocery,False,Normal Day,12,12,14.2,4319.17,0
2024-03-17,Flipkart,Books,False,Normal Day,9,10,11.3,3453.45,0
2024-03-17,Flipkart,Sports & Fitness,False,Normal Day,28,34,5.8,34628.11,0
2024-03-18,Amazon,Electronics,False,Normal Day,63,76,9.2,223680.46,3
2024-03-18,Amazon,Mobiles,False,Normal Day,66,72,12.1,936671.84,2
2024-03-18,Amazon,Fashion,False,Normal Day,41,48,14.6,39910.04,1
2024-03-18,Amazon,Home & Kitchen,False,Normal Day,36,42,5.2,58505.49,1
2024-03-18,Amazon,Beauty & Personal Care,False,Normal Day,30,37,7.4,23124.97,0
2024-03-18,Amazon,Grocery,False,Normal Day,15,17,8.4,6716.96,0
2024-03-18,Amazon,Books,False,Normal Day,7,8,11.4,2544.05,0
2024-03-18,Amazon,Sports & Fitness,False,Normal Day,33,36,5.5,35987.21,1
2024-03-18,Flipkart,Electronics,False,Normal Day,57,76,10.8,225783.72,1
2024-03-18,Flipkart,Mobiles,False,Normal Day,57,65,11.2,849437.34,2
2024-03-18,Flipkart,Fashion,False,Normal Day,43,47,11.3,37517.38,2
2024-03-18,Flipkart,Home & Kitchen,False,Normal Day,29,35,14.2,42386.68,1
2024-03-18,Flipkart,Beauty & Personal Care,False,Normal Day,22,24,11.7,14805.6,0
2024-03-18,Flipkart,Grocery,False,Normal Day,16,16,14.2,5930.37,0
2024-03-18,Flipkart,Books,False,Normal Day,13,20,5.8,6878.46,0
2024-03-18,Flipkart,Sports & Fitness,False,Normal Day,23,23,9.0,22778.91,0
2024-03-19,Amazon,Electronics,False,Normal Day,63,86,5.9,254423.99,2
2024-03-19,Amazon,Mobiles,False,Normal Day,86,91,12.9,1155723.73,2
2024-03-19,Amazon,Fashion,False,Normal Day,46,51,9.3,45720.8,1
2024-03-19,Amazon,Home & Kitchen,False,Normal Day,36,36,8.3,46943.69,1
2024-03-19,Amazon,Beauty & Personal Care,False,Normal Day,28,28,14.9,16139.79,0
2024-03-19,Amazon,Grocery,False,Normal Day,27,31,14.6,11311.39,1
2024-03-19,Amazon,Books,False,Normal Day,13,13,5.6,5053.73,0
2024-03-19,Amazon,Sports & Fitness,False,Normal Day,19,21,6.9,22293.68,1
2024-03-19,Flipkart,Electronics,False,Normal Day,50,72,5.8,238478.65,2
2024-03-19,Flipkart,Mobiles,False,Normal Day,61,71,8.7,977617.14,1
2024-03-19,Flipkart,Fashion,False,Normal Day,40,43,5.2,39745.01,0
2024-03-19,Flipkart,Home & Kitchen,False,Normal Day,44,49,8.0,64557.0,1
2024-03-19,Flipkart,Beauty & Personal Care,False,Normal Day,42,49,6.3,30815.47,1
2024-03-19,Flipkart,Grocery,False,Normal Day,22,24,9.6,9053.34,0
2024-03-19,Flipkart,Books,False,Normal Day,18,18,10.0,6138.55,0
2024-03-19,Flipkart,Sports & Fitness,False,Normal Day,27,30,5.5,30927.45,0
2024-03-20,Amazon,Electronics,False,Normal Day,61,78,11.2,219313.23,2
2024-03-20,Amazon,Mobiles,False,Normal Day,86,92,5.1,1263486.84,4
2024-03-20,Amazon,Fashion,False,Normal Day,44,57,7.9,51413.25,2
2024-03-20,Amazon,Home & Kitchen,False,Normal Day,25,32,11.2,39677.54,0
2024-03-20,Amazon,Beauty & Personal Care,False,Normal Day,31,32,6.1,20431.27,1
2024-03-20,Amazon,Grocery,False,Normal Day,17,20,8.9,7535.72,0
2024-03-20,Amazon,Books,False,Normal Day,20,25,11.7,8504.75,0
2024-03-20,Amazon,Sports & Fitness,False,Normal Day,32,41,13.2,37812.81,1
2024-03-20,Flipkart,Electronics,False,Normal Day,48,48,10.2,130429.83,2
2024-03-20,Flipkart,Mobiles,False,Normal Day,59,83,6.2,1124093.83,1
2024-03-20,Flipkart,Fashion,False,Normal Day,34,43,10.0,35192.54,1
2024-03-20,Flipkart,Home & Kitchen,False,Normal Day,29,31,14.9,37340.9,0
2024-03-20,Flipkart,Beauty & Personal Care,False,Normal Day,16,19,10.9,11754.78,0
2024-03-20,Flipkart,Grocery,False,Normal Day,15,15,11.8,5602.84,0
2024-03-20,Flipkart,Books,False,Normal Day,18,22,9.6,7749.07,0
2024-03-20,Flipkart,Sports & Fitness,False,Normal Day,29,29,13.6,25670.91,0
2024-03-21,Amazon,Electronics,False,Normal Day,60,68,7.0,196790.62,2
2024-03-21,Amazon,Mobiles,False,Normal Day,84,90,6.2,1196782.15,4
2024-03-21,Amazon,Fashion,False,Normal Day,35,47,11.0,39054.97,1
2024-03-21,Amazon,Home & Kitchen,False,Normal Day,36,38,14.9,44196.22,1
2024-03-21,Amazon,Beauty & Personal Care,False,Normal Day,20,20,11.3,11641.83,0
2024-03-21,Amazon,Grocery,False,Normal Day,20,24,13.9,8940.54,0
2024-03-21,Amazon,Books,False,Normal Day,9,11,5.7,4214.05,0
2024-03-21,Amazon,Sports & Fitness,False,Normal Day,21,23,13.8,22766.03,1
2024-03-21,Flipkart,Electronics,False,Normal Day,69,91,9.4,262163.67,3
2024-03-21,Flipkart,Mobiles,False,Normal Day,84,132,5.6,1710954.73,2
2024-03-21,Flipkart,Fashion,False,Normal Day,53,59,14.0,46842.17,1
2024-03-21,Flipkart,Home & Kitchen,False,Normal Day,36,36,11.7,46012.55,0
2024-03-21,Flipkart,Beauty & Personal Care,False,Normal Day,18,21,6.9,13856.08,0
2024-03-21,Flipkart,Grocery,False,Normal Day,13,14,9.6,5829.84,0
2024-03-21,Flipkart,Books,False,Normal Day,21,21,8.8,7624.66,0
2024-03-21,Flipkart,Sports & Fitness,False,Normal Day,25,25,10.1,24822.92,0
2024-03-22,Amazon,Electronics,True,Holi Sale,108,150,34.3,305986.31,7
2024-03-22,Amazon,Mobiles,True,Holi Sale,117,185,24.5,2067128.75,7
2024-03-22,Amazon,Fashion,True,Holi Sale,47,65,33.9,43008.58,2
2024-03-22,Amazon,Home & Kitchen,True,Holi Sale,66,101,20.0,112921.35,3
2024-03-22,Amazon,Beauty & Personal Care,True,Holi Sale,33,51,29.6,24399.58,1
2024-03-22,Amazon,Grocery,True,Holi Sale,23,38,29.2,11518.68,1
2024-03-22,Amazon,Books,True,Holi Sale,21,27,20.5,8361.97,0
2024-03-22,Amazon,Sports & Fitness,True,Holi Sale,35,41,34.8,28661.79,1
2024-03-22,Flipkart,Electronics,True,Holi Sale,156,186,26.4,435137.15,9
2024-03-22,Flipkart,Mobiles,True,Holi Sale,114,186,24.5,2075449.47,6
2024-03-22,Flipkart,Fashion,True,Holi Sale,56,83,17.5,65100.49,2
2024-03-22,Flipkart,Home & Kitchen,True,Holi Sale,63,82,31.6,76076.89,4
2024-03-22,Flipkart,Beauty & Personal Care,True,Holi Sale,42,50,33.4,21456.55,2
2024-03-22,Flipkart,Grocery,True,Holi Sale,27,38,16.5,13317.28,1
2024-03-22,Flipkart,Books,True,Holi Sale,20,27,22.2,8167.07,1
2024-03-22,Flipkart,Sports & Fitness,True,Holi Sale,51,73,21.4,65016.11,4
2024-03-23,Amazon,Electronics,True,Holi Sale,153,204,26.8,470277.2,7
2024-03-23,Amazon,Mobiles,True,Holi Sale,165,231,22.4,2522424.56,11
2024-03-23,Amazon,Fashion,True,Holi Sale,76,82,26.5,57543.03,3
2024-03-23,Amazon,Home & Kitchen,True,Holi Sale,59,81,24.1,88017.71,4
2024-03-23,Amazon,Beauty & Personal Care,True,Holi Sale,40,47,25.4,24155.38,2
2024-03-23,Amazon,Grocery,True,Holi Sale,30,45,16.3,16246.68,2
2024-03-23,Amazon,Books,True,Holi Sale,23,30,16.3,9391.79,1
2024-03-23,Amazon,Sports & Fitness,True,Holi Sale,50,73,22.8,59696.64,2
2024-03-23,Flipkart,Electronics,True,Holi Sale,103,173,31.2,385975.62,5
2024-03-23,Flipkart,Mobiles,True,Holi Sale,126,161,16.1,2036880.86,9
2024-03-23,Flipkart,Fashion,True,Holi Sale,59,82,15.7,63313.88,4
2024-03-23,Flipkart,Home & Kitchen,True,Holi Sale,68,97,23.4,106673.13,4
2024-03-23,Flipkart,Beauty & Personal Care,True,Holi Sale,49,62,31.8,29000.48,2
2024-03-23,Flipkart,Grocery,True,Holi Sale,29,42,34.3,11992.95,1
2024-03-23,Flipkart,Books,True,Holi Sale,31,37,22.4,10962.5,2
2024-03-23,Flipkart,Sports & Fitness,True,Holi Sale,48,78,28.6,63293.65,2
2024-03-24,Amazon,Electronics,True,Holi Sale,129,175,24.1,444509.63,5
2024-03-24,Amazon,Mobiles,True,Holi Sale,164,217,26.1,2377433.12,9
2024-03-24,Amazon,Fashion,True,Holi Sale,91,118,34.2,70399.23,7
2024-03-24,Amazon,Home & Kitchen,True,Holi Sale,90,103,32.3,99300.0,4
2024-03-24,Amazon,Beauty & Personal Care,True,Holi Sale,44,60,29.7,27819.62,3
2024-03-24,Amazon,Grocery,True,Holi Sale,21,32,21.3,10109.39,1
2024-03-24,Amazon,Books,True,Holi Sale,34,54,17.1,17168.8,2
2024-03-24,Amazon,Sports & Fitness,True,Holi Sale,53,63,34.5,47422.02,4
2024-03-24,Flipkart,Electronics,True,Holi Sale,144,180,15.6,483030.21,7
2024-03-24,Flipkart,Mobiles,True,Holi Sale,167,302,17.7,3422539.07,8
2024-03-24,Flipkart,Fashion,True,Holi Sale,95,156,26.5,111241.59,5
2024-03-24,Flipkart,Home & Kitchen,True,Holi Sale,82,103,28.5,99259.59,4
2024-03-24,Flipkart,Beauty & Personal Care,True,Holi Sale,43,59,16.6,32531.61,3
2024-03-24,Flipkart,Grocery,True,Holi Sale,36,37,29.3,10935.22,1
2024-03-24,Flipkart,Books,True,Holi Sale,14,21,17.6,6588.04,0
2024-03-24,Flipkart,Sports & Fitness,True,Holi Sale,55,89,25.2,72468.98,2
2024-03-25,Amazon,Electronics,True,Holi Sale,122,158,15.4,423144.69,8
2024-03-25,Amazon,Mobiles,True,Holi Sale,142,181,18.7,2118107.51,8
2024-03-25,Amazon,Fashion,True,Holi Sale,81,110,24.9,79015.67,7
2024-03-25,Amazon,Home & Kitchen,True,Holi Sale,68,93,17.5,114704.67,4
2024-03-25,Amazon,Beauty & Personal Care,True,Holi Sale,34,39,32.3,16767.96,1
2024-03-25,Amazon,Grocery,True,Holi Sale,27,38,16.6,13138.34,2
2024-03-25,Amazon,Books,True,Holi Sale,10,11,31.9,3036.33,0
2024-03-25,Amazon,Sports & Fitness,True,Holi Sale,32,40,17.5,35795.26,2
2024-03-25,Flipkart,Electronics,True,Holi Sale,130,178,19.0,452726.48,5
2024-03-25,Flipkart,Mobiles,True,Holi Sale,129,207,30.6,2136344.36,9
2024-03-25,Flipkart,Fashion,True,Holi Sale,66,78,33.5,48595.61,2
2024-03-25,Flipkart,Home & Kitchen,True,Holi Sale,66,110,22.8,116461.12,4
2024-03-25,Flipkart,Beauty & Personal Care,True,Holi Sale,38,49,15.2,26788.34,2
2024-03-25,Flipkart,Grocery,True,Holi Sale,27,32,32.2,9281.17,1
2024-03-25,Flipkart,Books,True,Holi Sale,16,21,22.3,6191.47,0
2024-03-25,Flipkart,Sports & Fitness,True,Holi Sale,43,57,21.0,51053.65,3
2024-03-26,Amazon,Electronics,True,Holi Sale,108,150,26.9,352920.82,5
2024-03-26,Amazon,Mobiles,True,Holi Sale,143,153,33.4,1536162.16,10
2024-03-26,Amazon,Fashion,True,Holi Sale,62,77,29.1,51662.81,4
2024-03-26,Amazon,Home & Kitchen,True,Holi Sale,67,83,19.2,91729.41,4
2024-03-26,Amazon,Beauty & Personal Care,True,Holi Sale,47,56,15.6,30585.69,3
2024-03-26,Amazon,Grocery,True,Holi Sale,37,49,21.4,16558.11,3
2024-03-26,Amazon,Books,True,Holi Sale,18,29,19.3,8936.05,0
2024-03-26,Amazon,Sports & Fitness,True,Holi Sale,43,46,20.8,40857.13,2
2024-03-26,Flipkart,Electronics,True,Holi Sale,117,194,21.2,494889.3,8
2024-03-26,Flipkart,Mobiles,True,Holi Sale,138,160,23.4,1690637.96,7
2024-03-26,Flipkart,Fashion,True,Holi Sale,88,139,16.6,106570.55,6
2024-03-26,Flipkart,Home & Kitchen,True,Holi Sale,84,94,20.9,104933.97,7
2024-03-26,Flipkart,Beauty & Personal Care,True,Holi Sale,35,48,18.3,26178.16,1
2024-03-26,Flipkart,Grocery,True,Holi Sale,33,44,28.0,13776.08,2
2024-03-26,Flipkart,Books,True,Holi Sale,26,32,15.6,10633.7,1
2024-03-26,Flipkart,Sports & Fitness,True,Holi Sale,58,82,29.6,67241.04,5
2024-03-27,Amazon,Electronics,True,Holi Sale,102,160,22.6,399022.56,5
2024-03-27,Amazon,Mobiles,True,Holi Sale,144,195,22.3,2226155.27,10
2024-03-27,Amazon,Fashion,True,Holi Sale,69,107,21.3,84570.08,5
2024-03-27,Amazon,Home & Kitchen,True,Holi Sale,62,81,34.9,76286.16,5
2024-03-27,Amazon,Beauty & Personal Care,True,Holi Sale,45,67,22.1,33716.18,2
2024-03-27,Amazon,Grocery,True,Holi Sale,24,38,28.3,11767.58,1
2024-03-27,Amazon,Books,True,Holi Sale,17,23,33.9,5737.74,1
2024-03-27,Amazon,Sports & Fitness,True,Holi Sale,48,58,15.0,53895.89,3
2024-03-27,Flipkart,Electronics,True,Holi Sale,155,196,15.7,545082.42,9
2024-03-27,Flipkart,Mobiles,True,Holi Sale,94,135,33.8,1326365.62,5
2024-03-27,Flipkart,Fashion,True,Holi Sale,70,105,27.0,73939.48,4
2024-03-27,Flipkart,Home & Kitchen,True,Holi Sale,58,78,27.9,78014.4,3
2024-03-27,Flipkart,Beauty & Personal Care,True,Holi Sale,50,79,27.3,37001.78,2
2024-03-27,Flipkart,Grocery,True,Holi Sale,29,35,16.2,11431.93,1
2024-03-27,Flipkart,Books,True,Holi Sale,19,30,32.1,7803.1,1
2024-03-27,Flipkart,Sports & Fitness,True,Holi Sale,44,59,16.5,55526.67,3
2024-03-28,Amazon,Electronics,False,Normal Day,81,81,8.4,233918.88,2
2024-03-28,Amazon,Mobiles,False,Normal Day,66,66,5.3,942271.8,2
2024-03-28,Amazon,Fashion,False,Normal Day,49,52,13.2,43212.01,2
2024-03-28,Amazon,Home & Kitchen,False,Normal Day,36,36,9.7,46014.68,0
2024-03-28,Amazon,Beauty & Personal Care,False,Normal Day,18,19,13.1,10293.99,0
2024-03-28,Amazon,Grocery,False,Normal Day,27,31,11.9,11470.78,0
2024-03-28,Amazon,Books,False,Normal Day,12,14,8.5,5004.46,0
2024-03-28,Amazon,Sports & Fitness,False,Normal Day,30,32,8.2,32467.72,1
2024-03-28,Flipkart,Electronics,False,Normal Day,61,69,14.8,186523.39,3
2024-03-28,Flipkart,Mobiles,False,Normal Day,101,101,10.6,1313309.79,4
2024-03-28,Flipkart,Fashion,False,Normal Day,48,57,10.9,47147.35,2
2024-03-28,Flipkart,Home & Kitchen,False,Normal Day,28,30,7.4,39251.82,1
2024-03-28,Flipkart,Beauty & Personal Care,False,Normal Day,28,31,8.5,17503.46,1
2024-03-28,Flipkart,Grocery,False,Normal Day,17,19,12.6,7445.86,0
2024-03-28,Flipkart,Books,False,Normal Day,10,11,7.6,4026.02,0
2024-03-28,Flipkart,Sports & Fitness,False,Normal Day,26,26,12.3,25953.19,1
2024-03-29,Amazon,Electronics,False,Normal Day,72,83,13.6,233496.63,4
2024-03-29,Amazon,Mobiles,False,Normal Day,102,124,12.0,1561886.73,4
2024-03-29,Amazon,Fashion,False,Normal Day,66,66,13.7,53846.75,2
2024-03-29,Amazon,Home & Kitchen,False,Normal Day,36,43,5.7,57974.67,2
2024-03-29,Amazon,Beauty & Personal Care,False,Normal Day,28,28,11.3,16290.66,1
2024-03-29,Amazon,Grocery,False,Normal Day,17,22,8.9,8580.06,0
2024-03-29,Amazon,Books,False,Normal Day,8,8,7.2,3137.48,0
2024-03-29,Amazon,Sports & Fitness,False,Normal Day,28,31,8.3,32537.64,1
2024-03-29,Flipkart,Electronics,False,Normal Day,40,44,11.8,129284.3,2
2024-03-29,Flipkart,Mobiles,False,Normal Day,84,97,5.2,1444348.03,3
2024-03-29,Flipkart,Fashion,False,Normal Day,46,56,10.7,48055.35,2
2024-03-29,Flipkart,Home & Kitchen,False,Normal Day,34,40,9.2,53821.03,0
2024-03-29,Flipkart,Beauty & Personal Care,False,Normal Day,18,18,12.9,9674.12,0
2024-03-29,Flipkart,Grocery,False,Normal Day,19,20,8.9,7476.78,0
2024-03-29,Flipkart,Books,False,Normal Day,12,14,8.5,4941.52,0
2024-03-29,Flipkart,Sports & Fitness,False,Normal Day,14,14,9.7,14125.71,0
2024-03-30,Amazon,Electronics,False,Normal Day,61,61,10.6,172615.02,1
2024-03-30,Amazon,Mobiles,False,Normal Day,93,111,10.1,1485224.66,5
2024-03-30,Amazon,Fashion,False,Normal Day,56,64,10.4,55850.81,2
2024-03-30,Amazon,Home & Kitchen,False,Normal Day,49,49,5.7,63519.71,1
2024-03-30,Amazon,Beauty & Personal Care,False,Normal Day,21,21,6.7,12621.78,0
2024-03-30,Amazon,Grocery,False,Normal Day,29,29,6.0,11318.78,1
2024-03-30,Amazon,Books,False,Normal Day,15,15,8.3,5232.06,0
2024-03-30,Amazon,Sports & Fitness,False,Normal Day,32,32,11.6,30587.42,1
2024-03-30,Flipkart,Electronics,False,Normal Day,74,88,11.3,244612.36,2
2024-03-30,Flipkart,Mobiles,False,Normal Day,107,107,8.0,1418566.79,4
2024-03-30,Flipkart,Fashion,False,Normal Day,36,53,10.2,44272.13,1
2024-03-30,Flipkart,Home & Kitchen,False,Normal Day,37,40,13.2,48860.71,1
2024-03-30,Flipkart,Beauty & Personal Care,False,Normal Day,37,42,5.3,27129.34,0
2024-03-30,Flipkart,Grocery,False,Normal Day,19,19,13.4,7341.95,0
2024-03-30,Flipkart,Books,False,Normal Day,18,24,11.8,8406.96,0
2024-03-30,Flipkart,Sports & Fitness,False,Normal Day,14,14,7.7,14108.72,0
2024-03-31,Amazon,Electronics,False,Normal Day,73,95,8.7,274251.21,1
2024-03-31,Amazon,Mobiles,False,Normal Day,93,109,13.0,1400762.98,4
2024-03-31,Amazon,Fashion,False,Normal Day,62,76,11.4,58136.86,2
2024-03-31,Amazon,Home & Kitchen,False,Normal Day,38,43,8.6,55384.74,0
2024-03-31,Amazon,Beauty & Personal Care,False,Normal Day,19,21,10.9,11864.03,1
2024-03-31,Amazon,Grocery,False,Normal Day,18,23,5.3,9348.28,0
2024-03-31,Amazon,Books,False,Normal Day,10,10,12.5,3390.72,0
2024-03-31,Amazon,Sports & Fitness,False,Normal Day,36,36,13.9,33333.5,1
2024-03-31,Flipkart,Electronics,False,Normal Day,68,92,10.4,258145.32,2
2024-03-31,Flipkart,Mobiles,False,Normal Day,91,123,8.6,1726357.56,3
2024-03-31,Flipkart,Fashion,False,Normal Day,53,59,8.1,53562.25,2
2024-03-31,Flipkart,Home & Kitchen,False,Normal Day,40,49,7.8,63517.41,2
2024-03-31,Flipkart,Beauty & Personal Care,False,Normal Day,33,43,9.7,25392.01,1
2024-03-31,Flipkart,Grocery,False,Normal Day,12,12,7.2,4659.95,0
2024-03-31,Flipkart,Books,False,Normal Day,12,13,12.0,4346.08,0
2024-03-31,Flipkart,Sports & Fitness,False,Normal Day,30,32,7.2,31771.88,0
2024-04-01,Amazon,Electronics,False,Normal Day,69,76,5.3,230144.49,1
2024-04-01,Amazon,Mobiles,False,Normal Day,64,68,13.1,867583.12,3
2024-04-01,Amazon,Fashion,False,Normal Day,65,65,6.7,54818.82,2
2024-04-01,Amazon,Home & Kitchen,False,Normal Day,41,41,6.5,51413.07,2
2024-04-01,Amazon,Beauty & Personal Care,False,Normal Day,28,32,14.3,18064.53,1
2024-04-01,Amazon,Grocery,False,Normal Day,5,5,12.3,2222.13,0
2024-04-01,Amazon,Books,False,Normal Day,9,10,5.4,3466.68,0
2024-04-01,Amazon,Sports & Fitness,False,Normal Day,39,46,10.2,45219.77,1
2024-04-01,Flipkart,Electronics,False,Normal Day,61,61,5.9,176403.85,3
2024-04-01,Flipkart,Mobiles,False,Normal Day,68,80,9.5,1077729.14,3
2024-04-01,Flipkart,Fashion,False,Normal Day,52,66,10.2,57051.96,1
2024-04-01,Flipkart,Home & Kitchen,False,Normal Day,35,48,10.9,62184.05,1
2024-04-01,Flipkart,Beauty & Personal Care,False,Normal Day,23,27,5.6,16179.96,1
2024-04-01,Flipkart,Grocery,False,Normal Day,11,11,9.4,4139.95,0
2024-04-01,Flipkart,Books,False,Normal Day,12,17,11.4,5769.57,0
2024-04-01,Flipkart,Sports & Fitness,False,Normal Day,22,23,5.1,23285.28,0
2024-04-02,Amazon,Electronics,False,Normal Day,58,66,9.2,187044.4,2
2024-04-02,Amazon,Mobiles,False,Normal Day,61,73,11.5,939352.57,3
2024-04-02,Amazon,Fashion,False,Normal Day,33,33,9.2,29587.67,0
2024-04-02,Amazon,Home & Kitchen,False,Normal Day,29,43,10.4,56773.31,0
2024-04-02,Amazon,Beauty & Personal Care,False,Normal Day,24,32,8.9,19747.4,0
2024-04-02,Amazon,Grocery,False,Normal Day,22,22,10.1,8115.12,1
2024-04-02,Amazon,Books,False,Normal Day,12,12,6.1,4050.33,0
2024-04-02,Amazon,Sports & Fitness,False,Normal Day,35,44,11.4,42081.47,0
2024-04-02,Flipkart,Electronics,False,Normal Day,70,80,8.7,234598.36,1
2024-04-02,Flipkart,Mobiles,False,Normal Day,93,117,10.2,1492390.93,3
2024-04-02,Flipkart,Fashion,False,Normal Day,50,59,13.9,46621.32,2
2024-04-02,Flipkart,Home & Kitchen,False,Normal Day,53,55,13.7,66426.23,1
2024-04-02,Flipkart,Beauty & Personal Care,False,Normal Day,18,22,13.7,12981.42,0
2024-04-02,Flipkart,Grocery,False,Normal Day,13,13,6.3,5174.27,0
2024-04-02,Flipkart,Books,False,Normal Day,12,16,5.7,5978.83,0
2024-04-02,Flipkart,Sports & Fitness,False,Normal Day,30,32,10.9,31733.83,1
2024-04-03,Amazon,Electronics,False,Normal Day,59,71,7.0,201781.45,1
2024-04-03,Amazon,Mobiles,False,Normal Day,83,92,10.6,1180869.08,3
2024-04-03,Amazon,Fashion,False,Normal Day,44,46,9.9,40049.97,0
2024-04-03,Amazon,Home & Kitchen,False,Normal Day,35,35,5.5,47857.55,1
2024-04-03,Amazon,Beauty & Personal Care,False,Normal Day,22,22,14.0,12029.17,0
2024-04-03,Amazon,Grocery,False,Normal Day,14,15,6.4,6244.62,0
2024-04-03,Amazon,Books,False,Normal Day,7,7,8.4,2439.15,0
2024-04-03,Amazon,Sports & Fitness,False,Normal Day,31,31,12.9,30687.92,1
2024-04-03,Flipkart,Electronics,False,Normal Day,72,73,14.1,206143.7,1
2024-04-03,Flipkart,Mobiles,False,Normal Day,70,92,14.0,1181256.02,2
2024-04-03,Flipkart,Fashion,False,Normal Day,34,37,7.5,32546.84,0
2024-04-03,Flipkart,Home & Kitchen,False,Normal Day,37,52,6.6,66173.56,1
2024-04-03,Flipkart,Beauty & Personal Care,False,Normal Day,28,31,13.0,18092.49,0
2024-04-03,Flipkart,Grocery,False,Normal Day,10,12,10.3,4938.0,0
2024-04-03,Flipkart,Books,False,Normal Day,8,8,6.7,2714.83,0
2024-04-03,Flipkart,Sports & Fitness,False,Normal Day,18,18,13.3,18378.2,0
2024-04-04,Amazon,Electronics,False,Normal Day,49,49,12.2,136941.98,2
2024-04-04,Amazon,Mobiles,False,Normal Day,91,110,14.9,1362425.32,5
2024-04-04,Amazon,Fashion,False,Normal Day,37,44,8.8,37133.47,1
2024-04-04,Amazon,Home & Kitchen,False,Normal Day,24,25,10.9,32084.99,1
2024-04-04,Amazon,Beauty & Personal Care,False,Normal Day,14,15,7.2,9483.31,0
2024-04-04,Amazon,Grocery,False,Normal Day,14,14,6.6,5841.08,0
2024-04-04,Amazon,Books,False,Normal Day,9,9,9.5,3093.39,0
2024-04-04,Amazon,Sports & Fitness,False,Normal Day,27,27,8.8,25798.71,0
2024-04-04,Flipkart,Electronics,False,Normal Day,74,95,9.8,271127.71,3
2024-04-04,Flipkart,Mobiles,False,Normal Day,46,55,10.8,712604.64,2
2024-04-04,Flipkart,Fashion,False,Normal Day,48,51,13.4,44156.03,2
2024-04-04,Flipkart,Home & Kitchen,False,Normal Day,42,42,13.0,54910.18,2
2024-04-04,Flipkart,Beauty & Personal Care,False,Normal Day,26,26,12.4,14781.01,1
2024-04-04,Flipkart,Grocery,False,Normal Day,16,16,13.5,5425.43,0
2024-04-04,Flipkart,Books,False,Normal Day,4,5,5.2,2014.3,0
2024-04-04,Flipkart,Sports & Fitness,False,Normal Day,20,22,9.0,24230.7,0
2024-04-05,Amazon,Electronics,False,Normal Day,88,101,12.3,277543.93,3
2024-04-05,Amazon,Mobiles,False,Normal Day,93,102,13.6,1274707.45,4
2024-04-05,Amazon,Fashion,False,Normal Day,40,45,6.8,40919.74,1
2024-04-05,Amazon,Home & Kitchen,False,Normal Day,37,42,14.1,51449.16,1
2024-04-05,Amazon,Beauty & Personal Care,False,Normal Day,15,17,6.1,11173.07,0
2024-04-05,Amazon,Grocery,False,Normal Day,18,18,14.4,6279.1,0
2024-04-05,Amazon,Books,False,Normal Day,15,16,11.3,5605.12,0
2024-04-05,Amazon,Sports & Fitness,False,Normal Day,33,42,9.2,42593.11,1
2024-04-05,Flipkart,Electronics,False,Normal Day,53,53,8.6,154089.16,1
2024-04-05,Flipkart,Mobiles,False,Normal Day,85,125,9.3,1703470.92,2
2024-04-05,Flipkart,Fashion,False,Normal Day,31,31,9.5,27303.33,0
2024-04-05,Flipkart,Home & Kitchen,False,Normal Day,28,32,9.3,41440.16,0
2024-04-05,Flipkart,Beauty & Personal Care,False,Normal Day,27,30,7.8,17760.73,1
2024-04-05,Flipkart,Grocery,False,Normal Day,12,15,6.6,6187.22,0
2024-04-05,Flipkart,Books,False,Normal Day,10,10,10.6,3464.44,0
2024-04-05,Flipkart,Sports & Fitness,False,Normal Day,14,14,6.8,14377.99,0
2024-04-06,Amazon,Electronics,False,Normal Day,77,98,9.6,287940.15,2
2024-04-06,Amazon,Mobiles,False,Normal Day,84,114,6.2,1541037.37,2
2024-04-06,Amazon,Fashion,False,Normal Day,45,45,7.0,38024.39,1
2024-04-06,Amazon,Home & Kitchen,False,Normal Day,27,31,13.8,38128.65,0
2024-04-06,Amazon,Beauty & Personal Care,False,Normal Day,28,32,10.8,18546.2,0
2024-04-06,Amazon,Grocery,False,Normal Day,23,26,13.0,9413.23,0
2024-04-06,Amazon,Books,False,Normal Day,7,8,9.7,3134.16,0
2024-04-06,Amazon,Sports & Fitness,False,Normal Day,29,30,14.0,30153.61,0
2024-04-06,Flipkart,Electronics,False,Normal Day,76,99,7.8,295702.43,3
2024-04-06,Flipkart,Mobiles,False,Normal Day,75,82,13.8,1054864.6,4
2024-04-06,Flipkart,Fashion,False,Normal Day,54,66,7.5,59720.32,3
2024-04-06,Flipkart,Home & Kitchen,False,Normal Day,39,46,7.4,58426.42,0
2024-04-06,Flipkart,Beauty & Personal Care,False,Normal Day,25,28,8.0,17192.99,1
2024-04-06,Flipkart,Grocery,False,Normal Day,15,18,9.7,6746.53,0
2024-04-06,Flipkart,Books,False,Normal Day,18,20,7.4,7621.03,0
2024-04-06,Flipkart,Sports & Fitness,False,Normal Day,36,44,12.5,40486.07,1
2024-04-07,Amazon,Electronics,False,Normal Day,52,65,8.2,190122.83,2
2024-04-07,Amazon,Mobiles,False,Normal Day,72,92,10.7,1225637.65,3
2024-04-07,Amazon,Fashion,False,Normal Day,45,52,8.6,45255.6,1
2024-04-07,Amazon,Home & Kitchen,False,Normal Day,59,74,13.2,91320.84,1
2024-04-07,Amazon,Beauty & Personal Care,False,Normal Day,33,33,13.6,18007.19,0
2024-04-07,Amazon,Grocery,False,Normal Day,29,33,13.7,12130.55,1
2024-04-07,Amazon,Books,False,Normal Day,16,16,13.5,5139.85,0
2024-04-07,Amazon,Sports & Fitness,False,Normal Day,29,32,13.5,30773.06,0
2024-04-07,Flipkart,Electronics,False,Normal Day,59,69,14.0,195674.22,2
2024-04-07,Flipkart,Mobiles,False,Normal Day,96,125,5.4,1728277.76,2
2024-04-07,Flipkart,Fashion,False,Normal Day,44,46,8.0,38597.12,2
2024-04-07,Flipkart,Home & Kitchen,False,Normal Day,34,34,13.8,41498.44,1
2024-04-07,Flipkart,Beauty & Personal Care,False,Normal Day,15,15,5.4,9534.48,0
2024-04-07,Flipkart,Grocery,False,Normal Day,21,27,8.6,10866.04,1
2024-04-07,Flipkart,Books,False,Normal Day,11,11,11.7,3679.62,0
2024-04-07,Flipkart,Sports & Fitness,False,Normal Day,31,33,8.3,35182.35,0
2024-04-08,Amazon,Electronics,False,Normal Day,98,140,14.1,385710.0,3
2024-04-08,Amazon,Mobiles,False,Normal Day,54,59,13.6,757932.05,1
2024-04-08,Amazon,Fashion,False,Normal Day,45,52,10.8,43915.84,1
2024-04-08,Amazon,Home & Kitchen,False,Normal Day,39,54,14.7,66740.93,1
2024-04-08,Amazon,Beauty & Personal Care,False,Normal Day,30,32,14.8,18157.32,1
2024-04-08,Amazon,Grocery,False,Normal Day,24,25,5.5,9550.03,0
2024-04-08,Amazon,Books,False,Normal Day,24,33,13.5,10502.43,0
2024-04-08,Amazon,Sports & Fitness,False,Normal Day,24,27,14.9,25955.29,0
2024-04-08,Flipkart,Electronics,False,Normal Day,68,74,9.2,223421.78,3
2024-04-08,Flipkart,Mobiles,False,Normal Day,69,83,11.5,1095964.46,3
2024-04-08,Flipkart,Fashion,False,Normal Day,37,43,5.6,36817.08,1
2024-04-08,Flipkart,Home & Kitchen,False,Normal Day,53,63,11.1,76381.26,1
2024-04-08,Flipkart,Beauty & Personal Care,False,Normal Day,27,29,14.4,16046.3,1
2024-04-08,Flipkart,Grocery,False,Normal Day,18,18,13.8,6442.13,0
2024-04-08,Flipkart,Books,False,Normal Day,6,7,7.3,2527.85,0
2024-04-08,Flipkart,Sports & Fitness,False,Normal Day,20,27,12.0,27152.01,1
2024-04-09,Amazon,Electronics,False,Normal Day,62,68,8.3,196019.89,2
2024-04-09,Amazon,Mobiles,False,Normal Day,62,68,7.4,896039.67,2
2024-04-09,Amazon,Fashion,False,Normal Day,43,50,11.2,42333.79,0
2024-04-09,Amazon,Home & Kitchen,False,Normal Day,36,36,14.1,43179.25,1
2024-04-09,Amazon,Beauty & Personal Care,False,Normal Day,18,18,12.3,10717.02,0
2024-04-09,Amazon,Grocery,False,Normal Day,22,22,7.9,8931.89,1
2024-04-09,Amazon,Books,False,Normal Day,15,15,10.8,5300.32,0
2024-04-09,Amazon,Sports & Fitness,False,Normal Day,16,20,9.3,21357.87,0
2024-04-09,Flipkart,Electronics,False,Normal Day,61,78,6.1,239754.64,3
2024-04-09,Flipkart,Mobiles,False,Normal Day,76,105,13.3,1369660.39,4
2024-04-09,Flipkart,Fashion,False,Normal Day,43,50,8.2,44059.48,0
2024-04-09,Flipkart,Home & Kitchen,False,Normal Day,39,42,5.3,57437.44,1
2024-04-09,Flipkart,Beauty & Personal Care,False,Normal Day,18,22,12.3,12765.45,1
2024-04-09,Flipkart,Grocery,False,Normal Day,17,20,15.0,7510.62,0
2024-04-09,Flipkart,Books,False,Normal Day,10,12,6.2,4307.28,0
2024-04-09,Flipkart,Sports & Fitness,False,Normal Day,27,31,14.1,30932.89,0
2024-04-10,Amazon,Electronics,False,Normal Day,62,89,11.3,255566.61,1
2024-04-10,Amazon,Mobiles,False,Normal Day,81,103,6.5,1400905.01,3
2024-04-10,Amazon,Fashion,False,Normal Day,45,46,5.9,42437.09,2
2024-04-10,Amazon,Home & Kitchen,False,Normal Day,30,38,6.0,48714.44,0
2024-04-10,Amazon,Beauty & Personal Care,False,Normal Day,20,25,8.6,14878.94,1
2024-04-10,Amazon,Grocery,False,Normal Day,20,25,14.4,9392.75,1
2024-04-10,Amazon,Books,False,Normal Day,13,15,9.1,5258.69,0
2024-04-10,Amazon,Sports & Fitness,False,Normal Day,20,20,13.0,20005.92,0
2024-04-10,Flipkart,Electronics,False,Normal Day,55,63,13.7,177828.44,2
2024-04-10,Flipkart,Mobiles,False,Normal Day,71,71,13.0,848120.17,1
2024-04-10,Flipkart,Fashion,False,Normal Day,45,57,10.8,51043.56,2
2024-04-10,Flipkart,Home & Kitchen,False,Normal Day,39,39,9.7,49299.47,1
2024-04-10,Flipkart,Beauty & Personal Care,False,Normal Day,16,18,6.8,10984.93,0
2024-04-10,Flipkart,Grocery,False,Normal Day,11,12,11.0,4535.94,0
2024-04-10,Flipkart,Books,False,Normal Day,16,17,8.5,5803.92,0
2024-04-10,Flipkart,Sports & Fitness,False,Normal Day,12,12,5.4,12441.6,0
2024-04-11,Amazon,Electronics,False,Normal Day,67,84,9.6,242992.08,3
2024-04-11,Amazon,Mobiles,False,Normal Day,73,83,12.6,1052219.67,4
2024-04-11,Amazon,Fashion,False,Normal Day,49,68,7.7,64109.65,1
2024-04-11,Amazon,Home & Kitchen,False,Normal Day,37,46,13.1,54930.4,0
2024-04-11,Amazon,Beauty & Personal Care,False,Normal Day,20,22,8.5,13806.82,0
2024-04-11,Amazon,Grocery,False,Normal Day,14,14,11.6,5305.42,0
2024-04-11,Amazon,Books,False,Normal Day,13,13,8.9,4661.28,0
2024-04-11,Amazon,Sports & Fitness,False,Normal Day,28,30,9.5,30603.61,1
2024-04-11,Flipkart,Electronics,False,Normal Day,68,68,9.8,206603.41,2
2024-04-11,Flipkart,Mobiles,False,Normal Day,86,86,12.1,1134603.33,3
2024-04-11,Flipkart,Fashion,False,Normal Day,47,49,10.2,43667.09,2
2024-04-11,Flipkart,Home & Kitchen,False,Normal Day,38,38,9.8,46478.05,1
2024-04-11,Flipkart,Beauty & Personal Care,False,Normal Day,18,18,7.7,10529.59,0
2024-04-11,Flipkart,Grocery,False,Normal Day,16,16,8.0,6082.07,0
2024-04-11,Flipkart,Books,False,Normal Day,10,10,6.3,3568.78,0
2024-04-11,Flipkart,Sports & Fitness,False,Normal Day,24,25,12.6,23783.73,0
2024-04-12,Amazon,Electronics,False,Normal Day,54,66,9.4,191769.27,1
2024-04-12,Amazon,Mobiles,False,Normal Day,95,99,5.4,1376191.17,3
2024-04-12,Amazon,Fashion,False,Normal Day,41,49,13.7,41764.2,2
2024-04-12,Amazon,Home & Kitchen,False,Normal Day,30,30,10.0,36158.92,1
2024-04-12,Amazon,Beauty & Personal Care,False,Normal Day,20,26,8.2,16541.52,0
2024-04-12,Amazon,Grocery,False,Normal Day,20,20,5.6,8068.7,0
2024-04-12,Amazon,Books,False,Normal Day,11,12,6.5,4655.22,0
2024-04-12,Amazon,Sports & Fitness,False,Normal Day,23,23,12.4,22495.53,1
2024-04-12,Flipkart,Electronics,False,Normal Day,62,62,6.0,184675.42,2
2024-04-12,Flipkart,Mobiles,False,Normal Day,67,85,5.5,1199150.86,2
2024-04-12,Flipkart,Fashion,False,Normal Day,37,44,13.5,34726.24,1
2024-04-12,Flipkart,Home & Kitchen,False,Normal Day,46,58,8.0,75950.76,2
2024-04-12,Flipkart,Beauty & Personal Care,False,Normal Day,33,33,14.6,18145.7,1
2024-04-12,Flipkart,Grocery,False,Normal Day,14,18,12.8,6825.56,0
2024-04-12,Flipkart,Books,False,Normal Day,9,10,13.9,3414.89,0
2024-04-12,Flipkart,Sports & Fitness,False,Normal Day,20,25,6.0,25738.65,0
2024-04-13,Amazon,Electronics,False,Normal Day,98,126,10.1,352578.59,3
2024-04-13,Amazon,Mobiles,False,Normal Day,86,113,8.3,1442114.66,2
2024-04-13,Amazon,Fashion,False,Normal Day,40,49,5.3,44732.04,2
2024-04-13,Amazon,Home & Kitchen,False,Normal Day,28,31,11.5,38318.73,1
2024-04-13,Amazon,Beauty & Personal Care,False,Normal Day,27,32,12.7,17254.08,1
2024-04-13,Amazon,Grocery,False,Normal Day,14,20,13.0,7393.23,0
2024-04-13,Amazon,Books,False,Normal Day,12,12,7.8,4577.92,0
2024-04-13,Amazon,Sports & Fitness,False,Normal Day,25,25,14.5,24372.79,0
2024-04-13,Flipkart,Electronics,False,Normal Day,85,100,13.3,267476.7,1
2024-04-13,Flipkart,Mobiles,False,Normal Day,97,98,14.7,1238573.61,2
2024-04-13,Flipkart,Fashion,False,Normal Day,53,56,10.6,47099.16,2
2024-04-13,Flipkart,Home & Kitchen,False,Normal Day,50,50,11.5,63479.44,1
2024-04-13,Flipkart,Beauty & Personal Care,False,Normal Day,24,25,8.3,14506.5,1
2024-04-13,Flipkart,Grocery,False,Normal Day,18,18,6.6,7153.59,0
2024-04-13,Flipkart,Books,False,Normal Day,17,19,12.7,6516.73,0
2024-04-13,Flipkart,Sports & Fitness,False,Normal Day,20,22,10.4,21070.89,0
2024-04-14,Amazon,Electronics,False,Normal Day,70,70,5.6,203676.33,3
2024-04-14,Amazon,Mobiles,False,Normal Day,82,103,12.4,1313323.49,2
2024-04-14,Amazon,Fashion,False,Normal Day,53,53,7.8,45504.55,3
2024-04-14,Amazon,Home & Kitchen,False,Normal Day,49,69,13.5,82699.23,2
2024-04-14,Amazon,Beauty & Personal Care,False,Normal Day,25,33,6.8,20791.85,0
2024-04-14,Amazon,Grocery,False,Normal Day,24,30,6.8,11889.9,0
2024-04-14,Amazon,Books,False,Normal Day,22,25,10.8,8409.87,1
2024-04-14,Amazon,Sports & Fitness,False,Normal Day,33,33,6.0,36146.5,1
2024-04-14,Flipkart,Electronics,False,Normal Day,87,94,6.3,271924.27,3
2024-04-14,Flipkart,Mobiles,False,Normal Day,94,118,13.6,1417155.02,2
2024-04-14,Flipkart,Fashion,False,Normal Day,58,58,7.6,52108.33,2
2024-04-14,Flipkart,Home & Kitchen,False,Normal Day,52,52,13.2,60487.46,2
2024-04-14,Flipkart,Beauty & Personal Care,False,Normal Day,21,21,10.6,12422.86,0
2024-04-14,Flipkart,Grocery,False,Normal Day,19,20,9.3,7769.6,0
2024-04-14,Flipkart,Books,False,Normal Day,10,10,13.4,3275.93,0
2024-04-14,Flipkart,Sports & Fitness,False,Normal Day,45,47,7.0,47449.34,1
2024-04-15,Amazon,Electronics,False,Normal Day,53,72,9.6,204364.47,2
2024-04-15,Amazon,Mobiles,False,Normal Day,79,89,5.3,1270887.34,4
2024-04-15,Amazon,Fashion,False,Normal Day,35,39,7.0,36906.98,1
2024-04-15,Amazon,Home & Kitchen,False,Normal Day,48,61,8.7,79395.69,2
2024-04-15,Amazon,Beauty & Personal Care,False,Normal Day,19,23,11.3,13536.07,0
2024-04-15,Amazon,Grocery,False,Normal Day,11,11,12.0,4199.05,0
2024-04-15,Amazon,Books,False,Normal Day,9,10,8.9,3513.54,0
2024-04-15,Amazon,Sports & Fitness,False,Normal Day,25,30,13.8,30087.49,0
2024-04-15,Flipkart,Electronics,False,Normal Day,58,82,14.8,218638.95,2
2024-04-15,Flipkart,Mobiles,False,Normal Day,74,77,11.4,982418.4,3
2024-04-15,Flipkart,Fashion,False,Normal Day,44,44,13.0,38696.0,1
2024-04-15,Flipkart,Home & Kitchen,False,Normal Day,49,69,5.3,94417.76,1
2024-04-15,Flipkart,Beauty & Personal Care,False,Normal Day,18,18,6.3,10868.04,0
2024-04-15,Flipkart,Grocery,False,Normal Day,21,30,14.4,10939.12,0
2024-04-15,Flipkart,Books,False,Normal Day,2,2,13.8,917.88,0
2024-04-15,Flipkart,Sports & Fitness,False,Normal Day,27,39,11.4,39145.08,1
2024-04-16,Amazon,Electronics,False,Normal Day,47,56,6.7,180410.71,2
2024-04-16,Amazon,Mobiles,False,Normal Day,85,115,8.1,1574096.96,3
2024-04-16,Amazon,Fashion,False,Normal Day,41,41,11.8,33937.49,2
2024-04-16,Amazon,Home & Kitchen,False,Normal Day,42,42,8.0,56393.36,1
2024-04-16,Amazon,Beauty & Personal Care,False,Normal Day,28,31,10.5,17816.09,0
2024-04-16,Amazon,Grocery,False,Normal Day,19,19,8.9,7368.18,0
2024-04-16,Amazon,Books,False,Normal Day,10,11,7.5,4066.43,0
2024-04-16,Amazon,Sports & Fitness,False,Normal Day,20,22,10.4,22658.14,0
2024-04-16,Flipkart,Electronics,False,Normal Day,68,79,8.5,222454.61,3
2024-04-16,Flipkart,Mobiles,False,Normal Day,53,62,6.7,824491.49,1
2024-04-16,Flipkart,Fashion,False,Normal Day,33,35,13.2,30650.89,1
2024-04-16,Flipkart,Home & Kitchen,False,Normal Day,20,24,9.3,31835.66,0
2024-04-16,Flipkart,Beauty & Personal Care,False,Normal Day,29,32,14.9,17432.73,0
2024-04-16,Flipkart,Grocery,False,Normal Day,14,16,13.5,6021.16,0
2024-04-16,Flipkart,Books,False,Normal Day,14,16,10.1,5599.75,0
2024-04-16,Flipkart,Sports & Fitness,False,Normal Day,19,20,11.2,21270.0,0
2024-04-17,Amazon,Electronics,False,Normal Day,52,55,14.6,142427.13,1
2024-04-17,Amazon,Mobiles,False,Normal Day,60,63,6.6,897135.18,3
2024-04-17,Amazon,Fashion,False,Normal Day,39,39,9.0,33965.67,1
2024-04-17,Amazon,Home & Kitchen,False,Normal Day,53,53,7.5,71071.7,2
2024-04-17,Amazon,Beauty & Personal Care,False,Normal Day,30,44,9.9,26083.36,1
2024-04-17,Amazon,Grocery,False,Normal Day,17,19,14.4,6834.13,0
2024-04-17,Amazon,Books,False,Normal Day,7,8,11.9,2626.37,0
2024-04-17,Amazon,Sports & Fitness,False,Normal Day,35,36,5.4,38027.85,1
2024-04-17,Flipkart,Electronics,False,Normal Day,71,92,11.5,263530.41,3
2024-04-17,Flipkart,Mobiles,False,Normal Day,61,87,8.4,1184169.54,2
2024-04-17,Flipkart,Fashion,False,Normal Day,33,37,11.0,29835.5,1
2024-04-17,Flipkart,Home & Kitchen,False,Normal Day,40,40,11.7,50673.2,1
2024-04-17,Flipkart,Beauty & Personal Care,False,Normal Day,17,26,14.0,15383.54,0
2024-04-17,Flipkart,Grocery,False,Normal Day,16,21,11.7,7986.88,0
2024-04-17,Flipkart,Books,False,Normal Day,8,8,10.0,2808.83,0
2024-04-17,Flipkart,Sports & Fitness,False,Normal Day,26,30,9.1,30870.97,0
2024-04-18,Amazon,Electronics,False,Normal Day,42,42,7.2,122889.01,1
2024-04-18,Amazon,Mobiles,False,Normal Day,93,116,6.2,1535985.19,4
2024-04-18,Amazon,Fashion,False,Normal Day,28,34,9.3,31182.13,0
2024-04-18,Amazon,Home & Kitchen,False,Normal Day,46,46,7.9,57586.26,1
2024-04-18,Amazon,Beauty & Personal Care,False,Normal Day,20,24,10.3,14682.77,0
2024-04-18,Amazon,Grocery,False,Normal Day,15,18,8.7,7222.19,0
2024-04-18,Amazon,Books,False,Normal Day,13,15,8.7,5753.46,0
2024-04-18,Amazon,Sports & Fitness,False,Normal Day,17,17,7.2,18033.84,0
2024-04-18,Flipkart,Electronics,False,Normal Day,63,63,6.7,183102.89,2
2024-04-18,Flipkart,Mobiles,False,Normal Day,64,64,5.2,891631.07,2
2024-04-18,Flipkart,Fashion,False,Normal Day,56,56,7.3,51191.8,3
2024-04-18,Flipkart,Home & Kitchen,False,Normal Day,40,56,10.7,69477.2,2
2024-04-18,Flipkart,Beauty & Personal Care,False,Normal Day,11,11,10.9,6536.59,0
2024-04-18,Flipkart,Grocery,False,Normal Day,18,23,9.2,9099.33,1
2024-04-18,Flipkart,Books,False,Normal Day,12,12,12.1,4093.76,0
2024-04-18,Flipkart,Sports & Fitness,False,Normal Day,32,42,11.3,41252.82,0
2024-04-19,Amazon,Electronics,False,Normal Day,50,57,10.9,164039.03,1
2024-04-19,Amazon,Mobiles,False,Normal Day,64,82,5.8,1104027.31,3
2024-04-19,Amazon,Fashion,False,Normal Day,41,44,5.4,41031.0,2
2024-04-19,Amazon,Home & Kitchen,False,Normal Day,47,57,9.7,71704.98,2
2024-04-19,Amazon,Beauty & Personal Care,False,Normal Day,15,19,6.3,12236.36,0
2024-04-19,Amazon,Grocery,False,Normal Day,9,10,8.8,4123.13,0
2024-04-19,Amazon,Books,False,Normal Day,12,13,8.0,4635.83,0
2024-04-19,Amazon,Sports & Fitness,False,Normal Day,21,21,5.1,21570.53,1
2024-04-19,Flipkart,Electronics,False,Normal Day,65,65,5.7,207587.9,2
2024-04-19,Flipkart,Mobiles,False,Normal Day,55,58,10.4,731113.15,2
2024-04-19,Flipkart,Fashion,False,Normal Day,53,53,11.7,42781.14,3
2024-04-19,Flipkart,Home & Kitchen,False,Normal Day,42,50,5.8,65051.78,1
2024-04-19,Flipkart,Beauty & Personal Care,False,Normal Day,31,36,13.3,20127.06,1
2024-04-19,Flipkart,Grocery,False,Normal Day,15,15,11.9,6224.11,0
2024-04-19,Flipkart,Books,False,Normal Day,15,16,5.8,6056.53,0
2024-04-19,Flipkart,Sports & Fitness,False,Normal Day,18,22,14.9,19938.17,0
2024-04-20,Amazon,Electronics,False,Normal Day,77,95,7.7,279470.67,3
2024-04-20,Amazon,Mobiles,False,Normal Day,103,120,13.7,1481912.0,4
2024-04-20,Amazon,Fashion,False,Normal Day,63,74,10.4,66376.64,3
2024-04-20,Amazon,Home & Kitchen,False,Normal Day,57,77,12.7,94779.41,2
2024-04-20,Amazon,Beauty & Personal Care,False,Normal Day,26,32,9.6,20748.78,0
2024-04-20,Amazon,Grocery,False,Normal Day,24,26,12.5,9503.21,0
2024-04-20,Amazon,Books,False,Normal Day,16,18,7.8,6734.92,0
2024-04-20,Amazon,Sports & Fitness,False,Normal Day,36,43,10.1,41458.47,0
2024-04-20,Flipkart,Electronics,False,Normal Day,94,95,5.8,290183.49,5
2024-04-20,Flipkart,Mobiles,False,Normal Day,75,75,13.0,918081.29,3
2024-04-20,Flipkart,Fashion,False,Normal Day,41,41,7.6,36163.25,2
2024-04-20,Flipkart,Home & Kitchen,False,Normal Day,38,48,9.0,59954.1,1
2024-04-20,Flipkart,Beauty & Personal Care,False,Normal Day,35,37,10.0,21639.5,1
2024-04-20,Flipkart,Grocery,False,Normal Day,16,19,9.2,7564.08,0
2024-04-20,Flipkart,Books,False,Normal Day,12,12,10.1,4078.82,0
2024-04-20,Flipkart,Sports & Fitness,False,Normal Day,29,41,5.5,44305.3,1
2024-04-21,Amazon,Electronics,False,Normal Day,74,99,12.9,275389.01,2
2024-04-21,Amazon,Mobiles,False,Normal Day,75,95,10.3,1193470.87,4
2024-04-21,Amazon,Fashion,False,Normal Day,46,49,8.4,41575.69,2
2024-04-21,Amazon,Home & Kitchen,False,Normal Day,36,39,12.0,47285.84,1
2024-04-21,Amazon,Beauty & Personal Care,False,Normal Day,22,23,7.7,13854.07,1
2024-04-21,Amazon,Grocery,False,Normal Day,20,20,5.2,7878.37,0
2024-04-21,Amazon,Books,False,Normal Day,15,15,10.1,5088.13,0
2024-04-21,Amazon,Sports & Fitness,False,Normal Day,18,18,11.9,18378.91,0
2024-04-21,Flipkart,Electronics,False,Normal Day,76,113,5.0,356072.65,4
2024-04-21,Flipkart,Mobiles,False,Normal Day,92,117,10.0,1578270.24,3
2024-04-21,Flipkart,Fashion,False,Normal Day,39,49,7.6,43950.81,1
2024-04-21,Flipkart,Home & Kitchen,False,Normal Day,42,59,11.5,75869.9,2
2024-04-21,Flipkart,Beauty & Personal Care,False,Normal Day,36,40,9.9,23347.71,1
2024-04-21,Flipkart,Grocery,False,Normal Day,19,19,6.4,7351.09,1
2024-04-21,Flipkart,Books,False,Normal Day,11,11,10.1,3768.26,0
2024-04-21,Flipkart,Sports & Fitness,False,Normal Day,21,25,10.5,25153.91,1
2024-04-22,Amazon,Electronics,False,Normal Day,52,66,8.6,198525.17,1
2024-04-22,Amazon,Mobiles,False,Normal Day,79,99,6.7,1377160.36,3
2024-04-22,Amazon,Fashion,False,Normal Day,43,50,5.3,47581.75,1
2024-04-22,Amazon,Home & Kitchen,False,Normal Day,34,47,6.0,64649.28,0
2024-04-22,Amazon,Beauty & Personal Care,False,Normal Day,32,34,6.0,20612.74,1
2024-04-22,Amazon,Grocery,False,Normal Day,9,12,12.4,4187.09,0
2024-04-22,Amazon,Books,False,Normal Day,9,9,13.1,2898.92,0
2024-04-22,Amazon,Sports & Fitness,False,Normal Day,35,39,7.8,37801.65,1
2024-04-22,Flipkart,Electronics,False,Normal Day,71,84,10.0,243010.95,2
2024-04-22,Flipkart,Mobiles,False,Normal Day,66,78,13.0,980195.45,2
2024-04-22,Flipkart,Fashion,False,Normal Day,36,38,13.0,31385.13,1
2024-04-22,Flipkart,Home & Kitchen,False,Normal Day,39,44,7.5,57710.43,1
2024-04-22,Flipkart,Beauty & Personal Care,False,Normal Day,25,26,11.0,14777.09,0
2024-04-22,Flipkart,Grocery,False,Normal Day,14,18,13.0,6281.3,0
2024-04-22,Flipkart,Books,False,Normal Day,11,14,5.5,5093.33,0
2024-04-22,Flipkart,Sports & Fitness,False,Normal Day,31,33,8.1,32824.64,1
2024-04-23,Amazon,Electronics,False,Normal Day,71,100,6.9,299346.33,1
2024-04-23,Amazon,Mobiles,False,Normal Day,64,78,8.2,1050785.62,3
2024-04-23,Amazon,Fashion,False,Normal Day,39,52,5.7,48607.8,0
2024-04-23,Amazon,Home & Kitchen,False,Normal Day,40,48,14.9,55563.39,1
2024-04-23,Amazon,Beauty & Personal Care,False,Normal Day,16,17,9.1,9866.45,0
2024-04-23,Amazon,Grocery,False,Normal Day,11,11,7.8,4337.9,0
2024-04-23,Amazon,Books,False,Normal Day,22,23,14.5,7753.57,0
2024-04-23,Amazon,Sports & Fitness,False,Normal Day,38,46,8.2,46434.6,0
2024-04-23,Flipkart,Electronics,False,Normal Day,72,84,6.1,253725.04,2
2024-04-23,Flipkart,Mobiles,False,Normal Day,69,72,11.0,939789.38,3
2024-04-23,Flipkart,Fashion,False,Normal Day,30,36,10.2,30155.19,0
2024-04-23,Flipkart,Home & Kitchen,False,Normal Day,53,68,9.6,92151.48,2
2024-04-23,Flipkart,Beauty & Personal Care,False,Normal Day,24,29,13.9,17130.33,0
2024-04-23,Flipkart,Grocery,False,Normal Day,12,14,12.7,5314.08,0
2024-04-23,Flipkart,Books,False,Normal Day,9,10,10.6,3525.56,0
2024-04-23,Flipkart,Sports & Fitness,False,Normal Day,32,32,7.4,32914.54,1
2024-04-24,Amazon,Electronics,False,Normal Day,61,61,11.7,168240.17,1
2024-04-24,Amazon,Mobiles,False,Normal Day,103,130,12.5,1665199.89,3
2024-04-24,Amazon,Fashion,False,Normal Day,38,47,12.1,40566.53,1
2024-04-24,Amazon,Home & Kitchen,False,Normal Day,37,51,9.3,65099.86,1
2024-04-24,Amazon,Beauty & Personal Care,False,Normal Day,32,39,5.4,24732.77,1
2024-04-24,Amazon,Grocery,False,Normal Day,18,18,7.1,6874.68,0
2024-04-24,Amazon,Books,False,Normal Day,10,10,11.3,3217.21,0
2024-04-24,Amazon,Sports & Fitness,False,Normal Day,30,35,7.1,35358.7,1
2024-04-24,Flipkart,Electronics,False,Normal Day,53,65,15.0,175629.34,1
2024-04-24,Flipkart,Mobiles,False,Normal Day,64,72,10.1,972982.27,1
2024-04-24,Flipkart,Fashion,False,Normal Day,48,53,11.8,44892.05,2
2024-04-24,Flipkart,Home & Kitchen,False,Normal Day,35,47,7.8,59637.51,1
2024-04-24,Flipkart,Beauty & Personal Care,False,Normal Day,24,28,9.9,16423.47,0
2024-04-24,Flipkart,Grocery,False,Normal Day,7,8,11.2,3243.05,0
2024-04-24,Flipkart,Books,False,Normal Day,7,8,12.5,2775.41,0
2024-04-24,Flipkart,Sports & Fitness,False,Normal Day,19,22,9.1,21614.38,0
2024-04-25,Amazon,Electronics,False,Normal Day,65,77,10.3,233747.63,2
2024-04-25,Amazon,Mobiles,False,Normal Day,59,69,13.1,867210.84,1
2024-04-25,Amazon,Fashion,False,Normal Day,39,47,13.1,37059.91,1
2024-04-25,Amazon,Home & Kitchen,False,Normal Day,45,45,13.1,54726.85,1
2024-04-25,Amazon,Beauty & Personal Care,False,Normal Day,19,21,6.1,13242.45,1
2024-04-25,Amazon,Grocery,False,Normal Day,22,22,11.6,8843.05,0
2024-04-25,Amazon,Books,False,Normal Day,6,6,14.8,2145.04,0
2024-04-25,Amazon,Sports & Fitness,False,Normal Day,27,32,6.9,32862.47,0
2024-04-25,Flipkart,Electronics,False,Normal Day,65,75,6.9,219730.27,3
2024-04-25,Flipkart,Mobiles,False,Normal Day,100,124,14.6,1508340.18,2
2024-04-25,Flipkart,Fashion,False,Normal Day,51,58,8.6,47557.69,2
2024-04-25,Flipkart,Home & Kitchen,False,Normal Day,27,33,13.3,40123.22,0
2024-04-25,Flipkart,Beauty & Personal Care,False,Normal Day,19,19,15.0,10122.73,1
2024-04-25,Flipkart,Grocery,False,Normal Day,29,42,11.8,15945.48,1
2024-04-25,Flipkart,Books,False,Normal Day,10,10,13.8,3378.07,0
2024-04-25,Flipkart,Sports & Fitness,False,Normal Day,31,33,14.1,31557.2,1
2024-04-26,Amazon,Electronics,False,Normal Day,59,78,8.5,228697.99,1
2024-04-26,Amazon,Mobiles,False,Normal Day,69,80,6.9,1104672.36,2
2024-04-26,Amazon,Fashion,False,Normal Day,39,39,9.3,33077.36,0
2024-04-26,Amazon,Home & Kitchen,False,Normal Day,43,49,5.4,62996.78,1
2024-04-26,Amazon,Beauty & Personal Care,False,Normal Day,16,16,13.2,8850.89,0
2024-04-26,Amazon,Grocery,False,Normal Day,18,18,9.9,6978.64,0
2024-04-26,Amazon,Books,False,Normal Day,19,19,9.2,6430.73,0
2024-04-26,Amazon,Sports & Fitness,False,Normal Day,38,41,14.4,41807.38,2
2024-04-26,Flipkart,Electronics,False,Normal Day,62,74,8.3,211028.92,2
2024-04-26,Flipkart,Mobiles,False,Normal Day,84,107,8.8,1450724.54,3
2024-04-26,Flipkart,Fashion,False,Normal Day,43,48,12.5,39578.41,0
2024-04-26,Flipkart,Home & Kitchen,False,Normal Day,37,41,12.4,50568.39,1
2024-04-26,Flipkart,Beauty & Personal Care,False,Normal Day,19,22,13.6,12904.53,0
2024-04-26,Flipkart,Grocery,False,Normal Day,25,26,12.0,10249.11,1
2024-04-26,Flipkart,Books,False,Normal Day,13,16,9.1,5763.2,0
2024-04-26,Flipkart,Sports & Fitness,False,Normal Day,43,58,11.5,61760.3,2
2024-04-27,Amazon,Electronics,False,Normal Day,65,81,11.6,234704.59,2
2024-04-27,Amazon,Mobiles,False,Normal Day,121,145,6.5,1960912.31,5
2024-04-27,Amazon,Fashion,False,Normal Day,53,82,12.3,69316.37,1
2024-04-27,Amazon,Home & Kitchen,False,Normal Day,50,50,7.6,66128.47,2
2024-04-27,Amazon,Beauty & Personal Care,False,Normal Day,36,45,9.4,27393.17,1
2024-04-27,Amazon,Grocery,False,Normal Day,25,27,12.6,9955.16,1
2024-04-27,Amazon,Books,False,Normal Day,20,23,13.0,8397.81,0
2024-04-27,Amazon,Sports & Fitness,False,Normal Day,40,42,7.3,43947.94,0
2024-04-27,Flipkart,Electronics,False,Normal Day,63,66,11.6,187104.41,2
2024-04-27,Flipkart,Mobiles,False,Normal Day,99,126,15.0,1566406.34,2
2024-04-27,Flipkart,Fashion,False,Normal Day,47,61,13.2,49726.38,2
2024-04-27,Flipkart,Home & Kitchen,False,Normal Day,48,49,12.7,61454.67,2
2024-04-27,Flipkart,Beauty & Personal Care,False,Normal Day,32,32,13.0,18303.56,1
2024-04-27,Flipkart,Grocery,False,Normal Day,16,16,11.0,6187.98,0
2024-04-27,Flipkart,Books,False,Normal Day,10,10,7.1,3484.59,0
2024-04-27,Flipkart,Sports & Fitness,False,Normal Day,28,33,5.7,35814.71,1
2024-04-28,Amazon,Electronics,False,Normal Day,69,91,8.9,270004.02,2
2024-04-28,Amazon,Mobiles,False,Normal Day,102,109,15.0,1422015.49,4
2024-04-28,Amazon,Fashion,False,Normal Day,39,47,10.6,40601.49,0
2024-04-28,Amazon,Home & Kitchen,False,Normal Day,42,46,6.6,60055.1,1
2024-04-28,Amazon,Beauty & Personal Care,False,Normal Day,34,53,12.4,29053.52,1
2024-04-28,Amazon,Grocery,False,Normal Day,21,21,10.4,8062.17,0
2024-04-28,Amazon,Books,False,Normal Day,8,9,12.5,2986.3,0
2024-04-28,Amazon,Sports & Fitness,False,Normal Day,25,30,8.5,30289.15,1
2024-04-28,Flipkart,Electronics,False,Normal Day,65,74,5.7,221843.46,2
2024-04-28,Flipkart,Mobiles,False,Normal Day,111,113,12.4,1449289.54,5
2024-04-28,Flipkart,Fashion,False,Normal Day,40,49,11.7,40376.02,1
2024-04-28,Flipkart,Home & Kitchen,False,Normal Day,54,54,8.3,72051.59,1
2024-04-28,Flipkart,Beauty & Personal Care,False,Normal Day,34,38,5.2,24000.48,0
2024-04-28,Flipkart,Grocery,False,Normal Day,15,21,14.5,7920.24,0
2024-04-28,Flipkart,Books,False,Normal Day,12,12,6.2,4718.94,0
2024-04-28,Flipkart,Sports & Fitness,False,Normal Day,43,51,13.3,48948.68,1
2024-04-29,Amazon,Electronics,False,Normal Day,59,65,7.1,187846.27,2
2024-04-29,Amazon,Mobiles,False,Normal Day,74,78,14.7,982038.71,2
2024-04-29,Amazon,Fashion,False,Normal Day,45,45,7.1,38705.75,1
2024-04-29,Amazon,Home & Kitchen,False,Normal Day,29,33,13.5,42494.44,1
2024-04-29,Amazon,Beauty & Personal Care,False,Normal Day,21,23,11.3,13230.28,0
2024-04-29,Amazon,Grocery,False,Normal Day,24,30,5.6,11981.07,1
2024-04-29,Amazon,Books,False,Normal Day,12,14,6.1,4969.22,0
2024-04-29,Amazon,Sports & Fitness,False,Normal Day,34,34,13.9,32541.86,1
2024-04-29,Flipkart,Electronics,False,Normal Day,50,50,8.8,143243.02,1
2024-04-29,Flipkart,Mobiles,False,Normal Day,57,57,14.1,752598.28,1
2024-04-29,Flipkart,Fashion,False,Normal Day,30,30,14.0,25077.87,1
2024-04-29,Flipkart,Home & Kitchen,False,Normal Day,44,49,9.0,63700.5,1
2024-04-29,Flipkart,Beauty & Personal Care,False,Normal Day,19,23,6.0,14143.04,0
2024-04-29,Flipkart,Grocery,False,Normal Day,18,18,6.6,7319.37,0
2024-04-29,Flipkart,Books,False,Normal Day,18,23,10.4,7722.89,0
2024-04-29,Flipkart,Sports & Fitness,False,Normal Day,24,24,13.8,23161.56,0
2024-04-30,Amazon,Electronics,False,Normal Day,59,88,11.7,240170.07,2
2024-04-30,Amazon,Mobiles,False,Normal Day,82,101,12.3,1326086.01,3
2024-04-30,Amazon,Fashion,False,Normal Day,45,57,5.9,47845.72,1
2024-04-30,Amazon,Home & Kitchen,False,Normal Day,33,35,9.0,45349.81,1
2024-04-30,Amazon,Beauty & Personal Care,False,Normal Day,20,26,14.5,15544.56,0
2024-04-30,Amazon,Grocery,False,Normal Day,24,29,12.2,10818.48,1
2024-04-30,Amazon,Books,False,Normal Day,10,13,6.2,4569.83,0
2024-04-30,Amazon,Sports & Fitness,False,Normal Day,21,29,6.6,30519.94,0
2024-04-30,Flipkart,Electronics,False,Normal Day,78,78,8.4,225074.81,2
2024-04-30,Flipkart,Mobiles,False,Normal Day,86,111,12.5,1372483.23,2
2024-04-30,Flipkart,Fashion,False,Normal Day,41,52,14.4,42808.82,0
2024-04-30,Flipkart,Home & Kitchen,False,Normal Day,24,33,14.3,38783.16,1
2024-04-30,Flipkart,Beauty & Personal Care,False,Normal Day,23,23,12.2,12586.03,1
2024-04-30,Flipkart,Grocery,False,Normal Day,8,10,9.7,4016.73,0
2024-04-30,Flipkart,Books,False,Normal Day,7,8,13.3,2806.25,0
2024-04-30,Flipkart,Sports & Fitness,False,Normal Day,23,23,14.7,22220.51,0
2024-05-01,Amazon,Electronics,True,Summer Sale,132,173,20.2,425486.1,6
2024-05-01,Amazon,Mobiles,True,Summer Sale,114,171,15.6,2040528.74,5
2024-05-01,Amazon,Fashion,True,Summer Sale,59,72,28.2,49217.25,3
2024-05-01,Amazon,Home & Kitchen,True,Summer Sale,69,105,19.1,123403.94,4
2024-05-01,Amazon,Beauty & Personal Care,True,Summer Sale,30,47,26.1,23492.32,2
2024-05-01,Amazon,Grocery,True,Summer Sale,30,39,20.3,13746.92,1
2024-05-01,Amazon,Books,True,Summer Sale,15,25,25.2,7396.52,0
2024-05-01,Amazon,Sports & Fitness,True,Summer Sale,27,38,23.8,31962.49,1
2024-05-01,Flipkart,Electronics,True,Summer Sale,84,121,29.5,278689.54,3
2024-05-01,Flipkart,Mobiles,True,Summer Sale,145,187,22.8,2067192.02,11
2024-05-01,Flipkart,Fashion,True,Summer Sale,55,81,22.7,59305.56,4
2024-05-01,Flipkart,Home & Kitchen,True,Summer Sale,80,119,21.8,122744.37,6
2024-05-01,Flipkart,Beauty & Personal Care,True,Summer Sale,23,37,28.6,18119.61,1
2024-05-01,Flipkart,Grocery,True,Summer Sale,21,33,26.1,10759.5,0
2024-05-01,Flipkart,Books,True,Summer Sale,20,28,17.9,8586.74,1
2024-05-01,Flipkart,Sports & Fitness,True,Summer Sale,44,56,15.1,54508.19,2
2024-05-02,Amazon,Electronics,True,Summer Sale,106,140,29.1,326080.15,8
2024-05-02,Amazon,Mobiles,True,Summer Sale,126,191,16.2,2214428.08,6
2024-05-02,Amazon,Fashion,True,Summer Sale,85,134,17.7,105967.22,3
2024-05-02,Amazon,Home & Kitchen,True,Summer Sale,57,85,24.0,91345.61,3
2024-05-02,Amazon,Beauty & Personal Care,True,Summer Sale,30,48,17.2,26161.79,1
2024-05-02,Amazon,Grocery,True,Summer Sale,31,43,26.2,13262.6,2
2024-05-02,Amazon,Books,True,Summer Sale,34,53,25.6,15223.66,1
2024-05-02,Amazon,Sports & Fitness,True,Summer Sale,43,62,20.9,54272.98,1
2024-05-02,Flipkart,Electronics,True,Summer Sale,133,179,29.6,388923.19,9
2024-05-02,Flipkart,Mobiles,True,Summer Sale,155,218,22.3,2263222.47,12
2024-05-02,Flipkart,Fashion,True,Summer Sale,80,122,27.5,84316.02,4
2024-05-02,Flipkart,Home & Kitchen,True,Summer Sale,67,92,25.2,97380.52,3
2024-05-02,Flipkart,Beauty & Personal Care,True,Summer Sale,31,44,29.9,19409.86,2
2024-05-02,Flipkart,Grocery,True,Summer Sale,24,28,28.6,8522.88,1
2024-05-02,Flipkart,Books,True,Summer Sale,18,25,20.4,8125.74,0
2024-05-02,Flipkart,Sports & Fitness,True,Summer Sale,41,60,16.2,58261.03,3
2024-05-03,Amazon,Electronics,True,Summer Sale,109,136,24.6,307595.38,4
2024-05-03,Amazon,Mobiles,True,Summer Sale,145,194,28.8,2115310.34,8
2024-05-03,Amazon,Fashion,True,Summer Sale,54,65,25.3,50335.83,3
2024-05-03,Amazon,Home & Kitchen,True,Summer Sale,74,91,25.1,94426.69,5
2024-05-03,Amazon,Beauty & Personal Care,True,Summer Sale,44,75,22.2,39031.3,3
2024-05-03,Amazon,Grocery,True,Summer Sale,19,22,28.9,6873.77,1
2024-05-03,Amazon,Books,True,Summer Sale,17,25,25.3,7016.91,1
2024-05-03,Amazon,Sports & Fitness,True,Summer Sale,46,72,21.4,62919.02,2
2024-05-03,Flipkart,Electronics,True,Summer Sale,104,130,19.5,333469.92,5
2024-05-03,Flipkart,Mobiles,True,Summer Sale,139,196,28.5,2102888.81,8
2024-05-03,Flipkart,Fashion,True,Summer Sale,89,148,26.6,103981.71,5
2024-05-03,Flipkart,Home & Kitchen,True,Summer Sale,79,132,19.6,150321.18,4
2024-05-03,Flipkart,Beauty & Personal Care,True,Summer Sale,27,27,29.6,12185.03,1
2024-05-03,Flipkart,Grocery,True,Summer Sale,31,43,16.6,15662.23,1
2024-05-03,Flipkart,Books,True,Summer Sale,20,30,26.6,8524.3,1
2024-05-03,Flipkart,Sports & Fitness,True,Summer Sale,58,82,29.2,61168.98,2
2024-05-04,Amazon,Electronics,True,Summer Sale,108,150,15.8,419966.6,6
2024-05-04,Amazon,Mobiles,True,Summer Sale,181,266,27.1,2947905.2,8
2024-05-04,Amazon,Fashion,True,Summer Sale,83,119,19.8,88894.89,4
2024-05-04,Amazon,Home & Kitchen,True,Summer Sale,78,105,23.4,117019.69,4
2024-05-04,Amazon,Beauty & Personal Care,True,Summer Sale,38,63,26.4,28795.6,2
2024-05-04,Amazon,Grocery,True,Summer Sale,22,33,17.5,10999.88,1
2024-05-04,Amazon,Books,True,Summer Sale,42,55,26.2,15069.18,2
2024-05-04,Amazon,Sports & Fitness,True,Summer Sale,66,91,23.7,74640.32,4
2024-05-04,Flipkart,Electronics,True,Summer Sale,138,215,24.4,515528.42,10
2024-05-04,Flipkart,Mobiles,True,Summer Sale,146,164,26.7,1756868.98,8
2024-05-04,Flipkart,Fashion,True,Summer Sale,108,165,18.2,126105.59,8
2024-05-04,Flipkart,Home & Kitchen,True,Summer Sale,71,98,26.8,97838.87,5
2024-05-04,Flipkart,Beauty & Personal Care,True,Summer Sale,45,60,28.9,28435.13,3
2024-05-04,Flipkart,Grocery,True,Summer Sale,34,42,29.2,12348.33,2
2024-05-04,Flipkart,Books,True,Summer Sale,15,25,27.6,7116.94,1
2024-05-04,Flipkart,Sports & Fitness,True,Summer Sale,41,53,29.0,42268.26,1
2024-05-05,Amazon,Electronics,True,Summer Sale,146,171,24.5,425151.58,8
2024-05-05,Amazon,Mobiles,True,Summer Sale,147,239,22.5,2622044.83,12
2024-05-05,Amazon,Fashion,True,Summer Sale,103,149,17.2,115406.8,7
2024-05-05,Amazon,Home & Kitchen,True,Summer Sale,88,141,21.8,151920.62,6
2024-05-05,Amazon,Beauty & Personal Care,True,Summer Sale,36,57,16.3,30643.94,2
2024-05-05,Amazon,Grocery,True,Summer Sale,28,35,16.5,13181.22,2
2024-05-05,Amazon,Books,True,Summer Sale,20,29,19.6,9034.93,1
2024-05-05,Amazon,Sports & Fitness,True,Summer Sale,46,69,27.7,51012.23,2
2024-05-05,Flipkart,Electronics,True,Summer Sale,117,169,27.9,410026.21,5
2024-05-05,Flipkart,Mobiles,True,Summer Sale,152,229,28.4,2468806.38,11
2024-05-05,Flipkart,Fashion,True,Summer Sale,92,128,17.6,102511.7,6
2024-05-05,Flipkart,Home & Kitchen,True,Summer Sale,71,115,16.9,137038.58,4
2024-05-05,Flipkart,Beauty & Personal Care,True,Summer Sale,41,65,21.5,32590.37,3
2024-05-05,Flipkart,Grocery,True,Summer Sale,30,41,24.5,12677.58,1
2024-05-05,Flipkart,Books,True,Summer Sale,26,28,24.2,8176.77,1
2024-05-05,Flipkart,Sports & Fitness,True,Summer Sale,56,74,20.1,66534.23,2
2024-05-06,Amazon,Electronics,True,Summer Sale,95,120,27.0,287227.75,5
2024-05-06,Amazon,Mobiles,True,Summer Sale,124,156,15.6,1886079.69,7
2024-05-06,Amazon,Fashion,True,Summer Sale,67,102,25.2,73103.23,5
2024-05-06,Amazon,Home & Kitchen,True,Summer Sale,55,56,26.7,55725.62,2
2024-05-06,Amazon,Beauty & Personal Care,True,Summer Sale,42,59,27.7,27139.01,2
2024-05-06,Amazon,Grocery,True,Summer Sale,38,49,16.9,17109.59,2
2024-05-06,Amazon,Books,True,Summer Sale,16,24,25.2,6938.97,1
2024-05-06,Amazon,Sports & Fitness,True,Summer Sale,37,48,18.5,43644.12,2
2024-05-06,Flipkart,Electronics,True,Summer Sale,105,134,27.3,321554.16,8
2024-05-06,Flipkart,Mobiles,True,Summer Sale,121,194,20.3,2208538.09,8
2024-05-06,Flipkart,Fashion,True,Summer Sale,66,71,27.2,49571.97,3
2024-05-06,Flipkart,Home & Kitchen,True,Summer Sale,69,95,23.1,99662.75,4
2024-05-06,Flipkart,Beauty & Personal Care,True,Summer Sale,37,53,24.2,25188.21,2
2024-05-06,Flipkart,Grocery,True,Summer Sale,35,48,26.2,14583.48,2
2024-05-06,Flipkart,Books,True,Summer Sale,16,23,17.6,7459.76,0
2024-05-06,Flipkart,Sports & Fitness,True,Summer Sale,53,70,21.1,59800.44,4
2024-05-07,Amazon,Electronics,True,Summer Sale,84,101,26.4,236061.21,4
2024-05-07,Amazon,Mobiles,True,Summer Sale,109,130,22.1,1470185.32,4
2024-05-07,Amazon,Fashion,True,Summer Sale,73,99,24.4,71760.31,6
2024-05-07,Amazon,Home & Kitchen,True,Summer Sale,70,101,19.7,118649.84,5
2024-05-07,Amazon,Beauty & Personal Care,True,Summer Sale,36,51,27.8,24364.95,1
2024-05-07,Amazon,Grocery,True,Summer Sale,33,47,26.1,14900.51,1
2024-05-07,Amazon,Books,True,Summer Sale,13,14,17.9,4319.59,1
2024-05-07,Amazon,Sports & Fitness,True,Summer Sale,60,83,17.0,76815.6,3
2024-05-07,Flipkart,Electronics,True,Summer Sale,91,136,26.3,333919.35,4
2024-05-07,Flipkart,Mobiles,True,Summer Sale,131,210,27.9,2232091.34,7
2024-05-07,Flipkart,Fashion,True,Summer Sale,80,91,21.1,68446.99,5
2024-05-07,Flipkart,Home & Kitchen,True,Summer Sale,52,76,26.3,79339.17,3
2024-05-07,Flipkart,Beauty & Personal Care,True,Summer Sale,46,71,22.3,35594.64,2
2024-05-07,Flipkart,Grocery,True,Summer Sale,26,37,21.4,12456.27,1
2024-05-07,Flipkart,Books,True,Summer Sale,18,23,25.2,6782.62,1
2024-05-07,Flipkart,Sports & Fitness,True,Summer Sale,31,36,29.1,28923.09,2
2024-05-08,Amazon,Electronics,True,Summer Sale,108,152,20.4,389368.41,7
2024-05-08,Amazon,Mobiles,True,Summer Sale,150,180,17.8,2157028.39,8
2024-05-08,Amazon,Fashion,True,Summer Sale,71,104,21.5,76955.71,3
2024-05-08,Amazon,Home & Kitchen,True,Summer Sale,84,122,17.0,145329.53,5
2024-05-08,Amazon,Beauty & Personal Care,True,Summer Sale,33,43,16.1,25003.14,2
2024-05-08,Amazon,Grocery,True,Summer Sale,25,28,23.3,9272.63,1
2024-05-08,Amazon,Books,True,Summer Sale,25,37,28.8,10578.57,2
2024-05-08,Amazon,Sports & Fitness,True,Summer Sale,29,44,21.5,38335.86,2
2024-05-08,Flipkart,Electronics,True,Summer Sale,115,181,27.7,427921.15,9
2024-05-08,Flipkart,Mobiles,True,Summer Sale,128,143,24.1,1572191.35,11
2024-05-08,Flipkart,Fashion,True,Summer Sale,88,132,19.3,95158.54,6
2024-05-08,Flipkart,Home & Kitchen,True,Summer Sale,71,107,18.0,124932.45,6
2024-05-08,Flipkart,Beauty & Personal Care,True,Summer Sale,36,48,18.9,26376.05,3
2024-05-08,Flipkart,Grocery,True,Summer Sale,22,27,20.8,9314.05,1
2024-05-08,Flipkart,Books,True,Summer Sale,20,26,15.8,7726.29,1
2024-05-08,Flipkart,Sports & Fitness,True,Summer Sale,58,85,28.0,65378.7,3
2024-05-09,Amazon,Electronics,False,Normal Day,52,54,7.8,164570.35,2
2024-05-09,Amazon,Mobiles,False,Normal Day,73,82,10.1,1119943.76,1
2024-05-09,Amazon,Fashion,False,Normal Day,37,45,11.2,39470.64,1
2024-05-09,Amazon,Home & Kitchen,False,Normal Day,34,34,5.4,46567.13,1
2024-05-09,Amazon,Beauty & Personal Care,False,Normal Day,11,13,6.1,8161.13,0
2024-05-09,Amazon,Grocery,False,Normal Day,22,28,14.1,10199.77,1
2024-05-09,Amazon,Books,False,Normal Day,11,12,13.7,4347.03,0
2024-05-09,Amazon,Sports & Fitness,False,Normal Day,37,37,12.7,35183.82,2
2024-05-09,Flipkart,Electronics,False,Normal Day,52,61,8.8,178010.34,1
2024-05-09,Flipkart,Mobiles,False,Normal Day,97,107,11.1,1430181.51,5
2024-05-09,Flipkart,Fashion,False,Normal Day,47,53,11.3,46511.9,1
2024-05-09,Flipkart,Home & Kitchen,False,Normal Day,55,69,5.0,98611.52,2
2024-05-09,Flipkart,Beauty & Personal Care,False,Normal Day,28,31,11.8,18059.68,1
2024-05-09,Flipkart,Grocery,False,Normal Day,20,22,9.4,8509.67,0
2024-05-09,Flipkart,Books,False,Normal Day,13,15,6.6,5542.58,0
2024-05-09,Flipkart,Sports & Fitness,False,Normal Day,35,43,6.4,43051.84,2
2024-05-10,Amazon,Electronics,False,Normal Day,60,75,7.7,218506.28,3
2024-05-10,Amazon,Mobiles,False,Normal Day,80,109,9.5,1408051.7,1
2024-05-10,Amazon,Fashion,False,Normal Day,51,51,14.0,44642.75,1
2024-05-10,Amazon,Home & Kitchen,False,Normal Day,40,43,13.5,53045.61,0
2024-05-10,Amazon,Beauty & Personal Care,False,Normal Day,26,29,12.4,16896.91,1
2024-05-10,Amazon,Grocery,False,Normal Day,19,19,12.4,6981.24,0
2024-05-10,Amazon,Books,False,Normal Day,8,10,13.3,3242.8,0
2024-05-10,Amazon,Sports & Fitness,False,Normal Day,23,32,5.2,33281.87,0
2024-05-10,Flipkart,Electronics,False,Normal Day,62,87,14.1,248240.95,1
2024-05-10,Flipkart,Mobiles,False,Normal Day,77,90,13.0,1125982.93,1
2024-05-10,Flipkart,Fashion,False,Normal Day,39,47,7.5,43155.46,2
2024-05-10,Flipkart,Home & Kitchen,False,Normal Day,45,58,5.2,78170.07,2
2024-05-10,Flipkart,Beauty & Personal Care,False,Normal Day,26,26,14.2,14960.3,1
2024-05-10,Flipkart,Grocery,False,Normal Day,18,24,14.2,8836.1,0
2024-05-10,Flipkart,Books,False,Normal Day,14,16,13.7,5569.61,0
2024-05-10,Flipkart,Sports & Fitness,False,Normal Day,14,17,7.3,16812.96,0
2024-05-11,Amazon,Electronics,False,Normal Day,78,103,9.4,293146.5,3
2024-05-11,Amazon,Mobiles,False,Normal Day,95,124,6.4,1642924.42,4
2024-05-11,Amazon,Fashion,False,Normal Day,36,36,10.5,31309.56,0
2024-05-11,Amazon,Home & Kitchen,False,Normal Day,36,36,12.7,45466.97,1
2024-05-11,Amazon,Beauty & Personal Care,False,Normal Day,26,29,7.7,18089.81,0
2024-05-11,Amazon,Grocery,False,Normal Day,14,15,8.5,5764.11,0
2024-05-11,Amazon,Books,False,Normal Day,15,17,11.2,5732.43,0
2024-05-11,Amazon,Sports & Fitness,False,Normal Day,31,43,9.1,41694.34,1
2024-05-11,Flipkart,Electronics,False,Normal Day,81,82,12.6,239778.11,3
2024-05-11,Flipkart,Mobiles,False,Normal Day,84,84,14.0,1063909.2,2
2024-05-11,Flipkart,Fashion,False,Normal Day,31,36,10.1,32740.73,1
2024-05-11,Flipkart,Home & Kitchen,False,Normal Day,50,55,5.7,76981.9,2
2024-05-11,Flipkart,Beauty & Personal Care,False,Normal Day,28,30,14.4,16424.75,0
2024-05-11,Flipkart,Grocery,False,Normal Day,13,17,11.9,6539.39,0
2024-05-11,Flipkart,Books,False,Normal Day,16,16,12.8,5769.5,0
2024-05-11,Flipkart,Sports & Fitness,False,Normal Day,31,40,11.1,39652.78,1
2024-05-12,Amazon,Electronics,False,Normal Day,65,75,13.7,209802.33,1
2024-05-12,Amazon,Mobiles,False,Normal Day,94,105,10.9,1370129.98,3
2024-05-12,Amazon,Fashion,False,Normal Day,48,51,5.8,48657.41,1
2024-05-12,Amazon,Home & Kitchen,False,Normal Day,35,39,7.1,49981.55,1
2024-05-12,Amazon,Beauty & Personal Care,False,Normal Day,19,21,11.6,12122.36,1
2024-05-12,Amazon,Grocery,False,Normal Day,16,18,9.3,6799.62,0
2024-05-12,Amazon,Books,False,Normal Day,10,11,11.0,3886.58,0
2024-05-12,Amazon,Sports & Fitness,False,Normal Day,23,27,13.0,26487.82,0
2024-05-12,Flipkart,Electronics,False,Normal Day,74,98,12.5,266026.57,1
2024-05-12,Flipkart,Mobiles,False,Normal Day,73,87,6.0,1148534.95,4
2024-05-12,Flipkart,Fashion,False,Normal Day,50,50,6.3,47089.24,1
2024-05-12,Flipkart,Home & Kitchen,False,Normal Day,28,28,8.0,35615.73,1
2024-05-12,Flipkart,Beauty & Personal Care,False,Normal Day,19,20,8.0,13234.96,0
2024-05-12,Flipkart,Grocery,False,Normal Day,16,17,13.7,6016.27,0
2024-05-12,Flipkart,Books,False,Normal Day,13,14,14.1,4783.89,0
2024-05-12,Flipkart,Sports & Fitness,False,Normal Day,32,32,7.1,31640.62,0
2024-05-13,Amazon,Electronics,False,Normal Day,75,100,15.0,289317.77,2
2024-05-13,Amazon,Mobiles,False,Normal Day,80,80,12.5,1022962.34,2
2024-05-13,Amazon,Fashion,False,Normal Day,42,53,13.9,43878.63,1
2024-05-13,Amazon,Home & Kitchen,False,Normal Day,47,47,7.0,62275.26,2
2024-05-13,Amazon,Beauty & Personal Care,False,Normal Day,19,21,8.2,12322.97,0
2024-05-13,Amazon,Grocery,False,Normal Day,15,17,10.1,6435.18,0
2024-05-13,Amazon,Books,False,Normal Day,13,16,7.0,5734.41,0
2024-05-13,Amazon,Sports & Fitness,False,Normal Day,18,18,5.4,19005.27,0
2024-05-13,Flipkart,Electronics,False,Normal Day,56,65,6.3,195604.92,2
2024-05-13,Flipkart,Mobiles,False,Normal Day,54,54,5.9,754891.18,2
2024-05-13,Flipkart,Fashion,False,Normal Day,37,44,11.1,38977.91,1
2024-05-13,Flipkart,Home & Kitchen,False,Normal Day,57,58,5.7,74593.95,1
2024-05-13,Flipkart,Beauty & Personal Care,False,Normal Day,19,19,10.4,11672.35,1
2024-05-13,Flipkart,Grocery,False,Normal Day,14,17,5.5,6751.25,0
2024-05-13,Flipkart,Books,False,Normal Day,15,19,14.1,6263.75,0
2024-05-13,Flipkart,Sports & Fitness,False,Normal Day,30,46,14.1,44000.58,1
2024-05-14,Amazon,Electronics,False,Normal Day,55,59,13.0,165881.16,3
2024-05-14,Amazon,Mobiles,False,Normal Day,90,125,9.3,1695171.68,3
2024-05-14,Amazon,Fashion,False,Normal Day,29,34,12.8,29277.15,1
2024-05-14,Amazon,Home & Kitchen,False,Normal Day,36,37,11.2,47049.38,1
2024-05-14,Amazon,Beauty & Personal Care,False,Normal Day,15,17,9.5,10125.31,0
2024-05-14,Amazon,Grocery,False,Normal Day,18,19,7.9,7661.26,0
2024-05-14,Amazon,Books,False,Normal Day,16,17,8.3,6230.21,0
2024-05-14,Amazon,Sports & Fitness,False,Normal Day,29,29,10.5,28580.76,1
2024-05-14,Flipkart,Electronics,False,Normal Day,65,69,10.8,192121.51,2
2024-05-14,Flipkart,Mobiles,False,Normal Day,54,71,12.0,980774.88,1
2024-05-14,Flipkart,Fashion,False,Normal Day,39,43,10.9,37698.6,1
2024-05-14,Flipkart,Home & Kitchen,False,Normal Day,31,38,5.4,51477.41,1
2024-05-14,Flipkart,Beauty & Personal Care,False,Normal Day,29,31,8.6,18057.65,1
2024-05-14,Flipkart,Grocery,False,Normal Day,14,14,11.4,5277.24,0
2024-05-14,Flipkart,Books,False,Normal Day,16,16,8.2,6116.2,0
2024-05-14,Flipkart,Sports & Fitness,False,Normal Day,23,30,13.7,28748.54,1
2024-05-15,Amazon,Electronics,False,Normal Day,83,106,7.3,301331.43,1
2024-05-15,Amazon,Mobiles,False,Normal Day,83,83,10.9,1086177.94,4
2024-05-15,Amazon,Fashion,False,Normal Day,59,62,8.1,53167.84,2
2024-05-15,Amazon,Home & Kitchen,False,Normal Day,41,50,9.2,63619.27,1
2024-05-15,Amazon,Beauty & Personal Care,False,Normal Day,19,24,8.4,14838.7,0
2024-05-15,Amazon,Grocery,False,Normal Day,22,23,11.1,8791.85,0
2024-05-15,Amazon,Books,False,Normal Day,13,14,12.2,4903.19,0
2024-05-15,Amazon,Sports & Fitness,False,Normal Day,23,29,11.3,29674.79,0
2024-05-15,Flipkart,Electronics,False,Normal Day,58,59,14.8,160937.41,1
2024-05-15,Flipkart,Mobiles,False,Normal Day,59,66,13.8,807992.06,2
2024-05-15,Flipkart,Fashion,False,Normal Day,56,63,12.0,52578.67,2
2024-05-15,Flipkart,Home & Kitchen,False,Normal Day,40,40,5.1,53964.77,0
2024-05-15,Flipkart,Beauty & Personal Care,False,Normal Day,16,22,10.4,12469.92,0
2024-05-15,Flipkart,Grocery,False,Normal Day,22,22,8.6,8267.64,0
2024-05-15,Flipkart,Books,False,Normal Day,13,13,9.3,4543.1,0
2024-05-15,Flipkart,Sports & Fitness,False,Normal Day,19,19,11.4,19080.19,0
2024-05-16,Amazon,Electronics,False,Normal Day,80,80,10.8,230984.63,3
2024-05-16,Amazon,Mobiles,False,Normal Day,80,116,10.1,1539673.96,3
2024-05-16,Amazon,Fashion,False,Normal Day,57,62,14.1,48241.46,3
2024-05-16,Amazon,Home & Kitchen,False,Normal Day,33,36,5.8,46738.63,0
2024-05-16,Amazon,Beauty & Personal Care,False,Normal Day,15,15,5.8,9572.94,0
2024-05-16,Amazon,Grocery,False,Normal Day,15,15,13.4,5367.19,0
2024-05-16,Amazon,Books,False,Normal Day,16,20,11.3,6784.52,0
2024-05-16,Amazon,Sports & Fitness,False,Normal Day,22,33,7.2,33005.54,1
2024-05-16,Flipkart,Electronics,False,Normal Day,87,98,11.8,269413.97,3
2024-05-16,Flipkart,Mobiles,False,Normal Day,77,103,7.3,1385668.68,3
2024-05-16,Flipkart,Fashion,False,Normal Day,50,57,7.7,48523.66,2
2024-05-16,Flipkart,Home & Kitchen,False,Normal Day,32,39,12.2,49070.09,0
2024-05-16,Flipkart,Beauty & Personal Care,False,Normal Day,27,33,11.6,20601.76,0
2024-05-16,Flipkart,Grocery,False,Normal Day,21,22,14.1,8002.49,0
2024-05-16,Flipkart,Books,False,Normal Day,14,14,13.8,4872.54,0
2024-05-16,Flipkart,Sports & Fitness,False,Normal Day,27,36,6.7,37447.1,1
2024-05-17,Amazon,Electronics,False,Normal Day,64,72,10.5,201446.61,2
2024-05-17,Amazon,Mobiles,False,Normal Day,65,73,10.8,1003111.57,3
2024-05-17,Amazon,Fashion,False,Normal Day,38,43,11.9,35419.59,1
2024-05-17,Amazon,Home & Kitchen,False,Normal Day,33,33,12.9,41740.03,1
2024-05-17,Amazon,Beauty & Personal Care,False,Normal Day,12,15,11.1,8987.37,0
2024-05-17,Amazon,Grocery,False,Normal Day,18,18,7.6,7099.64,0
2024-05-17,Amazon,Books,False,Normal Day,9,10,7.8,3713.16,0
2024-05-17,Amazon,Sports & Fitness,False,Normal Day,26,30,7.1,32513.46,1
2024-05-17,Flipkart,Electronics,False,Normal Day,66,77,10.0,230191.66,2
2024-05-17,Flipkart,Mobiles,False,Normal Day,92,98,7.4,1313721.47,5
2024-05-17,Flipkart,Fashion,False,Normal Day,27,28,7.5,25656.22,0
2024-05-17,Flipkart,Home & Kitchen,False,Normal Day,38,43,8.1,54743.08,1
2024-05-17,Flipkart,Beauty & Personal Care,False,Normal Day,16,21,14.3,11001.77,0
2024-05-17,Flipkart,Grocery,False,Normal Day,16,17,8.7,6382.08,0
2024-05-17,Flipkart,Books,False,Normal Day,6,6,14.7,2058.62,0
2024-05-17,Flipkart,Sports & Fitness,False,Normal Day,26,26,9.6,24957.98,0
2024-05-18,Amazon,Electronics,False,Normal Day,57,57,10.1,161624.89,1
2024-05-18,Amazon,Mobiles,False,Normal Day,72,96,6.8,1267340.02,2
2024-05-18,Amazon,Fashion,False,Normal Day,55,67,7.5,59765.39,1
2024-05-18,Amazon,Home & Kitchen,False,Normal Day,35,42,8.8,53080.86,0
2024-05-18,Amazon,Beauty & Personal Care,False,Normal Day,30,37,11.4,20694.47,0
2024-05-18,Amazon,Grocery,False,Normal Day,21,26,9.9,9850.05,0
2024-05-18,Amazon,Books,False,Normal Day,12,12,13.6,4032.94,0
2024-05-18,Amazon,Sports & Fitness,False,Normal Day,23,24,9.6,25392.61,0
2024-05-18,Flipkart,Electronics,False,Normal Day,76,82,6.8,236351.57,3
2024-05-18,Flipkart,Mobiles,False,Normal Day,84,106,14.6,1293737.34,2
2024-05-18,Flipkart,Fashion,False,Normal Day,43,51,6.8,44878.09,2
2024-05-18,Flipkart,Home & Kitchen,False,Normal Day,35,38,5.6,49675.11,2
2024-05-18,Flipkart,Beauty & Personal Care,False,Normal Day,19,22,5.4,13124.5,0
2024-05-18,Flipkart,Grocery,False,Normal Day,17,19,11.7,7341.55,0
2024-05-18,Flipkart,Books,False,Normal Day,12,14,11.5,5028.49,0
2024-05-18,Flipkart,Sports & Fitness,False,Normal Day,23,26,9.0,28570.95,0
2024-05-19,Amazon,Electronics,False,Normal Day,69,77,5.8,244459.98,1
2024-05-19,Amazon,Mobiles,False,Normal Day,94,95,9.5,1306972.16,3
2024-05-19,Amazon,Fashion,False,Normal Day,59,87,6.2,77939.47,3
2024-05-19,Amazon,Home & Kitchen,False,Normal Day,60,76,13.5,92836.55,3
2024-05-19,Amazon,Beauty & Personal Care,False,Normal Day,34,37,7.6,24043.92,1
2024-05-19,Amazon,Grocery,False,Normal Day,13,14,6.6,5574.64,0
2024-05-19,Amazon,Books,False,Normal Day,15,15,10.8,5212.78,0
2024-05-19,Amazon,Sports & Fitness,False,Normal Day,47,56,9.8,55109.11,1
2024-05-19,Flipkart,Electronics,False,Normal Day,72,102,9.0,311430.8,1
2024-05-19,Flipkart,Mobiles,False,Normal Day,87,91,8.6,1264057.26,4
2024-05-19,Flipkart,Fashion,False,Normal Day,47,59,5.7,55471.88,1
2024-05-19,Flipkart,Home & Kitchen,False,Normal Day,43,48,6.3,65480.46,1
2024-05-19,Flipkart,Beauty & Personal Care,False,Normal Day,31,37,7.1,22281.11,0
2024-05-19,Flipkart,Grocery,False,Normal Day,19,22,10.1,8235.21,0
2024-05-19,Flipkart,Books,False,Normal Day,13,13,9.4,4315.72,0
2024-05-19,Flipkart,Sports & Fitness,False,Normal Day,26,26,11.4,24904.96,1
2024-05-20,Amazon,Electronics,False,Normal Day,52,60,13.8,168228.98,2
2024-05-20,Amazon,Mobiles,False,Normal Day,50,55,8.4,719077.76,1
2024-05-20,Amazon,Fashion,False,Normal Day,28,30,5.3,28506.56,1
2024-05-20,Amazon,Home & Kitchen,False,Normal Day,25,25,13.0,31867.21,0
2024-05-20,Amazon,Beauty & Personal Care,False,Normal Day,32,33,14.4,18633.18,1
2024-05-20,Amazon,Grocery,False,Normal Day,14,14,8.1,5305.45,0
2024-05-20,Amazon,Books,False,Normal Day,9,9,7.0,3539.03,0
2024-05-20,Amazon,Sports & Fitness,False,Normal Day,27,27,5.1,28688.37,1
2024-05-20,Flipkart,Electronics,False,Normal Day,68,93,11.8,258729.2,1
2024-05-20,Flipkart,Mobiles,False,Normal Day,99,120,6.3,1583663.97,2
2024-05-20,Flipkart,Fashion,False,Normal Day,49,62,5.9,58221.77,1
2024-05-20,Flipkart,Home & Kitchen,False,Normal Day,43,55,6.7,73252.82,2
2024-05-20,Flipkart,Beauty & Personal Care,False,Normal Day,16,17,9.2,10571.17,0
2024-05-20,Flipkart,Grocery,False,Normal Day,22,24,7.4,9684.52,1
2024-05-20,Flipkart,Books,False,Normal Day,12,15,12.7,5070.14,0
2024-05-20,Flipkart,Sports & Fitness,False,Normal Day,20,21,10.7,20358.04,0
2024-05-21,Amazon,Electronics,False,Normal Day,56,71,11.7,208051.64,1
2024-05-21,Amazon,Mobiles,False,Normal Day,56,57,5.6,805982.04,3
2024-05-21,Amazon,Fashion,False,Normal Day,43,47,9.0,41700.51,2
2024-05-21,Amazon,Home & Kitchen,False,Normal Day,40,45,10.1,57215.56,1
2024-05-21,Amazon,Beauty & Personal Care,False,Normal Day,23,26,10.2,15738.8,1
2024-05-21,Amazon,Grocery,False,Normal Day,15,17,11.5,6731.61,0
2024-05-21,Amazon,Books,False,Normal Day,12,14,10.1,4471.15,0
2024-05-21,Amazon,Sports & Fitness,False,Normal Day,30,30,9.5,29440.08,1
2024-05-21,Flipkart,Electronics,False,Normal Day,66,72,12.8,192401.43,3
2024-05-21,Flipkart,Mobiles,False,Normal Day,82,95,9.8,1268777.61,4
2024-05-21,Flipkart,Fashion,False,Normal Day,52,67,10.9,59174.92,2
2024-05-21,Flipkart,Home & Kitchen,False,Normal Day,23,27,6.5,37587.46,1
2024-05-21,Flipkart,Beauty & Personal Care,False,Normal Day,22,27,14.0,15531.57,1
2024-05-21,Flipkart,Grocery,False,Normal Day,18,25,9.6,9896.98,0
2024-05-21,Flipkart,Books,False,Normal Day,16,19,11.6,6489.0,0
2024-05-21,Flipkart,Sports & Fitness,False,Normal Day,39,46,10.3,44448.18,2
2024-05-22,Amazon,Electronics,False,Normal Day,73,91,14.8,250574.57,3
2024-05-22,Amazon,Mobiles,False,Normal Day,71,93,7.7,1251298.66,2
2024-05-22,Amazon,Fashion,False,Normal Day,51,51,11.5,41395.67,2
2024-05-22,Amazon,Home & Kitchen,False,Normal Day,31,31,8.9,37356.06,1
2024-05-22,Amazon,Beauty & Personal Care,False,Normal Day,16,17,9.6,10425.18,0
2024-05-22,Amazon,Grocery,False,Normal Day,8,8,5.3,3640.14,0
2024-05-22,Amazon,Books,False,Normal Day,13,14,12.1,4855.18,0
2024-05-22,Amazon,Sports & Fitness,False,Normal Day,21,23,7.0,22938.93,1
2024-05-22,Flipkart,Electronics,False,Normal Day,39,49,7.5,142117.81,1
2024-05-22,Flipkart,Mobiles,False,Normal Day,69,75,9.7,1017563.32,1
2024-05-22,Flipkart,Fashion,False,Normal Day,50,54,12.1,44145.28,2
2024-05-22,Flipkart,Home & Kitchen,False,Normal Day,40,50,5.7,62720.8,1
2024-05-22,Flipkart,Beauty & Personal Care,False,Normal Day,25,25,8.1,15059.16,1
2024-05-22,Flipkart,Grocery,False,Normal Day,33,42,7.5,16295.76,1
2024-05-22,Flipkart,Books,False,Normal Day,18,22,13.6,7571.13,0
2024-05-22,Flipkart,Sports & Fitness,False,Normal Day,26,32,10.2,32199.82,0
2024-05-23,Amazon,Electronics,False,Normal Day,65,77,7.4,224068.61,1
2024-05-23,Amazon,Mobiles,False,Normal Day,88,88,14.4,1115159.48,2
2024-05-23,Amazon,Fashion,False,Normal Day,46,53,13.1,45175.38,1
2024-05-23,Amazon,Home & Kitchen,False,Normal Day,37,37,11.0,47331.33,1
2024-05-23,Amazon,Beauty & Personal Care,False,Normal Day,20,22,7.7,13471.27,0
2024-05-23,Amazon,Grocery,False,Normal Day,20,24,10.3,9465.53,0
2024-05-23,Amazon,Books,False,Normal Day,15,18,14.5,6074.72,0
2024-05-23,Amazon,Sports & Fitness,False,Normal Day,23,27,13.0,24567.42,0
2024-05-23,Flipkart,Electronics,False,Normal Day,70,85,13.8,238833.16,1
2024-05-23,Flipkart,Mobiles,False,Normal Day,61,68,13.9,849114.67,1
2024-05-23,Flipkart,Fashion,False,Normal Day,40,43,14.9,36555.4,2
2024-05-23,Flipkart,Home & Kitchen,False,Normal Day,44,54,6.3,70299.5,1
2024-05-23,Flipkart,Beauty & Personal Care,False,Normal Day,21,21,5.8,12707.77,0
2024-05-23,Flipkart,Grocery,False,Normal Day,19,28,10.3,10459.96,0
2024-05-23,Flipkart,Books,False,Normal Day,13,16,10.2,5508.0,0
2024-05-23,Flipkart,Sports & Fitness,False,Normal Day,27,36,5.8,39302.26,1
2024-05-24,Amazon,Electronics,False,Normal Day,61,61,5.5,186098.68,3
2024-05-24,Amazon,Mobiles,False,Normal Day,85,100,6.6,1296093.63,2
2024-05-24,Amazon,Fashion,False,Normal Day,45,56,7.0,50796.73,1
2024-05-24,Amazon,Home & Kitchen,False,Normal Day,34,42,9.4,54059.27,0
2024-05-24,Amazon,Beauty & Personal Care,False,Normal Day,23,26,11.1,14796.35,1
2024-05-24,Amazon,Grocery,False,Normal Day,21,24,9.5,9261.33,1
2024-05-24,Amazon,Books,False,Normal Day,9,11,12.8,3783.49,0
2024-05-24,Amazon,Sports & Fitness,False,Normal Day,21,28,7.9,30195.37,1
2024-05-24,Flipkart,Electronics,False,Normal Day,44,44,11.3,122194.34,1
2024-05-24,Flipkart,Mobiles,False,Normal Day,101,125,5.8,1596428.74,5
2024-05-24,Flipkart,Fashion,False,Normal Day,25,29,7.2,26260.72,1
2024-05-24,Flipkart,Home & Kitchen,False,Normal Day,22,22,13.8,25188.08,1
2024-05-24,Flipkart,Beauty & Personal Care,False,Normal Day,28,33,12.3,18901.31,1
2024-05-24,Flipkart,Grocery,False,Normal Day,14,14,11.4,5379.27,0
2024-05-24,Flipkart,Books,False,Normal Day,15,15,11.4,5129.88,0
2024-05-24,Flipkart,Sports & Fitness,False,Normal Day,33,41,11.2,38355.44,1
2024-05-25,Amazon,Electronics,False,Normal Day,68,79,6.0,243523.35,1
2024-05-25,Amazon,Mobiles,False,Normal Day,86,109,14.9,1286652.51,2
2024-05-25,Amazon,Fashion,False,Normal Day,55,64,8.5,56005.24,2
2024-05-25,Amazon,Home & Kitchen,False,Normal Day,59,67,10.1,84452.19,1
2024-05-25,Amazon,Beauty & Personal Care,False,Normal Day,16,17,5.3,10897.3,0
2024-05-25,Amazon,Grocery,False,Normal Day,29,35,7.5,13916.49,0
2024-05-25,Amazon,Books,False,Normal Day,16,16,14.1,5398.1,0
2024-05-25,Amazon,Sports & Fitness,False,Normal Day,27,33,13.5,33320.3,1
2024-05-25,Flipkart,Electronics,False,Normal Day,67,68,14.4,192259.72,1
2024-05-25,Flipkart,Mobiles,False,Normal Day,107,107,5.9,1481221.15,4
2024-05-25,Flipkart,Fashion,False,Normal Day,45,50,7.3,43756.89,2
2024-05-25,Flipkart,Home & Kitchen,False,Normal Day,48,50,14.1,60969.73,2
2024-05-25,Flipkart,Beauty & Personal Care,False,Normal Day,22,22,8.9,13739.29,0
2024-05-25,Flipkart,Grocery,False,Normal Day,22,32,6.9,13254.0,0
2024-05-25,Flipkart,Books,False,Normal Day,16,16,10.1,5702.82,0
2024-05-25,Flipkart,Sports & Fitness,False,Normal Day,32,33,7.1,32356.32,1
2024-05-26,Amazon,Electronics,False,Normal Day,87,94,9.1,290982.91,4
2024-05-26,Amazon,Mobiles,False,Normal Day,85,85,6.1,1142166.96,2
2024-05-26,Amazon,Fashion,False,Normal Day,31,35,12.2,29724.8,1
2024-05-26,Amazon,Home & Kitchen,False,Normal Day,51,63,9.9,80277.66,2
2024-05-26,Amazon,Beauty & Personal Care,False,Normal Day,29,37,5.1,23307.48,1
2024-05-26,Amazon,Grocery,False,Normal Day,22,22,11.9,8150.4,0
2024-05-26,Amazon,Books,False,Normal Day,14,16,9.0,5743.84,0
2024-05-26,Amazon,Sports & Fitness,False,Normal Day,36,39,12.6,37356.18,2
2024-05-26,Flipkart,Electronics,False,Normal Day,66,70,13.8,194297.88,1
2024-05-26,Flipkart,Mobiles,False,Normal Day,69,80,6.6,1059841.47,2
2024-05-26,Flipkart,Fashion,False,Normal Day,41,44,9.1,39630.86,1
2024-05-26,Flipkart,Home & Kitchen,False,Normal Day,46,46,9.5,58339.4,2
2024-05-26,Flipkart,Beauty & Personal Care,False,Normal Day,23,27,13.4,16687.95,0
2024-05-26,Flipkart,Grocery,False,Normal Day,11,11,9.7,4180.84,0
2024-05-26,Flipkart,Books,False,Normal Day,20,20,8.1,6700.35,0
2024-05-26,Flipkart,Sports & Fitness,False,Normal Day,32,43,6.9,44306.21,1
2024-05-27,Amazon,Electronics,False,Normal Day,65,78,6.2,242729.59,2
2024-05-27,Amazon,Mobiles,False,Normal Day,111,111,11.4,1387168.92,4
2024-05-27,Amazon,Fashion,False,Normal Day,42,49,10.6,43122.1,1
2024-05-27,Amazon,Home & Kitchen,False,Normal Day,39,42,11.9,52215.43,1
2024-05-27,Amazon,Beauty & Personal Care,False,Normal Day,21,24,13.3,14454.01,0
2024-05-27,Amazon,Grocery,False,Normal Day,10,10,12.4,3791.65,0
2024-05-27,Amazon,Books,False,Normal Day,17,18,14.7,6286.06,0
2024-05-27,Amazon,Sports & Fitness,False,Normal Day,16,16,14.9,14859.15,0
2024-05-27,Flipkart,Electronics,False,Normal Day,78,78,5.7,229755.58,4
2024-05-27,Flipkart,Mobiles,False,Normal Day,72,72,8.2,937876.6,3
2024-05-27,Flipkart,Fashion,False,Normal Day,37,47,5.2,43591.2,0
2024-05-27,Flipkart,Home & Kitchen,False,Normal Day,41,54,7.8,73502.12,1
2024-05-27,Flipkart,Beauty & Personal Care,False,Normal Day,32,39,8.6,23286.78,1
2024-05-27,Flipkart,Grocery,False,Normal Day,18,21,5.8,7961.82,0
2024-05-27,Flipkart,Books,False,Normal Day,7,9,7.6,3336.69,0
2024-05-27,Flipkart,Sports & Fitness,False,Normal Day,20,26,11.3,26728.17,0
2024-05-28,Amazon,Electronics,False,Normal Day,52,58,13.4,157437.82,1
2024-05-28,Amazon,Mobiles,False,Normal Day,48,53,5.1,719849.03,2
2024-05-28,Amazon,Fashion,False,Normal Day,43,61,13.4,50593.17,2
2024-05-28,Amazon,Home & Kitchen,False,Normal Day,34,34,11.3,42504.73,0
2024-05-28,Amazon,Beauty & Personal Care,False,Normal Day,26,30,13.3,17838.96,1
2024-05-28,Amazon,Grocery,False,Normal Day,17,17,8.0,7042.66,0
2024-05-28,Amazon,Books,False,Normal Day,12,12,6.6,4466.35,0
2024-05-28,Amazon,Sports & Fitness,False,Normal Day,34,42,11.4,41343.26,1
2024-05-28,Flipkart,Electronics,False,Normal Day,69,82,6.4,245328.97,2
2024-05-28,Flipkart,Mobiles,False,Normal Day,84,100,5.9,1361238.59,3
2024-05-28,Flipkart,Fashion,False,Normal Day,38,46,10.0,42374.69,1
2024-05-28,Flipkart,Home & Kitchen,False,Normal Day,21,24,13.2,30017.09,1
2024-05-28,Flipkart,Beauty & Personal Care,False,Normal Day,21,29,8.8,17435.4,0
2024-05-28,Flipkart,Grocery,False,Normal Day,14,14,13.6,5216.28,0
2024-05-28,Flipkart,Books,False,Normal Day,6,7,8.6,2509.94,0
2024-05-28,Flipkart,Sports & Fitness,False,Normal Day,21,26,6.7,28416.81,1
2024-05-29,Amazon,Electronics,False,Normal Day,68,84,12.4,231989.14,2
2024-05-29,Amazon,Mobiles,False,Normal Day,74,79,12.5,1041054.26,2
2024-05-29,Amazon,Fashion,False,Normal Day,48,55,7.2,48120.29,1
2024-05-29,Amazon,Home & Kitchen,False,Normal Day,41,50,12.7,61469.52,2
2024-05-29,Amazon,Beauty & Personal Care,False,Normal Day,22,25,14.9,13656.73,0
2024-05-29,Amazon,Grocery,False,Normal Day,21,23,12.1,8594.06,1
2024-05-29,Amazon,Books,False,Normal Day,7,7,11.0,2822.53,0
2024-05-29,Amazon,Sports & Fitness,False,Normal Day,28,37,12.2,37037.83,1
2024-05-29,Flipkart,Electronics,False,Normal Day,45,45,14.5,117022.87,1
2024-05-29,Flipkart,Mobiles,False,Normal Day,72,86,9.8,1111660.99,2
2024-05-29,Flipkart,Fashion,False,Normal Day,42,49,7.7,43097.06,2
2024-05-29,Flipkart,Home & Kitchen,False,Normal Day,39,42,10.1,51691.41,1
2024-05-29,Flipkart,Beauty & Personal Care,False,Normal Day,15,18,8.2,11528.38,0
2024-05-29,Flipkart,Grocery,False,Normal Day,15,18,9.1,7151.99,0
2024-05-29,Flipkart,Books,False,Normal Day,6,7,10.1,2582.24,0
2024-05-29,Flipkart,Sports & Fitness,False,Normal Day,27,39,12.7,39250.51,1
2024-05-30,Amazon,Electronics,False,Normal Day,74,94,13.9,266274.57,3
2024-05-30,Amazon,Mobiles,False,Normal Day,71,77,12.7,1032046.56,2
2024-05-30,Amazon,Fashion,False,Normal Day,28,31,13.9,25283.24,0
2024-05-30,Amazon,Home & Kitchen,False,Normal Day,23,23,12.8,29797.03,1
2024-05-30,Amazon,Beauty & Personal Care,False,Normal Day,21,26,11.1,14658.93,1
2024-05-30,Amazon,Grocery,False,Normal Day,17,20,7.2,7653.35,0
2024-05-30,Amazon,Books,False,Normal Day,9,10,9.1,3615.33,0
2024-05-30,Amazon,Sports & Fitness,False,Normal Day,27,35,13.9,32740.87,1
2024-05-30,Flipkart,Electronics,False,Normal Day,65,73,5.4,226385.13,3
2024-05-30,Flipkart,Mobiles,False,Normal Day,86,86,8.0,1224372.98,5
2024-05-30,Flipkart,Fashion,False,Normal Day,44,60,11.1,49614.09,1
2024-05-30,Flipkart,Home & Kitchen,False,Normal Day,41,46,6.3,59131.42,2
2024-05-30,Flipkart,Beauty & Personal Care,False,Normal Day,24,29,6.4,18770.51,0
2024-05-30,Flipkart,Grocery,False,Normal Day,23,24,7.7,9545.87,0
2024-05-30,Flipkart,Books,False,Normal Day,6,6,14.8,1997.96,0
2024-05-30,Flipkart,Sports & Fitness,False,Normal Day,29,29,5.9,29730.8,1
2024-05-31,Amazon,Electronics,False,Normal Day,71,75,11.3,210259.98,3
2024-05-31,Amazon,Mobiles,False,Normal Day,82,125,9.2,1670334.91,1
2024-05-31,Amazon,Fashion,False,Normal Day,47,62,7.4,55851.65,2
2024-05-31,Amazon,Home & Kitchen,False,Normal Day,37,38,5.2,49182.45,1
2024-05-31,Amazon,Beauty & Personal Care,False,Normal Day,25,25,8.7,15007.15,1
2024-05-31,Amazon,Grocery,False,Normal Day,17,18,7.4,7282.79,0
2024-05-31,Amazon,Books,False,Normal Day,9,10,9.1,3502.78,0
2024-05-31,Amazon,Sports & Fitness,False,Normal Day,18,18,13.6,16643.84,0
2024-05-31,Flipkart,Electronics,False,Normal Day,62,62,8.3,181310.4,3
2024-05-31,Flipkart,Mobiles,False,Normal Day,72,72,12.7,869019.96,1
2024-05-31,Flipkart,Fashion,False,Normal Day,43,47,8.6,40257.18,1
2024-05-31,Flipkart,Home & Kitchen,False,Normal Day,42,42,10.1,53925.56,1
2024-05-31,Flipkart,Beauty & Personal Care,False,Normal Day,20,20,12.6,11785.79,0
2024-05-31,Flipkart,Grocery,False,Normal Day,17,17,7.8,7121.39,0
2024-05-31,Flipkart,Books,False,Normal Day,11,14,8.3,4983.92,0
2024-05-31,Flipkart,Sports & Fitness,False,Normal Day,19,21,15.0,18805.4,1
2024-06-01,Amazon,Electronics,False,Normal Day,67,67,10.1,183573.53,2
2024-06-01,Amazon,Mobiles,False,Normal Day,78,83,8.2,1096315.83,2
2024-06-01,Amazon,Fashion,False,Normal Day,52,65,5.5,60780.77,1
2024-06-01,Amazon,Home & Kitchen,False,Normal Day,37,46,14.3,56976.82,1
2024-06-01,Amazon,Beauty & Personal Care,False,Normal Day,37,46,14.0,28078.15,1
2024-06-01,Amazon,Grocery,False,Normal Day,14,15,9.6,5839.35,0
2024-06-01,Amazon,Books,False,Normal Day,14,15,9.8,5460.61,0
2024-06-01,Amazon,Sports & Fitness,False,Normal Day,21,23,12.2,22899.47,0
2024-06-01,Flipkart,Electronics,False,Normal Day,76,76,6.1,222176.43,2
2024-06-01,Flipkart,Mobiles,False,Normal Day,100,106,5.1,1497314.21,4
2024-06-01,Flipkart,Fashion,False,Normal Day,55,55,13.3,44322.22,2
2024-06-01,Flipkart,Home & Kitchen,False,Normal Day,52,55,11.4,66685.57,1
2024-06-01,Flipkart,Beauty & Personal Care,False,Normal Day,24,26,10.5,15587.9,1
2024-06-01,Flipkart,Grocery,False,Normal Day,15,17,7.5,6580.35,0
2024-06-01,Flipkart,Books,False,Normal Day,18,19,5.4,6669.3,0
2024-06-01,Flipkart,Sports & Fitness,False,Normal Day,26,37,14.8,35668.93,0
2024-06-02,Amazon,Electronics,False,Normal Day,58,58,11.0,167723.91,1
2024-06-02,Amazon,Mobiles,False,Normal Day,101,103,6.8,1350649.82,4
2024-06-02,Amazon,Fashion,False,Normal Day,41,50,13.0,41659.11,1
2024-06-02,Amazon,Home & Kitchen,False,Normal Day,38,41,13.4,45298.88,2
2024-06-02,Amazon,Beauty & Personal Care,False,Normal Day,29,33,6.9,20403.35,1
2024-06-02,Amazon,Grocery,False,Normal Day,17,17,11.4,6992.75,0
2024-06-02,Amazon,Books,False,Normal Day,13,15,9.0,5344.41,0
2024-06-02,Amazon,Sports & Fitness,False,Normal Day,28,31,12.5,29170.6,0
2024-06-02,Flipkart,Electronics,False,Normal Day,58,76,9.8,211416.59,2
2024-06-02,Flipkart,Mobiles,False,Normal Day,87,90,12.2,1160918.33,3
2024-06-02,Flipkart,Fashion,False,Normal Day,40,43,6.0,37909.4,1
2024-06-02,Flipkart,Home & Kitchen,False,Normal Day,37,44,6.6,57049.94,2
2024-06-02,Flipkart,Beauty & Personal Care,False,Normal Day,21,21,9.6,12734.21,0
2024-06-02,Flipkart,Grocery,False,Normal Day,27,29,6.5,11470.41,0
2024-06-02,Flipkart,Books,False,Normal Day,12,12,10.7,4214.48,0
2024-06-02,Flipkart,Sports & Fitness,False,Normal Day,25,25,12.2,22963.06,0
2024-06-03,Amazon,Electronics,False,Normal Day,51,62,11.1,179512.02,2
2024-06-03,Amazon,Mobiles,False,Normal Day,71,78,5.7,1038517.42,2
2024-06-03,Amazon,Fashion,False,Normal Day,63,84,5.3,75891.26,1
2024-06-03,Amazon,Home & Kitchen,False,Normal Day,25,27,5.5,36585.33,1
2024-06-03,Amazon,Beauty & Personal Care,False,Normal Day,22,24,12.2,14467.2,0
2024-06-03,Amazon,Grocery,False,Normal Day,15,18,12.4,6499.89,0
2024-06-03,Amazon,Books,False,Normal Day,5,5,12.0,1775.42,0
2024-06-03,Amazon,Sports & Fitness,False,Normal Day,31,31,7.9,31853.03,0
2024-06-03,Flipkart,Electronics,False,Normal Day,76,86,5.2,252726.57,2
2024-06-03,Flipkart,Mobiles,False,Normal Day,68,93,6.9,1291309.51,2
2024-06-03,Flipkart,Fashion,False,Normal Day,37,49,12.9,40872.75,2
2024-06-03,Flipkart,Home & Kitchen,False,Normal Day,29,41,13.8,49310.11,0
2024-06-03,Flipkart,Beauty & Personal Care,False,Normal Day,36,53,7.8,31653.98,1
2024-06-03,Flipkart,Grocery,False,Normal Day,17,20,12.8,7317.44,0
2024-06-03,Flipkart,Books,False,Normal Day,11,12,11.3,4350.28,0
2024-06-03,Flipkart,Sports & Fitness,False,Normal Day,20,29,12.7,28390.56,0
2024-06-04,Amazon,Electronics,False,Normal Day,61,69,8.6,204016.44,3
2024-06-04,Amazon,Mobiles,False,Normal Day,48,50,6.2,671779.51,1
2024-06-04,Amazon,Fashion,False,Normal Day,36,42,6.9,38538.1,0
2024-06-04,Amazon,Home & Kitchen,False,Normal Day,33,36,12.4,45734.91,0
2024-06-04,Amazon,Beauty & Personal Care,False,Normal Day,27,40,11.4,23383.23,0
2024-06-04,Amazon,Grocery,False,Normal Day,12,13,12.1,5015.08,0
2024-06-04,Amazon,Books,False,Normal Day,9,10,8.3,4018.43,0
2024-06-04,Amazon,Sports & Fitness,False,Normal Day,33,33,8.8,33492.86,1
2024-06-04,Flipkart,Electronics,False,Normal Day,51,59,10.0,161000.61,1
2024-06-04,Flipkart,Mobiles,False,Normal Day,85,88,7.4,1160915.16,4
2024-06-04,Flipkart,Fashion,False,Normal Day,32,32,12.3,27735.96,1
2024-06-04,Flipkart,Home & Kitchen,False,Normal Day,36,36,12.3,45042.64,1
2024-06-04,Flipkart,Beauty & Personal Care,False,Normal Day,26,26,10.2,15471.44,1
2024-06-04,Flipkart,Grocery,False,Normal Day,16,19,8.7,7713.95,0
2024-06-04,Flipkart,Books,False,Normal Day,8,12,13.7,4071.74,0
2024-06-04,Flipkart,Sports & Fitness,False,Normal Day,28,30,13.9,28504.35,0
2024-06-05,Amazon,Electronics,False,Normal Day,64,69,13.8,196240.05,3
2024-06-05,Amazon,Mobiles,False,Normal Day,66,66,11.1,869456.04,1
2024-06-05,Amazon,Fashion,False,Normal Day,42,47,12.8,40181.55,2
2024-06-05,Amazon,Home & Kitchen,False,Normal Day,27,27,11.6,34968.53,1
2024-06-05,Amazon,Beauty & Personal Care,False,Normal Day,22,22,14.3,12271.28,1
2024-06-05,Amazon,Grocery,False,Normal Day,18,18,6.9,7160.88,0
2024-06-05,Amazon,Books,False,Normal Day,9,10,8.3,4000.39,0
2024-06-05,Amazon,Sports & Fitness,False,Normal Day,25,25,10.6,25202.92,1
2024-06-05,Flipkart,Electronics,False,Normal Day,74,96,11.9,264897.72,4
2024-06-05,Flipkart,Mobiles,False,Normal Day,96,119,5.2,1659684.12,4
2024-06-05,Flipkart,Fashion,False,Normal Day,34,35,7.3,30096.03,1
2024-06-05,Flipkart,Home & Kitchen,False,Normal Day,26,26,12.2,29813.27,1
2024-06-05,Flipkart,Beauty & Personal Care,False,Normal Day,26,34,9.7,20932.13,1
2024-06-05,Flipkart,Grocery,False,Normal Day,20,27,7.3,10813.49,0
2024-06-05,Flipkart,Books,False,Normal Day,15,15,6.7,5068.23,0
2024-06-05,Flipkart,Sports & Fitness,False,Normal Day,25,27,8.1,27532.21,1
2024-06-06,Amazon,Electronics,False,Normal Day,71,84,14.3,234005.63,2
2024-06-06,Amazon,Mobiles,False,Normal Day,70,87,7.1,1162979.12,2
2024-06-06,Amazon,Fashion,False,Normal Day,36,36,9.4,31596.93,0
2024-06-06,Amazon,Home & Kitchen,False,Normal Day,22,22,10.2,29029.44,0
2024-06-06,Amazon,Beauty & Personal Care,False,Normal Day,26,28,10.1,16130.93,0
2024-06-06,Amazon,Grocery,False,Normal Day,11,13,5.9,5299.03,0
2024-06-06,Amazon,Books,False,Normal Day,19,19,13.8,6272.25,0
2024-06-06,Amazon,Sports & Fitness,False,Normal Day,34,43,10.0,42817.88,1
2024-06-06,Flipkart,Electronics,False,Normal Day,68,89,10.0,249200.37,2
2024-06-06,Flipkart,Mobiles,False,Normal Day,109,135,14.6,1646871.09,2
2024-06-06,Flipkart,Fashion,False,Normal Day,59,59,14.1,48049.2,3
2024-06-06,Flipkart,Home & Kitchen,False,Normal Day,58,80,13.1,96789.67,3
2024-06-06,Flipkart,Beauty & Personal Care,False,Normal Day,29,32,11.0,18243.56,1
2024-06-06,Flipkart,Grocery,False,Normal Day,9,10,6.5,3811.22,0
2024-06-06,Flipkart,Books,False,Normal Day,12,13,6.7,4932.69,0
2024-06-06,Flipkart,Sports & Fitness,False,Normal Day,19,20,14.7,19734.44,1
2024-06-07,Amazon,Electronics,False,Normal Day,64,70,7.5,205440.05,3
2024-06-07,Amazon,Mobiles,False,Normal Day,62,76,9.8,985529.21,1
2024-06-07,Amazon,Fashion,False,Normal Day,38,41,12.5,34814.04,1
2024-06-07,Amazon,Home & Kitchen,False,Normal Day,31,38,14.5,46659.34,1
2024-06-07,Amazon,Beauty & Personal Care,False,Normal Day,23,28,11.1,16656.07,0
2024-06-07,Amazon,Grocery,False,Normal Day,20,27,14.9,9728.78,0
2024-06-07,Amazon,Books,False,Normal Day,14,14,9.1,5260.15,0
2024-06-07,Amazon,Sports & Fitness,False,Normal Day,29,37,8.9,38723.97,0
2024-06-07,Flipkart,Electronics,False,Normal Day,70,104,8.0,297323.87,2
2024-06-07,Flipkart,Mobiles,False,Normal Day,77,103,14.7,1267746.39,3
2024-06-07,Flipkart,Fashion,False,Normal Day,55,72,7.6,64971.03,2
2024-06-07,Flipkart,Home & Kitchen,False,Normal Day,39,39,9.0,49473.64,0
2024-06-07,Flipkart,Beauty & Personal Care,False,Normal Day,27,28,8.9,16975.0,0
2024-06-07,Flipkart,Grocery,False,Normal Day,13,16,6.5,6181.13,0
2024-06-07,Flipkart,Books,False,Normal Day,20,20,12.8,6801.79,0
2024-06-07,Flipkart,Sports & Fitness,False,Normal Day,20,24,7.6,25366.75,0
2024-06-08,Amazon,Electronics,False,Normal Day,75,94,14.9,250936.44,3
2024-06-08,Amazon,Mobiles,False,Normal Day,86,102,8.3,1384387.2,4
2024-06-08,Amazon,Fashion,False,Normal Day,60,76,9.4,66499.8,1
2024-06-08,Amazon,Home & Kitchen,False,Normal Day,52,75,8.5,94442.45,2
2024-06-08,Amazon,Beauty & Personal Care,False,Normal Day,25,25,13.2,14785.8,1
2024-06-08,Amazon,Grocery,False,Normal Day,32,38,11.9,14244.85,0
2024-06-08,Amazon,Books,False,Normal Day,11,11,12.6,3768.39,0
2024-06-08,Amazon,Sports & Fitness,False,Normal Day,27,35,10.9,34586.84,1
2024-06-08,Flipkart,Electronics,False,Normal Day,67,68,14.2,181875.08,3
2024-06-08,Flipkart,Mobiles,False,Normal Day,93,144,9.8,1897814.61,2
2024-06-08,Flipkart,Fashion,False,Normal Day,59,74,11.2,63113.37,2
2024-06-08,Flipkart,Home & Kitchen,False,Normal Day,42,57,6.2,76095.95,1
2024-06-08,Flipkart,Beauty & Personal Care,False,Normal Day,37,39,7.4,24312.41,1
2024-06-08,Flipkart,Grocery,False,Normal Day,20,25,7.4,9745.44,1
2024-06-08,Flipkart,Books,False,Normal Day,9,12,12.1,4216.74,0
2024-06-08,Flipkart,Sports & Fitness,False,Normal Day,26,26,5.5,28057.71,0
2024-06-09,Amazon,Electronics,False,Normal Day,76,77,8.9,225942.3,1
2024-06-09,Amazon,Mobiles,False,Normal Day,101,107,9.0,1431372.2,3
2024-06-09,Amazon,Fashion,False,Normal Day,53,53,7.1,46699.44,1
2024-06-09,Amazon,Home & Kitchen,False,Normal Day,51,59,14.1,72088.72,1
2024-06-09,Amazon,Beauty & Personal Care,False,Normal Day,18,22,6.1,14112.75,0
2024-06-09,Amazon,Grocery,False,Normal Day,12,13,13.7,4949.97,0
2024-06-09,Amazon,Books,False,Normal Day,14,20,11.1,6801.74,0
2024-06-09,Amazon,Sports & Fitness,False,Normal Day,41,56,6.6,56668.84,1
2024-06-09,Flipkart,Electronics,False,Normal Day,67,82,7.4,249388.13,2
2024-06-09,Flipkart,Mobiles,False,Normal Day,101,105,8.9,1422167.91,2
2024-06-09,Flipkart,Fashion,False,Normal Day,38,45,8.1,38152.08,1
2024-06-09,Flipkart,Home & Kitchen,False,Normal Day,41,49,6.8,64367.58,2
2024-06-09,Flipkart,Beauty & Personal Care,False,Normal Day,23,28,11.7,15811.1,1
2024-06-09,Flipkart,Grocery,False,Normal Day,24,24,14.2,8799.16,0
2024-06-09,Flipkart,Books,False,Normal Day,13,17,8.5,5955.08,0
2024-06-09,Flipkart,Sports & Fitness,False,Normal Day,49,51,12.7,50681.21,2
2024-06-10,Amazon,Electronics,False,Normal Day,48,52,10.6,144920.74,1
2024-06-10,Amazon,Mobiles,False,Normal Day,82,92,13.0,1136932.58,3
2024-06-10,Amazon,Fashion,False,Normal Day,35,35,6.2,30714.12,1
2024-06-10,Amazon,Home & Kitchen,False,Normal Day,37,42,12.1,50283.05,0
2024-06-10,Amazon,Beauty & Personal Care,False,Normal Day,27,29,8.8,17380.3,1
2024-06-10,Amazon,Grocery,False,Normal Day,18,18,5.8,6989.26,0
2024-06-10,Amazon,Books,False,Normal Day,8,8,5.1,3295.23,0
2024-06-10,Amazon,Sports & Fitness,False,Normal Day,24,26,12.9,26104.45,1
2024-06-10,Flipkart,Electronics,False,Normal Day,60,68,13.4,184906.49,1
2024-06-10,Flipkart,Mobiles,False,Normal Day,64,72,8.8,934259.03,3
2024-06-10,Flipkart,Fashion,False,Normal Day,49,59,12.4,48423.87,2
2024-06-10,Flipkart,Home & Kitchen,False,Normal Day,21,27,10.8,31328.07,0
2024-06-10,Flipkart,Beauty & Personal Care,False,Normal Day,31,36,10.2,20034.86,1
2024-06-10,Flipkart,Grocery,False,Normal Day,19,25,11.1,9249.45,0
2024-06-10,Flipkart,Books,False,Normal Day,10,10,14.0,3197.87,0
2024-06-10,Flipkart,Sports & Fitness,False,Normal Day,32,32,7.2,32643.29,1
2024-06-11,Amazon,Electronics,False,Normal Day,65,65,13.0,184245.36,3
2024-06-11,Amazon,Mobiles,False,Normal Day,78,78,7.1,1053216.34,4
2024-06-11,Amazon,Fashion,False,Normal Day,41,47,7.9,41695.78,0
2024-06-11,Amazon,Home & Kitchen,False,Normal Day,36,39,12.4,49079.17,1
2024-06-11,Amazon,Beauty & Personal Care,False,Normal Day,24,26,9.9,14923.13,0
2024-06-11,Amazon,Grocery,False,Normal Day,19,23,14.2,8613.56,0
2024-06-11,Amazon,Books,False,Normal Day,12,14,11.4,4992.52,0
2024-06-11,Amazon,Sports & Fitness,False,Normal Day,21,21,8.6,22147.24,1
2024-06-11,Flipkart,Electronics,False,Normal Day,72,90,7.0,267351.94,3
2024-06-11,Flipkart,Mobiles,False,Normal Day,67,84,10.0,1133971.0,2
2024-06-11,Flipkart,Fashion,False,Normal Day,36,36,5.5,34849.36,0
2024-06-11,Flipkart,Home & Kitchen,False,Normal Day,44,51,11.1,68338.08,0
2024-06-11,Flipkart,Beauty & Personal Care,False,Normal Day,24,31,14.1,16975.21,0
2024-06-11,Flipkart,Grocery,False,Normal Day,13,16,7.9,6825.48,0
2024-06-11,Flipkart,Books,False,Normal Day,14,19,7.0,7122.82,0
2024-06-11,Flipkart,Sports & Fitness,False,Normal Day,22,23,11.3,23145.23,1
2024-06-12,Amazon,Electronics,False,Normal Day,55,55,8.6,168001.36,2
2024-06-12,Amazon,Mobiles,False,Normal Day,80,94,8.5,1318719.16,1
2024-06-12,Amazon,Fashion,False,Normal Day,44,56,12.5,45338.2,1
2024-06-12,Amazon,Home & Kitchen,False,Normal Day,53,66,15.0,78595.55,2
2024-06-12,Amazon,Beauty & Personal Care,False,Normal Day,23,27,12.9,14977.3,0
2024-06-12,Amazon,Grocery,False,Normal Day,15,19,13.7,6815.26,0
2024-06-12,Amazon,Books,False,Normal Day,11,12,7.5,4335.06,0
2024-06-12,Amazon,Sports & Fitness,False,Normal Day,21,21,13.9,19373.43,0
2024-06-12,Flipkart,Electronics,False,Normal Day,43,53,14.5,150763.96,1
2024-06-12,Flipkart,Mobiles,False,Normal Day,59,72,14.3,911671.89,2
2024-06-12,Flipkart,Fashion,False,Normal Day,50,61,7.9,52722.56,1
2024-06-12,Flipkart,Home & Kitchen,False,Normal Day,41,57,8.6,72739.82,1
2024-06-12,Flipkart,Beauty & Personal Care,False,Normal Day,21,26,11.4,14569.4,1
2024-06-12,Flipkart,Grocery,False,Normal Day,16,21,7.8,8341.06,0
2024-06-12,Flipkart,Books,False,Normal Day,10,13,14.2,4454.61,0
2024-06-12,Flipkart,Sports & Fitness,False,Normal Day,39,57,9.2,57965.84,1
2024-06-13,Amazon,Electronics,False,Normal Day,55,55,7.2,165583.6,1
2024-06-13,Amazon,Mobiles,False,Normal Day,69,84,5.6,1139678.79,1
2024-06-13,Amazon,Fashion,False,Normal Day,50,60,10.6,55499.35,2
2024-06-13,Amazon,Home & Kitchen,False,Normal Day,50,58,11.0,74965.74,1
2024-06-13,Amazon,Beauty & Personal Care,False,Normal Day,21,24,14.3,14118.82,0
2024-06-13,Amazon,Grocery,False,Normal Day,13,13,7.8,5197.65,0
2024-06-13,Amazon,Books,False,Normal Day,17,19,14.8,6540.0,0
2024-06-13,Amazon,Sports & Fitness,False,Normal Day,24,24,9.2,24436.49,1
2024-06-13,Flipkart,Electronics,False,Normal Day,71,73,10.9,206081.66,1
2024-06-13,Flipkart,Mobiles,False,Normal Day,54,70,8.2,950145.33,2
2024-06-13,Flipkart,Fashion,False,Normal Day,36,48,7.0,40655.6,2
2024-06-13,Flipkart,Home & Kitchen,False,Normal Day,42,46,14.3,55776.45,1
2024-06-13,Flipkart,Beauty & Personal Care,False,Normal Day,16,18,14.2,10430.34,0
2024-06-13,Flipkart,Grocery,False,Normal Day,17,19,9.3,7028.62,0
2024-06-13,Flipkart,Books,False,Normal Day,12,15,5.0,5519.17,0
2024-06-13,Flipkart,Sports & Fitness,False,Normal Day,22,26,9.2,25880.94,0
2024-06-14,Amazon,Electronics,False,Normal Day,64,64,10.0,178334.94,2
2024-06-14,Amazon,Mobiles,False,Normal Day,74,101,11.9,1319139.99,2
2024-06-14,Amazon,Fashion,False,Normal Day,64,68,14.8,54331.97,3
2024-06-14,Amazon,Home & Kitchen,False,Normal Day,51,51,13.2,60454.62,1
2024-06-14,Amazon,Beauty & Personal Care,False,Normal Day,19,24,8.3,14245.37,0
2024-06-14,Amazon,Grocery,False,Normal Day,23,23,11.0,9067.91,1
2024-06-14,Amazon,Books,False,Normal Day,5,6,14.5,2188.22,0
2024-06-14,Amazon,Sports & Fitness,False,Normal Day,18,26,8.8,26740.84,1
2024-06-14,Flipkart,Electronics,False,Normal Day,60,70,9.1,197828.64,3
2024-06-14,Flipkart,Mobiles,False,Normal Day,95,101,13.3,1269299.77,3
2024-06-14,Flipkart,Fashion,False,Normal Day,44,50,6.7,44334.01,1
2024-06-14,Flipkart,Home & Kitchen,False,Normal Day,29,34,7.2,46497.19,1
2024-06-14,Flipkart,Beauty & Personal Care,False,Normal Day,17,19,13.8,11060.05,0
2024-06-14,Flipkart,Grocery,False,Normal Day,32,37,9.0,14676.14,0
2024-06-14,Flipkart,Books,False,Normal Day,9,11,10.9,3741.23,0
2024-06-14,Flipkart,Sports & Fitness,False,Normal Day,32,32,6.1,32438.16,1
2024-06-15,Amazon,Electronics,False,Normal Day,79,108,5.0,322283.66,4
2024-06-15,Amazon,Mobiles,False,Normal Day,83,83,6.7,1148069.59,3
2024-06-15,Amazon,Fashion,False,Normal Day,63,76,7.2,72323.67,3
2024-06-15,Amazon,Home & Kitchen,False,Normal Day,45,57,9.2,74183.12,1
2024-06-15,Amazon,Beauty & Personal Care,False,Normal Day,25,25,13.5,14451.68,0
2024-06-15,Amazon,Grocery,False,Normal Day,23,27,13.1,10479.65,0
2024-06-15,Amazon,Books,False,Normal Day,11,13,8.9,4582.46,0
2024-06-15,Amazon,Sports & Fitness,False,Normal Day,43,57,6.5,58495.65,2
2024-06-15,Flipkart,Electronics,False,Normal Day,65,81,8.6,241478.72,2
2024-06-15,Flipkart,Mobiles,False,Normal Day,67,67,8.9,871723.71,3
2024-06-15,Flipkart,Fashion,False,Normal Day,37,42,6.1,38897.6,2
2024-06-15,Flipkart,Home & Kitchen,False,Normal Day,30,37,13.7,45726.4,1
2024-06-15,Flipkart,Beauty & Personal Care,False,Normal Day,31,38,13.3,21519.19,1
2024-06-15,Flipkart,Grocery,False,Normal Day,25,29,6.4,11222.41,1
2024-06-15,Flipkart,Books,False,Normal Day,18,19,8.6,6937.16,1
2024-06-15,Flipkart,Sports & Fitness,False,Normal Day,29,31,13.5,30603.47,1
2024-06-16,Amazon,Electronics,False,Normal Day,77,98,14.6,270824.89,1
2024-06-16,Amazon,Mobiles,False,Normal Day,86,115,14.6,1486286.77,2
2024-06-16,Amazon,Fashion,False,Normal Day,42,44,7.7,40344.36,1
2024-06-16,Amazon,Home & Kitchen,False,Normal Day,41,49,5.7,65968.67,2
2024-06-16,Amazon,Beauty & Personal Care,False,Normal Day,39,45,10.7,27358.22,0
2024-06-16,Amazon,Grocery,False,Normal Day,27,31,5.9,12080.18,0
2024-06-16,Amazon,Books,False,Normal Day,12,16,12.1,5447.63,0
2024-06-16,Amazon,Sports & Fitness,False,Normal Day,27,33,10.0,35200.08,0
2024-06-16,Flipkart,Electronics,False,Normal Day,93,93,5.4,270772.78,2
2024-06-16,Flipkart,Mobiles,False,Normal Day,97,132,9.8,1762436.43,4
2024-06-16,Flipkart,Fashion,False,Normal Day,69,84,8.9,71410.86,1
2024-06-16,Flipkart,Home & Kitchen,False,Normal Day,41,41,12.8,49373.18,1
2024-06-16,Flipkart,Beauty & Personal Care,False,Normal Day,37,37,13.9,21142.54,1
2024-06-16,Flipkart,Grocery,False,Normal Day,22,22,10.7,8062.72,1
2024-06-16,Flipkart,Books,False,Normal Day,9,11,9.1,3756.29,0
2024-06-16,Flipkart,Sports & Fitness,False,Normal Day,27,28,13.5,28387.97,1
2024-06-17,Amazon,Electronics,False,Normal Day,53,62,7.1,179321.7,2
2024-06-17,Amazon,Mobiles,False,Normal Day,88,127,9.9,1708719.15,2
2024-06-17,Amazon,Fashion,False,Normal Day,38,39,8.0,34168.25,2
2024-06-17,Amazon,Home & Kitchen,False,Normal Day,46,46,14.7,56650.14,1
2024-06-17,Amazon,Beauty & Personal Care,False,Normal Day,24,25,12.0,13090.54,1
2024-06-17,Amazon,Grocery,False,Normal Day,19,22,11.9,8819.79,0
2024-06-17,Amazon,Books,False,Normal Day,10,10,7.7,3478.62,0
2024-06-17,Amazon,Sports & Fitness,False,Normal Day,32,39,5.3,42099.98,0
2024-06-17,Flipkart,Electronics,False,Normal Day,67,78,12.0,227914.52,3
2024-06-17,Flipkart,Mobiles,False,Normal Day,81,81,10.7,1032916.42,2
2024-06-17,Flipkart,Fashion,False,Normal Day,45,47,13.8,38177.21,1
2024-06-17,Flipkart,Home & Kitchen,False,Normal Day,46,46,11.1,58454.03,2
2024-06-17,Flipkart,Beauty & Personal Care,False,Normal Day,24,24,11.7,13502.2,1
2024-06-17,Flipkart,Grocery,False,Normal Day,19,25,10.8,9928.15,0
2024-06-17,Flipkart,Books,False,Normal Day,13,13,8.5,4511.87,0
2024-06-17,Flipkart,Sports & Fitness,False,Normal Day,20,20,8.8,19777.29,0
2024-06-18,Amazon,Electronics,False,Normal Day,57,73,14.1,191740.23,1
2024-06-18,Amazon,Mobiles,False,Normal Day,76,92,10.6,1202859.52,3
2024-06-18,Amazon,Fashion,False,Normal Day,33,38,9.5,31926.01,1
2024-06-18,Amazon,Home & Kitchen,False,Normal Day,25,25,5.9,32826.73,0
2024-06-18,Amazon,Beauty & Personal Care,False,Normal Day,17,22,8.1,12773.17,0
2024-06-18,Amazon,Grocery,False,Normal Day,11,14,5.9,5636.13,0
2024-06-18,Amazon,Books,False,Normal Day,11,12,14.0,4112.08,0
2024-06-18,Amazon,Sports & Fitness,False,Normal Day,33,44,8.1,47121.53,1
2024-06-18,Flipkart,Electronics,False,Normal Day,84,102,13.3,294076.89,4
2024-06-18,Flipkart,Mobiles,False,Normal Day,80,90,13.0,1119400.59,2
2024-06-18,Flipkart,Fashion,False,Normal Day,36,43,8.0,38869.79,0
2024-06-18,Flipkart,Home & Kitchen,False,Normal Day,50,61,8.7,80831.8,1
2024-06-18,Flipkart,Beauty & Personal Care,False,Normal Day,30,32,14.2,18404.64,1
2024-06-18,Flipkart,Grocery,False,Normal Day,20,20,6.2,7966.41,0
2024-06-18,Flipkart,Books,False,Normal Day,7,7,10.3,2426.92,0
2024-06-18,Flipkart,Sports & Fitness,False,Normal Day,36,44,13.8,39877.49,2
2024-06-19,Amazon,Electronics,False,Normal Day,72,81,7.6,231756.68,3
2024-06-19,Amazon,Mobiles,False,Normal Day,78,87,8.3,1148471.88,4
2024-06-19,Amazon,Fashion,False,Normal Day,33,33,8.3,28704.54,1
2024-06-19,Amazon,Home & Kitchen,False,Normal Day,38,45,14.1,52753.67,1
2024-06-19,Amazon,Beauty & Personal Care,False,Normal Day,24,31,8.9,17483.11,1
2024-06-19,Amazon,Grocery,False,Normal Day,11,12,8.1,4811.66,0
2024-06-19,Amazon,Books,False,Normal Day,12,13,7.6,4752.0,0
2024-06-19,Amazon,Sports & Fitness,False,Normal Day,32,36,13.9,34645.74,0
2024-06-19,Flipkart,Electronics,False,Normal Day,66,72,9.7,214176.26,1
2024-06-19,Flipkart,Mobiles,False,Normal Day,77,98,11.9,1270919.19,4
2024-06-19,Flipkart,Fashion,False,Normal Day,32,39,13.6,32036.36,1
2024-06-19,Flipkart,Home & Kitchen,False,Normal Day,41,43,7.7,55773.65,1
2024-06-19,Flipkart,Beauty & Personal Care,False,Normal Day,23,24,6.6,14927.99,1
2024-06-19,Flipkart,Grocery,False,Normal Day,14,19,5.6,7942.03,0
2024-06-19,Flipkart,Books,False,Normal Day,16,16,8.6,5712.29,0
2024-06-19,Flipkart,Sports & Fitness,False,Normal Day,28,28,7.7,30162.76,1
2024-06-20,Amazon,Electronics,False,Normal Day,77,77,14.9,198494.27,3
2024-06-20,Amazon,Mobiles,False,Normal Day,86,86,10.0,1068153.12,3
2024-06-20,Amazon,Fashion,False,Normal Day,39,39,10.2,34778.48,0
2024-06-20,Amazon,Home & Kitchen,False,Normal Day,50,68,10.0,85086.63,1
2024-06-20,Amazon,Beauty & Personal Care,False,Normal Day,28,30,8.9,17171.97,0
2024-06-20,Amazon,Grocery,False,Normal Day,14,14,9.3,5496.31,0
2024-06-20,Amazon,Books,False,Normal Day,16,17,15.0,6263.85,0
2024-06-20,Amazon,Sports & Fitness,False,Normal Day,25,32,14.9,31367.21,1
2024-06-20,Flipkart,Electronics,False,Normal Day,56,84,14.1,232901.19,2
2024-06-20,Flipkart,Mobiles,False,Normal Day,75,78,11.1,1053557.51,1
2024-06-20,Flipkart,Fashion,False,Normal Day,41,44,11.0,36775.17,2
2024-06-20,Flipkart,Home & Kitchen,False,Normal Day,28,36,10.2,45536.44,1
2024-06-20,Flipkart,Beauty & Personal Care,False,Normal Day,25,27,14.8,15475.27,1
2024-06-20,Flipkart,Grocery,False,Normal Day,16,20,10.9,7674.57,0
2024-06-20,Flipkart,Books,False,Normal Day,26,30,11.5,10380.7,1
2024-06-20,Flipkart,Sports & Fitness,False,Normal Day,29,37,13.0,35597.41,1
2024-06-21,Amazon,Electronics,False,Normal Day,71,71,7.6,201301.16,2
2024-06-21,Amazon,Mobiles,False,Normal Day,83,87,8.8,1245145.12,3
2024-06-21,Amazon,Fashion,False,Normal Day,44,55,10.0,50989.81,1
2024-06-21,Amazon,Home & Kitchen,False,Normal Day,39,45,6.3,60999.96,1
2024-06-21,Amazon,Beauty & Personal Care,False,Normal Day,23,23,12.9,12478.18,0
2024-06-21,Amazon,Grocery,False,Normal Day,14,17,12.6,6497.17,0
2024-06-21,Amazon,Books,False,Normal Day,9,9,9.5,3255.54,0
2024-06-21,Amazon,Sports & Fitness,False,Normal Day,32,45,12.2,41894.44,1
2024-06-21,Flipkart,Electronics,False,Normal Day,57,64,11.4,186707.18,1
2024-06-21,Flipkart,Mobiles,False,Normal Day,50,58,14.2,739047.62,2
2024-06-21,Flipkart,Fashion,False,Normal Day,35,40,8.5,34776.42,1
2024-06-21,Flipkart,Home & Kitchen,False,Normal Day,42,46,11.9,59956.98,1
2024-06-21,Flipkart,Beauty & Personal Care,False,Normal Day,18,18,14.4,10419.68,0
2024-06-21,Flipkart,Grocery,False,Normal Day,16,20,10.0,7363.1,0
2024-06-21,Flipkart,Books,False,Normal Day,4,4,6.5,1436.28,0
2024-06-21,Flipkart,Sports & Fitness,False,Normal Day,26,27,7.9,26308.96,0
2024-06-22,Amazon,Electronics,False,Normal Day,100,110,6.3,353170.27,2
2024-06-22,Amazon,Mobiles,False,Normal Day,81,103,13.7,1303766.63,3
2024-06-22,Amazon,Fashion,False,Normal Day,39,45,8.4,39710.71,1
2024-06-22,Amazon,Home & Kitchen,False,Normal Day,48,50,6.8,63418.5,2
2024-06-22,Amazon,Beauty & Personal Care,False,Normal Day,30,34,6.8,20851.88,0
2024-06-22,Amazon,Grocery,False,Normal Day,14,17,14.5,6217.5,0
2024-06-22,Amazon,Books,False,Normal Day,18,19,9.6,7078.36,0
2024-06-22,Amazon,Sports & Fitness,False,Normal Day,15,17,11.3,18163.97,0
2024-06-22,Flipkart,Electronics,False,Normal Day,64,70,6.9,203975.36,2
2024-06-22,Flipkart,Mobiles,False,Normal Day,75,106,10.1,1368543.52,3
2024-06-22,Flipkart,Fashion,False,Normal Day,37,47,10.9,39740.09,0
2024-06-22,Flipkart,Home & Kitchen,False,Normal Day,41,51,12.9,58085.26,2
2024-06-22,Flipkart,Beauty & Personal Care,False,Normal Day,22,22,12.9,12748.62,0
2024-06-22,Flipkart,Grocery,False,Normal Day,12,16,10.8,5956.9,0
2024-06-22,Flipkart,Books,False,Normal Day,14,16,7.8,5749.94,0
2024-06-22,Flipkart,Sports & Fitness,False,Normal Day,26,26,8.1,25646.46,0
2024-06-23,Amazon,Electronics,False,Normal Day,78,84,14.0,232038.02,3
2024-06-23,Amazon,Mobiles,False,Normal Day,105,132,11.8,1720675.83,5
2024-06-23,Amazon,Fashion,False,Normal Day,64,81,10.6,67118.96,2
2024-06-23,Amazon,Home & Kitchen,False,Normal Day,49,54,7.5,70681.38,1
2024-06-23,Amazon,Beauty & Personal Care,False,Normal Day,16,19,6.2,12230.14,0
2024-06-23,Amazon,Grocery,False,Normal Day,15,17,14.2,6292.23,0
2024-06-23,Amazon,Books,False,Normal Day,14,15,14.6,4901.29,0
2024-06-23,Amazon,Sports & Fitness,False,Normal Day,26,32,12.2,30324.13,1
2024-06-23,Flipkart,Electronics,False,Normal Day,67,70,14.8,182383.65,1
2024-06-23,Flipkart,Mobiles,False,Normal Day,95,113,14.0,1456298.38,2
2024-06-23,Flipkart,Fashion,False,Normal Day,29,34,9.8,28647.03,1
2024-06-23,Flipkart,Home & Kitchen,False,Normal Day,25,27,5.7,36758.92,0
2024-06-23,Flipkart,Beauty & Personal Care,False,Normal Day,30,35,8.8,21899.88,1
2024-06-23,Flipkart,Grocery,False,Normal Day,15,18,7.3,7334.45,0
2024-06-23,Flipkart,Books,False,Normal Day,13,19,14.5,6128.21,0
2024-06-23,Flipkart,Sports & Fitness,False,Normal Day,30,43,14.0,40607.33,1
2024-06-24,Amazon,Electronics,False,Normal Day,75,100,8.6,302326.12,4
2024-06-24,Amazon,Mobiles,False,Normal Day,70,83,11.6,1047049.04,2
2024-06-24,Amazon,Fashion,False,Normal Day,38,48,9.4,42592.25,0
2024-06-24,Amazon,Home & Kitchen,False,Normal Day,31,31,5.1,41472.66,0
2024-06-24,Amazon,Beauty & Personal Care,False,Normal Day,32,32,10.6,18741.65,1
2024-06-24,Amazon,Grocery,False,Normal Day,13,13,7.1,5237.36,0
2024-06-24,Amazon,Books,False,Normal Day,12,14,11.9,4922.35,0
2024-06-24,Amazon,Sports & Fitness,False,Normal Day,14,18,9.1,18514.6,0
2024-06-24,Flipkart,Electronics,False,Normal Day,44,60,13.9,167347.38,1
2024-06-24,Flipkart,Mobiles,False,Normal Day,88,118,10.9,1535723.47,1
2024-06-24,Flipkart,Fashion,False,Normal Day,53,63,8.1,56635.82,2
2024-06-24,Flipkart,Home & Kitchen,False,Normal Day,34,34,7.0,45265.08,1
2024-06-24,Flipkart,Beauty & Personal Care,False,Normal Day,23,28,12.4,17524.3,1
2024-06-24,Flipkart,Grocery,False,Normal Day,16,20,8.9,7693.89,0
2024-06-24,Flipkart,Books,False,Normal Day,14,14,7.5,5076.22,0
2024-06-24,Flipkart,Sports & Fitness,False,Normal Day,20,20,7.4,21110.14,0
2024-06-25,Amazon,Electronics,False,Normal Day,65,65,11.8,191253.79,2
2024-06-25,Amazon,Mobiles,False,Normal Day,71,80,8.1,1022723.02,4
2024-06-25,Amazon,Fashion,False,Normal Day,38,41,6.2,36708.92,1
2024-06-25,Amazon,Home & Kitchen,False,Normal Day,49,49,7.8,63667.82,2
2024-06-25,Amazon,Beauty & Personal Care,False,Normal Day,21,21,6.3,12843.74,0
2024-06-25,Amazon,Grocery,False,Normal Day,15,16,9.5,6222.96,0
2024-06-25,Amazon,Books,False,Normal Day,9,12,12.3,4326.73,0
2024-06-25,Amazon,Sports & Fitness,False,Normal Day,20,23,13.3,22226.27,0
2024-06-25,Flipkart,Electronics,False,Normal Day,67,67,13.7,176801.69,2
2024-06-25,Flipkart,Mobiles,False,Normal Day,75,90,6.2,1217690.41,1
2024-06-25,Flipkart,Fashion,False,Normal Day,47,64,9.4,55414.96,2
2024-06-25,Flipkart,Home & Kitchen,False,Normal Day,37,41,6.0,53673.61,1
2024-06-25,Flipkart,Beauty & Personal Care,False,Normal Day,19,22,5.8,13661.27,0
2024-06-25,Flipkart,Grocery,False,Normal Day,10,10,12.5,3859.59,0
2024-06-25,Flipkart,Books,False,Normal Day,10,10,12.6,3366.43,0
2024-06-25,Flipkart,Sports & Fitness,False,Normal Day,23,29,7.2,30092.68,1
2024-06-26,Amazon,Electronics,False,Normal Day,68,92,8.1,271114.11,1
2024-06-26,Amazon,Mobiles,False,Normal Day,77,84,14.9,1035101.65,3
2024-06-26,Amazon,Fashion,False,Normal Day,50,63,12.1,54207.79,2
2024-06-26,Amazon,Home & Kitchen,False,Normal Day,30,39,11.3,49593.13,1
2024-06-26,Amazon,Beauty & Personal Care,False,Normal Day,27,27,10.6,16057.4,1
2024-06-26,Amazon,Grocery,False,Normal Day,14,14,12.9,5313.07,0
2024-06-26,Amazon,Books,False,Normal Day,17,17,8.3,6317.95,0
2024-06-26,Amazon,Sports & Fitness,False,Normal Day,27,29,12.6,27624.26,0
2024-06-26,Flipkart,Electronics,False,Normal Day,53,66,6.1,203692.91,1
2024-06-26,Flipkart,Mobiles,False,Normal Day,62,75,7.2,1022656.64,2
2024-06-26,Flipkart,Fashion,False,Normal Day,44,51,12.6,41724.87,2
2024-06-26,Flipkart,Home & Kitchen,False,Normal Day,27,33,12.4,42598.0,1
2024-06-26,Flipkart,Beauty & Personal Care,False,Normal Day,26,27,13.2,15977.32,1
2024-06-26,Flipkart,Grocery,False,Normal Day,20,23,11.8,8955.23,0
2024-06-26,Flipkart,Books,False,Normal Day,13,13,13.5,4640.99,0
2024-06-26,Flipkart,Sports & Fitness,False,Normal Day,18,19,12.1,18394.75,0
2024-06-27,Amazon,Electronics,False,Normal Day,64,73,11.9,206564.17,3
2024-06-27,Amazon,Mobiles,False,Normal Day,75,101,6.9,1356007.8,3
2024-06-27,Amazon,Fashion,False,Normal Day,50,52,10.2,44837.98,2
2024-06-27,Amazon,Home & Kitchen,False,Normal Day,40,42,13.9,50312.08,1
2024-06-27,Amazon,Beauty & Personal Care,False,Normal Day,26,34,9.3,20774.45,1
2024-06-27,Amazon,Grocery,False,Normal Day,17,20,14.4,7515.89,0
2024-06-27,Amazon,Books,False,Normal Day,12,13,13.7,4500.77,0
2024-06-27,Amazon,Sports & Fitness,False,Normal Day,25,27,14.4,25969.87,1
2024-06-27,Flipkart,Electronics,False,Normal Day,80,94,14.8,262501.55,2
2024-06-27,Flipkart,Mobiles,False,Normal Day,49,49,12.9,633263.02,2
2024-06-27,Flipkart,Fashion,False,Normal Day,39,53,5.8,48771.81,1
2024-06-27,Flipkart,Home & Kitchen,False,Normal Day,34,46,5.6,60795.36,0
2024-06-27,Flipkart,Beauty & Personal Care,False,Normal Day,22,23,6.7,14125.06,1
2024-06-27,Flipkart,Grocery,False,Normal Day,17,17,7.8,6412.02,0
2024-06-27,Flipkart,Books,False,Normal Day,16,18,10.1,6127.23,0
2024-06-27,Flipkart,Sports & Fitness,False,Normal Day,25,28,11.3,26866.48,1
2024-06-28,Amazon,Electronics,False,Normal Day,57,57,9.8,161539.94,1
2024-06-28,Amazon,Mobiles,False,Normal Day,107,136,10.5,1844518.65,4
2024-06-28,Amazon,Fashion,False,Normal Day,22,22,12.6,18084.62,1
2024-06-28,Amazon,Home & Kitchen,False,Normal Day,29,36,9.6,46205.57,1
2024-06-28,Amazon,Beauty & Personal Care,False,Normal Day,18,20,5.9,12002.84,0
2024-06-28,Amazon,Grocery,False,Normal Day,15,17,5.9,6636.88,0
2024-06-28,Amazon,Books,False,Normal Day,8,9,7.0,3229.99,0
2024-06-28,Amazon,Sports & Fitness,False,Normal Day,18,23,9.2,23490.26,0
2024-06-28,Flipkart,Electronics,False,Normal Day,66,105,15.0,292862.93,2
2024-06-28,Flipkart,Mobiles,False,Normal Day,77,79,14.7,964418.42,3
2024-06-28,Flipkart,Fashion,False,Normal Day,39,46,10.6,40465.2,1
2024-06-28,Flipkart,Home & Kitchen,False,Normal Day,35,42,12.1,52273.48,0
2024-06-28,Flipkart,Beauty & Personal Care,False,Normal Day,23,27,5.1,18202.87,0
2024-06-28,Flipkart,Grocery,False,Normal Day,20,25,8.9,9377.06,0
2024-06-28,Flipkart,Books,False,Normal Day,22,28,12.4,9545.86,1
2024-06-28,Flipkart,Sports & Fitness,False,Normal Day,19,23,10.2,22747.92,1
2024-06-29,Amazon,Electronics,False,Normal Day,69,82,10.1,234375.66,3
2024-06-29,Amazon,Mobiles,False,Normal Day,71,84,9.6,1094391.24,2
2024-06-29,Amazon,Fashion,False,Normal Day,49,55,5.5,50421.7,2
2024-06-29,Amazon,Home & Kitchen,False,Normal Day,42,46,13.6,55613.74,2
2024-06-29,Amazon,Beauty & Personal Care,False,Normal Day,27,29,12.3,17597.14,1
2024-06-29,Amazon,Grocery,False,Normal Day,21,26,8.8,9569.33,1
2024-06-29,Amazon,Books,False,Normal Day,12,15,6.7,5505.01,0
2024-06-29,Amazon,Sports & Fitness,False,Normal Day,28,35,13.6,34426.68,1
2024-06-29,Flipkart,Electronics,False,Normal Day,65,65,6.4,190205.21,1
2024-06-29,Flipkart,Mobiles,False,Normal Day,101,101,7.3,1416103.62,4
2024-06-29,Flipkart,Fashion,False,Normal Day,56,62,12.0,53377.27,2
2024-06-29,Flipkart,Home & Kitchen,False,Normal Day,50,50,11.9,63929.12,2
2024-06-29,Flipkart,Beauty & Personal Care,False,Normal Day,20,21,14.1,12302.0,1
2024-06-29,Flipkart,Grocery,False,Normal Day,21,26,12.8,9497.7,1
2024-06-29,Flipkart,Books,False,Normal Day,20,23,12.3,7994.36,0
2024-06-29,Flipkart,Sports & Fitness,False,Normal Day,30,38,6.9,38911.4,1
2024-06-30,Amazon,Electronics,False,Normal Day,109,111,7.0,322769.59,3
2024-06-30,Amazon,Mobiles,False,Normal Day,82,87,13.2,1104880.93,4
2024-06-30,Amazon,Fashion,False,Normal Day,37,44,12.1,37023.41,1
2024-06-30,Amazon,Home & Kitchen,False,Normal Day,45,45,11.1,54044.41,1
2024-06-30,Amazon,Beauty & Personal Care,False,Normal Day,39,39,12.3,20867.21,0
2024-06-30,Amazon,Grocery,False,Normal Day,20,22,7.2,9453.11,0
2024-06-30,Amazon,Books,False,Normal Day,13,15,13.5,4832.26,0
2024-06-30,Amazon,Sports & Fitness,False,Normal Day,28,32,9.0,29979.33,1
2024-06-30,Flipkart,Electronics,False,Normal Day,88,101,10.0,304576.29,5
2024-06-30,Flipkart,Mobiles,False,Normal Day,89,91,14.0,1134899.32,2
2024-06-30,Flipkart,Fashion,False,Normal Day,58,61,7.7,55716.92,1
2024-06-30,Flipkart,Home & Kitchen,False,Normal Day,54,60,11.2,73904.32,1
2024-06-30,Flipkart,Beauty & Personal Care,False,Normal Day,37,50,13.8,29167.33,1
2024-06-30,Flipkart,Grocery,False,Normal Day,17,19,6.4,7395.53,0
2024-06-30,Flipkart,Books,False,Normal Day,14,16,14.3,5485.16,0
2024-06-30,Flipkart,Sports & Fitness,False,Normal Day,40,48,8.4,49252.49,1
2024-07-01,Amazon,Electronics,False,Normal Day,49,61,5.3,181954.44,2
2024-07-01,Amazon,Mobiles,False,Normal Day,94,114,13.0,1541021.21,2
2024-07-01,Amazon,Fashion,False,Normal Day,36,55,11.6,45671.5,1
2024-07-01,Amazon,Home & Kitchen,False,Normal Day,43,50,9.6,69211.6,1
2024-07-01,Amazon,Beauty & Personal Care,False,Normal Day,23,24,9.5,14216.49,0
2024-07-01,Amazon,Grocery,False,Normal Day,18,20,14.2,7021.64,0
2024-07-01,Amazon,Books,False,Normal Day,7,9,14.5,2946.87,0
2024-07-01,Amazon,Sports & Fitness,False,Normal Day,37,45,6.1,46155.87,1
2024-07-01,Flipkart,Electronics,False,Normal Day,40,40,7.2,124786.77,2
2024-07-01,Flipkart,Mobiles,False,Normal Day,81,93,6.7,1279598.74,3
2024-07-01,Flipkart,Fashion,False,Normal Day,37,37,13.3,30793.88,1
2024-07-01,Flipkart,Home & Kitchen,False,Normal Day,38,47,8.2,59241.32,0
2024-07-01,Flipkart,Beauty & Personal Care,False,Normal Day,30,30,9.2,17968.23,1
2024-07-01,Flipkart,Grocery,False,Normal Day,25,30,10.1,11633.4,0
2024-07-01,Flipkart,Books,False,Normal Day,12,12,9.0,4012.72,0
2024-07-01,Flipkart,Sports & Fitness,False,Normal Day,26,26,6.5,26476.33,0
2024-07-02,Amazon,Electronics,False,Normal Day,57,65,6.5,195192.85,1
2024-07-02,Amazon,Mobiles,False,Normal Day,89,96,9.7,1244991.27,4
2024-07-02,Amazon,Fashion,False,Normal Day,37,47,8.4,41002.91,1
2024-07-02,Amazon,Home & Kitchen,False,Normal Day,39,53,13.3,64981.03,1
2024-07-02,Amazon,Beauty & Personal Care,False,Normal Day,30,38,7.1,24246.47,0
2024-07-02,Amazon,Grocery,False,Normal Day,16,16,14.9,5663.2,0
2024-07-02,Amazon,Books,False,Normal Day,11,12,11.0,4347.52,0
2024-07-02,Amazon,Sports & Fitness,False,Normal Day,36,38,8.3,38842.49,1
2024-07-02,Flipkart,Electronics,False,Normal Day,58,71,5.9,216860.37,2
2024-07-02,Flipkart,Mobiles,False,Normal Day,78,93,13.1,1156109.59,1
2024-07-02,Flipkart,Fashion,False,Normal Day,21,27,13.9,22358.94,0
2024-07-02,Flipkart,Home & Kitchen,False,Normal Day,30,36,7.2,48096.23,1
2024-07-02,Flipkart,Beauty & Personal Care,False,Normal Day,24,32,10.1,19901.06,0
2024-07-02,Flipkart,Grocery,False,Normal Day,19,23,10.7,8853.49,0
2024-07-02,Flipkart,Books,False,Normal Day,11,11,13.5,3831.55,0
2024-07-02,Flipkart,Sports & Fitness,False,Normal Day,16,18,6.3,18592.46,0
2024-07-03,Amazon,Electronics,False,Normal Day,57,69,10.7,194690.81,1
2024-07-03,Amazon,Mobiles,False,Normal Day,85,93,10.1,1277398.08,3
2024-07-03,Amazon,Fashion,False,Normal Day,42,46,9.5,40415.49,1
2024-07-03,Amazon,Home & Kitchen,False,Normal Day,51,70,6.5,89080.85,2
2024-07-03,Amazon,Beauty & Personal Care,False,Normal Day,29,29,9.0,17045.06,0
2024-07-03,Amazon,Grocery,False,Normal Day,12,12,13.3,4358.74,0
2024-07-03,Amazon,Books,False,Normal Day,10,12,5.9,4702.42,0
2024-07-03,Amazon,Sports & Fitness,False,Normal Day,33,33,10.2,32485.66,1
2024-07-03,Flipkart,Electronics,False,Normal Day,59,60,13.0,168668.19,3
2024-07-03,Flipkart,Mobiles,False,Normal Day,57,82,7.1,1051554.0,3
2024-07-03,Flipkart,Fashion,False,Normal Day,48,59,6.4,53934.93,2
2024-07-03,Flipkart,Home & Kitchen,False,Normal Day,39,39,12.5,47797.18,2
2024-07-03,Flipkart,Beauty & Personal Care,False,Normal Day,23,27,10.4,16162.58,0
2024-07-03,Flipkart,Grocery,False,Normal Day,12,14,10.9,5216.75,0
2024-07-03,Flipkart,Books,False,Normal Day,8,8,11.6,2894.33,0
2024-07-03,Flipkart,Sports & Fitness,False,Normal Day,32,32,6.1,34664.06,1
2024-07-04,Amazon,Electronics,False,Normal Day,57,69,12.4,196952.4,1
2024-07-04,Amazon,Mobiles,False,Normal Day,69,93,6.7,1301201.02,1
2024-07-04,Amazon,Fashion,False,Normal Day,50,53,10.8,47785.44,1
2024-07-04,Amazon,Home & Kitchen,False,Normal Day,41,41,12.0,50549.01,2
2024-07-04,Amazon,Beauty & Personal Care,False,Normal Day,22,27,7.2,17176.83,0
2024-07-04,Amazon,Grocery,False,Normal Day,15,16,11.4,6106.53,0
2024-07-04,Amazon,Books,False,Normal Day,8,9,7.7,3018.45,0
2024-07-04,Amazon,Sports & Fitness,False,Normal Day,26,30,12.9,29702.95,1
2024-07-04,Flipkart,Electronics,False,Normal Day,88,88,14.3,245467.02,4
2024-07-04,Flipkart,Mobiles,False,Normal Day,72,84,13.9,1017764.94,3
2024-07-04,Flipkart,Fashion,False,Normal Day,45,55,6.6,49703.19,2
2024-07-04,Flipkart,Home & Kitchen,False,Normal Day,39,53,8.1,66113.14,2
2024-07-04,Flipkart,Beauty & Personal Care,False,Normal Day,33,48,11.4,28181.16,1
2024-07-04,Flipkart,Grocery,False,Normal Day,5,5,11.6,1967.93,0
2024-07-04,Flipkart,Books,False,Normal Day,14,14,7.1,5154.08,0
2024-07-04,Flipkart,Sports & Fitness,False,Normal Day,26,26,8.5,25510.94,1
2024-07-05,Amazon,Electronics,False,Normal Day,61,76,10.3,212856.68,1
2024-07-05,Amazon,Mobiles,False,Normal Day,88,115,7.5,1476326.68,5
2024-07-05,Amazon,Fashion,False,Normal Day,32,41,10.2,35488.04,0
2024-07-05,Amazon,Home & Kitchen,False,Normal Day,36,50,11.2,67674.6,1
2024-07-05,Amazon,Beauty & Personal Care,False,Normal Day,33,41,5.1,25028.74,0
2024-07-05,Amazon,Grocery,False,Normal Day,18,19,12.1,7145.02,0
2024-07-05,Amazon,Books,False,Normal Day,15,15,13.3,4873.34,0
2024-07-05,Amazon,Sports & Fitness,False,Normal Day,39,50,5.5,49980.1,1
2024-07-05,Flipkart,Electronics,False,Normal Day,70,75,10.2,212428.16,3
2024-07-05,Flipkart,Mobiles,False,Normal Day,61,64,12.5,832919.31,3
2024-07-05,Flipkart,Fashion,False,Normal Day,39,42,9.4,36949.4,1
2024-07-05,Flipkart,Home & Kitchen,False,Normal Day,34,34,7.8,44666.43,1
2024-07-05,Flipkart,Beauty & Personal Care,False,Normal Day,21,21,5.6,13336.35,0
2024-07-05,Flipkart,Grocery,False,Normal Day,15,20,13.8,7480.49,0
2024-07-05,Flipkart,Books,False,Normal Day,15,16,9.7,5696.11,0
2024-07-05,Flipkart,Sports & Fitness,False,Normal Day,23,28,6.6,29127.31,0
2024-07-06,Amazon,Electronics,False,Normal Day,84,85,6.2,249739.79,2
2024-07-06,Amazon,Mobiles,False,Normal Day,71,83,8.6,1085143.34,4
2024-07-06,Amazon,Fashion,False,Normal Day,32,41,11.8,34964.16,0
2024-07-06,Amazon,Home & Kitchen,False,Normal Day,49,60,7.3,76529.45,2
2024-07-06,Amazon,Beauty & Personal Care,False,Normal Day,33,37,6.3,23070.23,1
2024-07-06,Amazon,Grocery,False,Normal Day,18,18,9.4,7041.09,0
2024-07-06,Amazon,Books,False,Normal Day,18,22,9.9,7697.98,0
2024-07-06,Amazon,Sports & Fitness,False,Normal Day,24,24,14.3,22692.47,0
2024-07-06,Flipkart,Electronics,False,Normal Day,80,91,10.2,261271.73,1
2024-07-06,Flipkart,Mobiles,False,Normal Day,89,119,14.9,1490515.59,3
2024-07-06,Flipkart,Fashion,False,Normal Day,52,53,9.4,47063.61,1
2024-07-06,Flipkart,Home & Kitchen,False,Normal Day,42,49,14.1,59902.67,1
2024-07-06,Flipkart,Beauty & Personal Care,False,Normal Day,40,42,6.2,25674.29,1
2024-07-06,Flipkart,Grocery,False,Normal Day,14,14,9.0,5228.71,0
2024-07-06,Flipkart,Books,False,Normal Day,15,15,11.5,5232.71,0
2024-07-06,Flipkart,Sports & Fitness,False,Normal Day,20,24,8.1,24293.28,1
2024-07-07,Amazon,Electronics,False,Normal Day,63,84,8.9,250626.04,1
2024-07-07,Amazon,Mobiles,False,Normal Day,100,100,14.0,1253467.13,5
2024-07-07,Amazon,Fashion,False,Normal Day,36,42,9.7,37211.17,0
2024-07-07,Amazon,Home & Kitchen,False,Normal Day,46,53,14.4,63057.32,2
2024-07-07,Amazon,Beauty & Personal Care,False,Normal Day,21,27,14.6,15670.13,0
2024-07-07,Amazon,Grocery,False,Normal Day,27,33,14.4,11979.87,0
2024-07-07,Amazon,Books,False,Normal Day,10,10,6.3,3567.63,0
2024-07-07,Amazon,Sports & Fitness,False,Normal Day,22,26,14.9,24650.32,1
2024-07-07,Flipkart,Electronics,False,Normal Day,79,87,7.3,252677.79,3
2024-07-07,Flipkart,Mobiles,False,Normal Day,103,113,12.1,1410595.79,5
2024-07-07,Flipkart,Fashion,False,Normal Day,54,54,14.7,42573.89,1
2024-07-07,Flipkart,Home & Kitchen,False,Normal Day,29,32,9.4,40312.09,0
2024-07-07,Flipkart,Beauty & Personal Care,False,Normal Day,18,21,10.0,12281.7,0
2024-07-07,Flipkart,Grocery,False,Normal Day,16,17,13.6,6079.36,0
2024-07-07,Flipkart,Books,False,Normal Day,7,7,8.1,2379.49,0
2024-07-07,Flipkart,Sports & Fitness,False,Normal Day,24,26,9.4,27150.46,0
2024-07-08,Amazon,Electronics,False,Normal Day,47,51,11.8,146199.83,1
2024-07-08,Amazon,Mobiles,False,Normal Day,100,103,6.4,1376752.07,2
2024-07-08,Amazon,Fashion,False,Normal Day,40,50,13.4,40432.95,2
2024-07-08,Amazon,Home & Kitchen,False,Normal Day,42,56,11.4,69321.74,1
2024-07-08,Amazon,Beauty & Personal Care,False,Normal Day,19,24,7.5,14292.02,0
2024-07-08,Amazon,Grocery,False,Normal Day,10,12,8.7,4614.73,0
2024-07-08,Amazon,Books,False,Normal Day,11,13,12.2,4734.46,0
2024-07-08,Amazon,Sports & Fitness,False,Normal Day,33,42,7.2,42842.27,0
2024-07-08,Flipkart,Electronics,False,Normal Day,59,69,9.5,202758.75,1
2024-07-08,Flipkart,Mobiles,False,Normal Day,59,67,5.9,927780.7,2
2024-07-08,Flipkart,Fashion,False,Normal Day,24,26,11.3,23139.65,1
2024-07-08,Flipkart,Home & Kitchen,False,Normal Day,50,66,13.8,81840.01,1
2024-07-08,Flipkart,Beauty & Personal Care,False,Normal Day,25,25,7.1,16397.48,0
2024-07-08,Flipkart,Grocery,False,Normal Day,14,15,5.8,6226.6,0
2024-07-08,Flipkart,Books,False,Normal Day,15,15,11.2,4801.65,0
2024-07-08,Flipkart,Sports & Fitness,False,Normal Day,18,20,9.0,20581.99,0
2024-07-09,Amazon,Electronics,False,Normal Day,76,90,11.1,258137.11,3
2024-07-09,Amazon,Mobiles,False,Normal Day,67,79,9.2,1048316.79,3
2024-07-09,Amazon,Fashion,False,Normal Day,28,37,5.4,33204.21,1
2024-07-09,Amazon,Home & Kitchen,False,Normal Day,17,23,10.3,29305.3,0
2024-07-09,Amazon,Beauty & Personal Care,False,Normal Day,14,15,8.1,9543.81,0
2024-07-09,Amazon,Grocery,False,Normal Day,23,28,5.4,11441.57,0
2024-07-09,Amazon,Books,False,Normal Day,17,20,9.9,7080.62,0
2024-07-09,Amazon,Sports & Fitness,False,Normal Day,33,39,13.7,37226.52,1
2024-07-09,Flipkart,Electronics,False,Normal Day,57,69,11.7,201965.78,1
2024-07-09,Flipkart,Mobiles,False,Normal Day,59,72,5.1,971252.12,2
2024-07-09,Flipkart,Fashion,False,Normal Day,47,65,5.3,61423.51,2
2024-07-09,Flipkart,Home & Kitchen,False,Normal Day,50,64,8.3,81516.72,1
2024-07-09,Flipkart,Beauty & Personal Care,False,Normal Day,38,41,14.2,23238.58,1
2024-07-09,Flipkart,Grocery,False,Normal Day,9,11,10.4,4162.62,0
2024-07-09,Flipkart,Books,False,Normal Day,13,15,10.2,5171.76,0
2024-07-09,Flipkart,Sports & Fitness,False,Normal Day,25,26,10.5,26624.63,1
2024-07-10,Amazon,Electronics,False,Normal Day,82,110,13.9,300710.98,3
2024-07-10,Amazon,Mobiles,False,Normal Day,85,89,14.3,1134584.42,4
2024-07-10,Amazon,Fashion,False,Normal Day,53,53,13.7,41988.53,1
2024-07-10,Amazon,Home & Kitchen,False,Normal Day,25,29,7.5,38144.73,1
2024-07-10,Amazon,Beauty & Personal Care,False,Normal Day,24,27,14.0,14457.76,1
2024-07-10,Amazon,Grocery,False,Normal Day,18,22,5.6,9471.46,1
2024-07-10,Amazon,Books,False,Normal Day,17,18,7.4,6980.61,0
2024-07-10,Amazon,Sports & Fitness,False,Normal Day,28,29,12.9,28860.97,1
2024-07-10,Flipkart,Electronics,False,Normal Day,57,57,10.3,165475.14,1
2024-07-10,Flipkart,Mobiles,False,Normal Day,74,85,12.3,1021146.04,2
2024-07-10,Flipkart,Fashion,False,Normal Day,56,64,9.5,53788.9,2
2024-07-10,Flipkart,Home & Kitchen,False,Normal Day,47,54,11.6,67472.95,1
2024-07-10,Flipkart,Beauty & Personal Care,False,Normal Day,28,31,10.5,18137.08,1
2024-07-10,Flipkart,Grocery,False,Normal Day,24,36,8.1,14671.18,0
2024-07-10,Flipkart,Books,False,Normal Day,13,13,7.5,4831.53,0
2024-07-10,Flipkart,Sports & Fitness,False,Normal Day,29,37,10.1,36635.0,0
2024-07-11,Amazon,Electronics,False,Normal Day,53,58,13.8,152024.67,2
2024-07-11,Amazon,Mobiles,False,Normal Day,67,84,14.1,1034092.97,2
2024-07-11,Amazon,Fashion,False,Normal Day,32,35,13.1,29159.77,0
2024-07-11,Amazon,Home & Kitchen,False,Normal Day,30,33,14.0,41708.95,1
2024-07-11,Amazon,Beauty & Personal Care,False,Normal Day,23,29,10.2,16875.75,0
2024-07-11,Amazon,Grocery,False,Normal Day,14,18,7.5,7434.66,0
2024-07-11,Amazon,Books,False,Normal Day,11,13,5.1,4930.43,0
2024-07-11,Amazon,Sports & Fitness,False,Normal Day,22,26,8.1,27443.63,0
2024-07-11,Flipkart,Electronics,False,Normal Day,52,59,8.8,173602.62,3
2024-07-11,Flipkart,Mobiles,False,Normal Day,53,70,5.1,984013.97,3
2024-07-11,Flipkart,Fashion,False,Normal Day,54,54,6.8,46550.44,2
2024-07-11,Flipkart,Home & Kitchen,False,Normal Day,33,37,5.9,47389.87,1
2024-07-11,Flipkart,Beauty & Personal Care,False,Normal Day,48,55,14.2,30382.84,2
2024-07-11,Flipkart,Grocery,False,Normal Day,24,31,11.5,11702.99,0
2024-07-11,Flipkart,Books,False,Normal Day,11,14,14.5,4862.09,0
2024-07-11,Flipkart,Sports & Fitness,False,Normal Day,24,28,14.6,26063.26,0
2024-07-12,Amazon,Electronics,False,Normal Day,63,77,13.0,217049.29,1
2024-07-12,Amazon,Mobiles,False,Normal Day,80,99,7.3,1306844.6,2
2024-07-12,Amazon,Fashion,False,Normal Day,30,40,9.0,35274.06,0
2024-07-12,Amazon,Home & Kitchen,False,Normal Day,36,44,8.2,58157.91,1
2024-07-12,Amazon,Beauty & Personal Care,False,Normal Day,28,40,6.5,25137.05,0
2024-07-12,Amazon,Grocery,False,Normal Day,22,23,14.1,8374.56,0
2024-07-12,Amazon,Books,False,Normal Day,15,20,12.8,6501.08,0
2024-07-12,Amazon,Sports & Fitness,False,Normal Day,31,37,9.7,38493.81,1
2024-07-12,Flipkart,Electronics,False,Normal Day,55,59,11.9,168400.35,2
2024-07-12,Flipkart,Mobiles,False,Normal Day,62,81,13.2,1005858.28,2
2024-07-12,Flipkart,Fashion,False,Normal Day,41,46,12.5,40148.97,0
2024-07-12,Flipkart,Home & Kitchen,False,Normal Day,51,51,6.6,64742.62,1
2024-07-12,Flipkart,Beauty & Personal Care,False,Normal Day,16,18,8.0,11701.86,0
2024-07-12,Flipkart,Grocery,False,Normal Day,20,24,5.7,9534.96,0
2024-07-12,Flipkart,Books,False,Normal Day,16,21,12.0,7235.47,0
2024-07-12,Flipkart,Sports & Fitness,False,Normal Day,41,47,8.0,46799.1,1
2024-07-13,Amazon,Electronics,False,Normal Day,81,81,5.2,245171.48,2
2024-07-13,Amazon,Mobiles,False,Normal Day,100,104,14.9,1295891.44,5
2024-07-13,Amazon,Fashion,False,Normal Day,39,45,5.1,43064.65,2
2024-07-13,Amazon,Home & Kitchen,False,Normal Day,44,51,8.0,63338.48,2
2024-07-13,Amazon,Beauty & Personal Care,False,Normal Day,22,25,7.1,15314.49,0
2024-07-13,Amazon,Grocery,False,Normal Day,18,21,6.4,8897.59,0
2024-07-13,Amazon,Books,False,Normal Day,23,27,11.8,9520.48,0
2024-07-13,Amazon,Sports & Fitness,False,Normal Day,26,29,7.5,30233.49,0
2024-07-13,Flipkart,Electronics,False,Normal Day,67,98,12.0,282770.0,3
2024-07-13,Flipkart,Mobiles,False,Normal Day,73,75,11.2,978729.84,1
2024-07-13,Flipkart,Fashion,False,Normal Day,40,40,9.0,36117.01,1
2024-07-13,Flipkart,Home & Kitchen,False,Normal Day,52,69,8.1,87479.45,1
2024-07-13,Flipkart,Beauty & Personal Care,False,Normal Day,31,35,11.8,20679.34,1
2024-07-13,Flipkart,Grocery,False,Normal Day,14,14,7.7,5944.38,0
2024-07-13,Flipkart,Books,False,Normal Day,24,26,10.2,9260.77,0
2024-07-13,Flipkart,Sports & Fitness,False,Normal Day,30,37,8.9,36501.44,0
2024-07-14,Amazon,Electronics,False,Normal Day,73,78,13.7,211127.54,2
2024-07-14,Amazon,Mobiles,False,Normal Day,102,122,9.0,1685984.53,5
2024-07-14,Amazon,Fashion,False,Normal Day,57,59,6.4,48816.58,2
2024-07-14,Amazon,Home & Kitchen,False,Normal Day,50,59,9.7,72902.85,2
2024-07-14,Amazon,Beauty & Personal Care,False,Normal Day,26,26,9.0,14996.9,0
2024-07-14,Amazon,Grocery,False,Normal Day,18,18,7.1,7222.76,0
2024-07-14,Amazon,Books,False,Normal Day,21,21,6.5,7617.68,1
2024-07-14,Amazon,Sports & Fitness,False,Normal Day,40,47,7.4,47321.06,1
2024-07-14,Flipkart,Electronics,False,Normal Day,80,100,7.6,312104.14,3
2024-07-14,Flipkart,Mobiles,False,Normal Day,74,74,7.5,960285.57,3
2024-07-14,Flipkart,Fashion,False,Normal Day,39,39,6.3,34789.26,1
2024-07-14,Flipkart,Home & Kitchen,False,Normal Day,59,67,11.3,83579.63,1
2024-07-14,Flipkart,Beauty & Personal Care,False,Normal Day,21,21,6.8,13070.23,0
2024-07-14,Flipkart,Grocery,False,Normal Day,19,23,9.8,8598.45,0
2024-07-14,Flipkart,Books,False,Normal Day,18,23,10.8,8348.95,0
2024-07-14,Flipkart,Sports & Fitness,False,Normal Day,28,28,7.3,27852.56,0
2024-07-15,Amazon,Electronics,False,Normal Day,74,74,5.3,239910.23,2
2024-07-15,Amazon,Mobiles,False,Normal Day,81,81,10.7,1073868.38,3
2024-07-15,Amazon,Fashion,False,Normal Day,43,43,12.3,37754.23,1
2024-07-15,Amazon,Home & Kitchen,False,Normal Day,41,48,11.8,62715.93,2
2024-07-15,Amazon,Beauty & Personal Care,False,Normal Day,23,25,11.5,14644.32,1
2024-07-15,Amazon,Grocery,False,Normal Day,22,24,14.9,8758.07,0
2024-07-15,Amazon,Books,False,Normal Day,9,9,11.6,3026.87,0
2024-07-15,Amazon,Sports & Fitness,False,Normal Day,30,31,6.2,32306.14,0
2024-07-15,Flipkart,Electronics,False,Normal Day,70,89,6.0,270468.0,3
2024-07-15,Flipkart,Mobiles,False,Normal Day,61,61,14.4,731594.39,2
2024-07-15,Flipkart,Fashion,False,Normal Day,27,27,5.5,23621.51,0
2024-07-15,Flipkart,Home & Kitchen,False,Normal Day,39,45,14.2,52970.67,1
2024-07-15,Flipkart,Beauty & Personal Care,False,Normal Day,18,20,11.4,11344.56,0
2024-07-15,Flipkart,Grocery,False,Normal Day,15,15,7.4,5946.07,0
2024-07-15,Flipkart,Books,False,Normal Day,17,20,10.4,7216.22,0
2024-07-15,Flipkart,Sports & Fitness,False,Normal Day,30,30,14.3,28170.29,1
2024-07-16,Amazon,Electronics,False,Normal Day,59,64,7.0,196211.79,2
2024-07-16,Amazon,Mobiles,False,Normal Day,74,101,12.6,1348191.17,3
2024-07-16,Amazon,Fashion,False,Normal Day,59,77,8.4,64314.85,2
2024-07-16,Amazon,Home & Kitchen,False,Normal Day,25,28,7.7,35536.36,1
2024-07-16,Amazon,Beauty & Personal Care,False,Normal Day,26,32,11.8,18697.85,0
2024-07-16,Amazon,Grocery,False,Normal Day,18,23,9.3,8990.05,0
2024-07-16,Amazon,Books,False,Normal Day,15,16,9.3,5774.94,0
2024-07-16,Amazon,Sports & Fitness,False,Normal Day,21,24,5.6,25272.15,1
2024-07-16,Flipkart,Electronics,False,Normal Day,72,72,10.3,212367.61,1
2024-07-16,Flipkart,Mobiles,False,Normal Day,82,87,8.4,1147626.05,2
2024-07-16,Flipkart,Fashion,False,Normal Day,51,59,14.7,48274.45,1
2024-07-16,Flipkart,Home & Kitchen,False,Normal Day,51,51,6.2,67214.88,1
2024-07-16,Flipkart,Beauty & Personal Care,False,Normal Day,26,26,5.5,16154.54,1
2024-07-16,Flipkart,Grocery,False,Normal Day,18,18,6.8,6990.55,0
2024-07-16,Flipkart,Books,False,Normal Day,11,11,5.8,3953.75,0
2024-07-16,Flipkart,Sports & Fitness,False,Normal Day,30,49,5.8,52519.76,1
2024-07-17,Amazon,Electronics,False,Normal Day,68,68,11.6,195379.62,2
2024-07-17,Amazon,Mobiles,False,Normal Day,65,83,13.2,1014024.28,3
2024-07-17,Amazon,Fashion,False,Normal Day,36,36,13.4,29446.02,1
2024-07-17,Amazon,Home & Kitchen,False,Normal Day,43,52,6.4,65684.66,1
2024-07-17,Amazon,Beauty & Personal Care,False,Normal Day,33,33,10.1,19318.68,1
2024-07-17,Amazon,Grocery,False,Normal Day,11,14,11.1,5211.57,0
2024-07-17,Amazon,Books,False,Normal Day,13,13,14.3,4449.76,0
2024-07-17,Amazon,Sports & Fitness,False,Normal Day,30,32,5.6,33439.6,1
2024-07-17,Flipkart,Electronics,False,Normal Day,54,55,8.5,171190.9,1
2024-07-17,Flipkart,Mobiles,False,Normal Day,69,90,13.9,1205724.45,1
2024-07-17,Flipkart,Fashion,False,Normal Day,46,46,10.7,37344.9,1
2024-07-17,Flipkart,Home & Kitchen,False,Normal Day,43,62,12.7,74969.73,1
2024-07-17,Flipkart,Beauty & Personal Care,False,Normal Day,22,22,7.4,13191.79,0
2024-07-17,Flipkart,Grocery,False,Normal Day,26,28,5.3,11356.56,0
2024-07-17,Flipkart,Books,False,Normal Day,11,13,13.6,4711.24,0
2024-07-17,Flipkart,Sports & Fitness,False,Normal Day,27,28,9.9,29124.74,1
2024-07-18,Amazon,Electronics,False,Normal Day,77,86,13.1,234962.92,4
2024-07-18,Amazon,Mobiles,False,Normal Day,75,88,11.1,1136949.88,3
2024-07-18,Amazon,Fashion,False,Normal Day,47,47,9.0,42678.26,1
2024-07-18,Amazon,Home & Kitchen,False,Normal Day,41,42,15.0,53740.32,2
2024-07-18,Amazon,Beauty & Personal Care,False,Normal Day,26,29,14.4,16449.18,0
2024-07-18,Amazon,Grocery,False,Normal Day,22,22,9.9,8159.25,1
2024-07-18,Amazon,Books,False,Normal Day,15,15,14.4,5233.0,0
2024-07-18,Amazon,Sports & Fitness,False,Normal Day,22,24,7.8,24724.33,1
2024-07-18,Flipkart,Electronics,False,Normal Day,73,73,14.9,205193.95,1
2024-07-18,Flipkart,Mobiles,False,Normal Day,66,80,14.0,992437.49,3
2024-07-18,Flipkart,Fashion,False,Normal Day,37,50,12.9,41946.54,0
2024-07-18,Flipkart,Home & Kitchen,False,Normal Day,32,37,9.4,47406.66,1
2024-07-18,Flipkart,Beauty & Personal Care,False,Normal Day,22,27,7.6,16558.53,0
2024-07-18,Flipkart,Grocery,False,Normal Day,10,10,14.0,3624.81,0
2024-07-18,Flipkart,Books,False,Normal Day,13,18,7.9,6359.22,0
2024-07-18,Flipkart,Sports & Fitness,False,Normal Day,26,26,12.1,25085.1,0
2024-07-19,Amazon,Electronics,False,Normal Day,65,72,5.6,221750.81,3
2024-07-19,Amazon,Mobiles,False,Normal Day,74,78,8.9,1016509.1,2
2024-07-19,Amazon,Fashion,False,Normal Day,40,49,14.1,41649.12,1
2024-07-19,Amazon,Home & Kitchen,False,Normal Day,38,38,9.3,47879.95,1
2024-07-19,Amazon,Beauty & Personal Care,False,Normal Day,28,39,7.9,23647.33,0
2024-07-19,Amazon,Grocery,False,Normal Day,13,13,8.8,5358.46,0
2024-07-19,Amazon,Books,False,Normal Day,17,20,10.4,7095.27,0
2024-07-19,Amazon,Sports & Fitness,False,Normal Day,22,23,14.5,24443.38,0
2024-07-19,Flipkart,Electronics,False,Normal Day,65,65,9.8,185525.35,2
2024-07-19,Flipkart,Mobiles,False,Normal Day,74,109,13.7,1383640.56,3
2024-07-19,Flipkart,Fashion,False,Normal Day,35,38,7.6,33725.6,1
2024-07-19,Flipkart,Home & Kitchen,False,Normal Day,33,43,8.6,58135.75,1
2024-07-19,Flipkart,Beauty & Personal Care,False,Normal Day,20,23,7.5,14167.46,1
2024-07-19,Flipkart,Grocery,False,Normal Day,16,23,7.5,8960.53,0
2024-07-19,Flipkart,Books,False,Normal Day,12,13,6.2,4679.56,0
2024-07-19,Flipkart,Sports & Fitness,False,Normal Day,26,31,10.1,32622.88,1
2024-07-20,Amazon,Electronics,False,Normal Day,56,64,9.9,188432.39,1
2024-07-20,Amazon,Mobiles,False,Normal Day,83,90,8.3,1241175.48,3
2024-07-20,Amazon,Fashion,False,Normal Day,41,52,13.3,43272.3,1
2024-07-20,Amazon,Home & Kitchen,False,Normal Day,53,59,6.4,80667.19,2
2024-07-20,Amazon,Beauty & Personal Care,False,Normal Day,37,46,12.4,26227.27,1
2024-07-20,Amazon,Grocery,False,Normal Day,32,45,6.3,17328.8,1
2024-07-20,Amazon,Books,False,Normal Day,10,10,5.8,3747.0,0
2024-07-20,Amazon,Sports & Fitness,False,Normal Day,24,25,8.8,24949.94,1
2024-07-20,Flipkart,Electronics,False,Normal Day,84,84,9.9,239140.0,4
2024-07-20,Flipkart,Mobiles,False,Normal Day,104,118,11.3,1530595.57,5
2024-07-20,Flipkart,Fashion,False,Normal Day,48,65,9.1,57198.68,2
2024-07-20,Flipkart,Home & Kitchen,False,Normal Day,42,53,14.1,66009.74,2
2024-07-20,Flipkart,Beauty & Personal Care,False,Normal Day,26,30,6.6,18637.56,0
2024-07-20,Flipkart,Grocery,False,Normal Day,21,21,13.8,7493.84,1
2024-07-20,Flipkart,Books,False,Normal Day,13,21,6.0,7794.15,0
2024-07-20,Flipkart,Sports & Fitness,False,Normal Day,34,43,13.6,40990.42,2
2024-07-21,Amazon,Electronics,False,Normal Day,75,106,14.2,289601.65,2
2024-07-21,Amazon,Mobiles,False,Normal Day,104,104,10.1,1385839.72,4
2024-07-21,Amazon,Fashion,False,Normal Day,50,60,9.9,50649.71,1
2024-07-21,Amazon,Home & Kitchen,False,Normal Day,43,53,6.9,69313.81,1
2024-07-21,Amazon,Beauty & Personal Care,False,Normal Day,13,18,8.4,10901.86,0
2024-07-21,Amazon,Grocery,False,Normal Day,21,25,6.5,10269.28,0
2024-07-21,Amazon,Books,False,Normal Day,21,24,10.1,8407.55,1
2024-07-21,Amazon,Sports & Fitness,False,Normal Day,39,55,10.1,55593.29,1
2024-07-21,Flipkart,Electronics,False,Normal Day,80,86,10.6,240489.19,2
2024-07-21,Flipkart,Mobiles,False,Normal Day,89,108,6.6,1483306.95,5
2024-07-21,Flipkart,Fashion,False,Normal Day,48,71,13.9,60324.23,1
2024-07-21,Flipkart,Home & Kitchen,False,Normal Day,40,40,6.9,53200.28,1
2024-07-21,Flipkart,Beauty & Personal Care,False,Normal Day,30,31,11.2,18331.03,0
2024-07-21,Flipkart,Grocery,False,Normal Day,10,11,10.7,4475.12,0
2024-07-21,Flipkart,Books,False,Normal Day,16,18,9.1,6218.68,0
2024-07-21,Flipkart,Sports & Fitness,False,Normal Day,34,44,7.5,47102.12,1
2024-07-22,Amazon,Electronics,False,Normal Day,67,83,14.8,238198.31,3
2024-07-22,Amazon,Mobiles,False,Normal Day,86,124,10.5,1692046.32,2
2024-07-22,Amazon,Fashion,False,Normal Day,37,49,12.2,41437.1,0
2024-07-22,Amazon,Home & Kitchen,False,Normal Day,40,52,6.2,65564.1,1
2024-07-22,Amazon,Beauty & Personal Care,False,Normal Day,22,29,7.9,17692.05,0
2024-07-22,Amazon,Grocery,False,Normal Day,11,11,9.9,4461.59,0
2024-07-22,Amazon,Books,False,Normal Day,13,15,14.1,5147.62,0
2024-07-22,Amazon,Sports & Fitness,False,Normal Day,33,33,7.1,32566.11,1
2024-07-22,Flipkart,Electronics,False,Normal Day,70,81,6.6,247053.78,2
2024-07-22,Flipkart,Mobiles,False,Normal Day,75,90,6.9,1231299.85,2
2024-07-22,Flipkart,Fashion,False,Normal Day,45,62,8.2,52279.84,1
2024-07-22,Flipkart,Home & Kitchen,False,Normal Day,38,38,14.8,45712.5,1
2024-07-22,Flipkart,Beauty & Personal Care,False,Normal Day,31,35,8.1,21866.95,1
2024-07-22,Flipkart,Grocery,False,Normal Day,11,13,14.0,4931.84,0
2024-07-22,Flipkart,Books,False,Normal Day,15,15,6.2,5297.39,0
2024-07-22,Flipkart,Sports & Fitness,False,Normal Day,20,23,10.4,23007.53,0
2024-07-23,Amazon,Electronics,False,Normal Day,67,67,7.0,197177.95,3
2024-07-23,Amazon,Mobiles,False,Normal Day,60,78,8.0,1073778.59,3
2024-07-23,Amazon,Fashion,False,Normal Day,31,35,10.4,29381.87,1
2024-07-23,Amazon,Home & Kitchen,False,Normal Day,28,37,5.6,47770.91,0
2024-07-23,Amazon,Beauty & Personal Care,False,Normal Day,30,34,14.2,18657.5,1
2024-07-23,Amazon,Grocery,False,Normal Day,16,19,6.0,7545.93,0
2024-07-23,Amazon,Books,False,Normal Day,10,10,9.8,3469.43,0
2024-07-23,Amazon,Sports & Fitness,False,Normal Day,14,16,8.6,17416.88,0
2024-07-23,Flipkart,Electronics,False,Normal Day,75,75,7.2,217759.88,1
2024-07-23,Flipkart,Mobiles,False,Normal Day,78,83,13.1,1088837.64,3
2024-07-23,Flipkart,Fashion,False,Normal Day,48,65,14.4,52316.41,2
2024-07-23,Flipkart,Home & Kitchen,False,Normal Day,51,73,11.7,90971.16,1
2024-07-23,Flipkart,Beauty & Personal Care,False,Normal Day,32,36,14.6,20110.17,0
2024-07-23,Flipkart,Grocery,False,Normal Day,7,7,10.9,2657.87,0
2024-07-23,Flipkart,Books,False,Normal Day,11,14,7.7,5210.81,0
2024-07-23,Flipkart,Sports & Fitness,False,Normal Day,27,28,12.3,27115.18,1
2024-07-24,Amazon,Electronics,False,Normal Day,51,58,11.3,161922.36,1
2024-07-24,Amazon,Mobiles,False,Normal Day,78,84,11.6,1124423.45,4
2024-07-24,Amazon,Fashion,False,Normal Day,45,53,5.4,46354.56,1
2024-07-24,Amazon,Home & Kitchen,False,Normal Day,33,38,8.8,48726.04,1
2024-07-24,Amazon,Beauty & Personal Care,False,Normal Day,20,24,10.5,13867.96,0
2024-07-24,Amazon,Grocery,False,Normal Day,15,16,5.6,6581.5,0
2024-07-24,Amazon,Books,False,Normal Day,14,17,12.7,5896.63,0
2024-07-24,Amazon,Sports & Fitness,False,Normal Day,21,28,11.9,27538.37,0
2024-07-24,Flipkart,Electronics,False,Normal Day,65,81,7.2,238563.68,2
2024-07-24,Flipkart,Mobiles,False,Normal Day,68,88,11.1,1172562.32,3
2024-07-24,Flipkart,Fashion,False,Normal Day,33,50,11.9,43316.18,1
2024-07-24,Flipkart,Home & Kitchen,False,Normal Day,49,49,6.6,66873.83,2
2024-07-24,Flipkart,Beauty & Personal Care,False,Normal Day,22,26,14.9,14580.63,0
2024-07-24,Flipkart,Grocery,False,Normal Day,14,17,5.4,6528.3,0
2024-07-24,Flipkart,Books,False,Normal Day,13,13,11.9,4543.46,0
2024-07-24,Flipkart,Sports & Fitness,False,Normal Day,27,32,11.5,31301.5,1
2024-07-25,Amazon,Electronics,False,Normal Day,72,72,10.4,206125.97,3
2024-07-25,Amazon,Mobiles,False,Normal Day,77,90,12.8,1195673.63,3
2024-07-25,Amazon,Fashion,False,Normal Day,41,52,10.6,44356.27,1
2024-07-25,Amazon,Home & Kitchen,False,Normal Day,39,49,10.7,58502.9,1
2024-07-25,Amazon,Beauty & Personal Care,False,Normal Day,33,33,11.2,19413.22,0
2024-07-25,Amazon,Grocery,False,Normal Day,16,18,6.9,7216.89,0
2024-07-25,Amazon,Books,False,Normal Day,14,15,10.1,5301.38,0
2024-07-25,Amazon,Sports & Fitness,False,Normal Day,21,21,9.6,21012.42,1
2024-07-25,Flipkart,Electronics,False,Normal Day,80,116,5.7,341511.57,2
2024-07-25,Flipkart,Mobiles,False,Normal Day,50,50,11.9,638480.5,1
2024-07-25,Flipkart,Fashion,False,Normal Day,44,44,13.5,36604.36,1
2024-07-25,Flipkart,Home & Kitchen,False,Normal Day,51,51,13.1,63516.07,1
2024-07-25,Flipkart,Beauty & Personal Care,False,Normal Day,20,22,7.4,13593.45,1
2024-07-25,Flipkart,Grocery,False,Normal Day,16,17,5.3,7459.89,0
2024-07-25,Flipkart,Books,False,Normal Day,13,15,10.6,5346.19,0
2024-07-25,Flipkart,Sports & Fitness,False,Normal Day,22,24,7.3,22802.96,0
2024-07-26,Amazon,Electronics,False,Normal Day,59,68,7.8,200776.19,2
2024-07-26,Amazon,Mobiles,False,Normal Day,95,115,6.2,1714135.93,3
2024-07-26,Amazon,Fashion,False,Normal Day,44,56,8.3,48535.23,1
2024-07-26,Amazon,Home & Kitchen,False,Normal Day,53,53,10.0,66431.44,2
2024-07-26,Amazon,Beauty & Personal Care,False,Normal Day,27,36,5.6,23673.29,1
2024-07-26,Amazon,Grocery,False,Normal Day,20,20,9.2,7526.42,0
2024-07-26,Amazon,Books,False,Normal Day,7,7,8.1,2389.53,0
2024-07-26,Amazon,Sports & Fitness,False,Normal Day,37,37,12.8,36155.28,2
2024-07-26,Flipkart,Electronics,False,Normal Day,63,63,13.4,180995.63,2
2024-07-26,Flipkart,Mobiles,False,Normal Day,95,114,14.6,1452963.73,2
2024-07-26,Flipkart,Fashion,False,Normal Day,54,71,11.1,59366.7,2
2024-07-26,Flipkart,Home & Kitchen,False,Normal Day,40,49,10.3,65246.35,1
2024-07-26,Flipkart,Beauty & Personal Care,False,Normal Day,21,22,14.6,12698.06,1
2024-07-26,Flipkart,Grocery,False,Normal Day,19,22,9.3,8182.31,1
2024-07-26,Flipkart,Books,False,Normal Day,11,11,10.4,3678.09,0
2024-07-26,Flipkart,Sports & Fitness,False,Normal Day,28,28,12.1,26902.77,0
2024-07-27,Amazon,Electronics,False,Normal Day,61,64,10.8,184785.95,1
2024-07-27,Amazon,Mobiles,False,Normal Day,89,110,11.8,1416615.95,4
2024-07-27,Amazon,Fashion,False,Normal Day,53,62,7.7,53342.35,1
2024-07-27,Amazon,Home & Kitchen,False,Normal Day,55,63,14.7,76415.77,2
2024-07-27,Amazon,Beauty & Personal Care,False,Normal Day,19,19,9.0,10532.1,0
2024-07-27,Amazon,Grocery,False,Normal Day,16,16,9.7,5926.99,0
2024-07-27,Amazon,Books,False,Normal Day,22,24,14.5,7895.72,1
2024-07-27,Amazon,Sports & Fitness,False,Normal Day,28,33,8.6,33399.93,1
2024-07-27,Flipkart,Electronics,False,Normal Day,86,89,8.2,283841.49,2
2024-07-27,Flipkart,Mobiles,False,Normal Day,109,152,5.1,2051529.44,3
2024-07-27,Flipkart,Fashion,False,Normal Day,54,64,13.8,54330.31,2
2024-07-27,Flipkart,Home & Kitchen,False,Normal Day,29,33,13.3,37040.9,0
2024-07-27,Flipkart,Beauty & Personal Care,False,Normal Day,28,28,12.3,15372.41,1
2024-07-27,Flipkart,Grocery,False,Normal Day,26,26,11.3,9445.24,1
2024-07-27,Flipkart,Books,False,Normal Day,12,12,11.0,4240.7,0
2024-07-27,Flipkart,Sports & Fitness,False,Normal Day,31,32,7.6,33310.34,1
2024-07-28,Amazon,Electronics,False,Normal Day,81,98,5.8,289583.05,2
2024-07-28,Amazon,Mobiles,False,Normal Day,127,143,12.3,1790934.47,2
2024-07-28,Amazon,Fashion,False,Normal Day,47,47,11.6,38789.53,2
2024-07-28,Amazon,Home & Kitchen,False,Normal Day,47,56,11.1,69374.68,1
2024-07-28,Amazon,Beauty & Personal Care,False,Normal Day,34,34,7.9,20837.78,1
2024-07-28,Amazon,Grocery,False,Normal Day,14,14,9.7,5431.01,0
2024-07-28,Amazon,Books,False,Normal Day,15,17,11.6,5696.33,0
2024-07-28,Amazon,Sports & Fitness,False,Normal Day,30,40,12.4,39126.79,1
2024-07-28,Flipkart,Electronics,False,Normal Day,64,65,12.2,177413.49,1
2024-07-28,Flipkart,Mobiles,False,Normal Day,108,108,8.8,1398832.58,2
2024-07-28,Flipkart,Fashion,False,Normal Day,40,52,10.6,42514.51,1
2024-07-28,Flipkart,Home & Kitchen,False,Normal Day,59,75,8.2,96112.06,2
2024-07-28,Flipkart,Beauty & Personal Care,False,Normal Day,36,39,13.6,21880.54,1
2024-07-28,Flipkart,Grocery,False,Normal Day,23,31,6.9,11773.66,0
2024-07-28,Flipkart,Books,False,Normal Day,11,12,14.6,3989.19,0
2024-07-28,Flipkart,Sports & Fitness,False,Normal Day,34,38,12.5,37681.55,0
2024-07-29,Amazon,Electronics,False,Normal Day,50,50,6.1,146890.01,1
2024-07-29,Amazon,Mobiles,False,Normal Day,83,124,7.6,1639827.61,2
2024-07-29,Amazon,Fashion,False,Normal Day,46,46,10.5,37995.94,1
2024-07-29,Amazon,Home & Kitchen,False,Normal Day,35,35,8.4,46346.27,1
2024-07-29,Amazon,Beauty & Personal Care,False,Normal Day,32,32,13.3,18344.97,0
2024-07-29,Amazon,Grocery,False,Normal Day,10,11,13.1,4237.68,0
2024-07-29,Amazon,Books,False,Normal Day,3,4,7.6,1442.51,0
2024-07-29,Amazon,Sports & Fitness,False,Normal Day,20,22,8.1,23082.26,0
2024-07-29,Flipkart,Electronics,False,Normal Day,65,72,8.4,217665.91,2
2024-07-29,Flipkart,Mobiles,False,Normal Day,66,74,10.7,956795.17,1
2024-07-29,Flipkart,Fashion,False,Normal Day,67,67,14.0,56035.11,3
2024-07-29,Flipkart,Home & Kitchen,False,Normal Day,21,21,9.9,26354.1,1
2024-07-29,Flipkart,Beauty & Personal Care,False,Normal Day,32,33,10.5,19305.74,1
2024-07-29,Flipkart,Grocery,False,Normal Day,15,15,5.7,6437.14,0
2024-07-29,Flipkart,Books,False,Normal Day,8,9,6.3,3008.6,0
2024-07-29,Flipkart,Sports & Fitness,False,Normal Day,32,41,14.7,40294.62,1
2024-07-30,Amazon,Electronics,False,Normal Day,47,50,10.4,139464.79,1
2024-07-30,Amazon,Mobiles,False,Normal Day,75,100,12.4,1265799.25,1
2024-07-30,Amazon,Fashion,False,Normal Day,58,62,10.3,52893.46,2
2024-07-30,Amazon,Home & Kitchen,False,Normal Day,40,56,11.5,73269.65,1
2024-07-30,Amazon,Beauty & Personal Care,False,Normal Day,16,17,9.9,9804.31,0
2024-07-30,Amazon,Grocery,False,Normal Day,16,17,13.4,6521.94,0
2024-07-30,Amazon,Books,False,Normal Day,11,14,9.4,5087.26,0
2024-07-30,Amazon,Sports & Fitness,False,Normal Day,20,24,8.8,24029.52,0
2024-07-30,Flipkart,Electronics,False,Normal Day,49,49,6.0,151158.21,1
2024-07-30,Flipkart,Mobiles,False,Normal Day,63,72,8.9,942858.8,1
2024-07-30,Flipkart,Fashion,False,Normal Day,41,50,12.7,43636.18,1
2024-07-30,Flipkart,Home & Kitchen,False,Normal Day,40,52,12.7,63857.39,2
2024-07-30,Flipkart,Beauty & Personal Care,False,Normal Day,26,27,6.2,16091.29,1
2024-07-30,Flipkart,Grocery,False,Normal Day,21,28,6.2,10951.54,0
2024-07-30,Flipkart,Books,False,Normal Day,13,13,10.4,4639.38,0
2024-07-30,Flipkart,Sports & Fitness,False,Normal Day,19,19,7.8,19602.69,0
2024-07-31,Amazon,Electronics,False,Normal Day,65,77,12.8,223986.55,1
2024-07-31,Amazon,Mobiles,False,Normal Day,76,85,11.6,1042797.2,2
2024-07-31,Amazon,Fashion,False,Normal Day,37,43,12.2,36141.13,1
2024-07-31,Amazon,Home & Kitchen,False,Normal Day,42,57,9.3,74233.97,1
2024-07-31,Amazon,Beauty & Personal Care,False,Normal Day,17,17,11.6,9535.52,0
2024-07-31,Amazon,Grocery,False,Normal Day,15,21,15.0,7202.52,0
2024-07-31,Amazon,Books,False,Normal Day,11,11,5.7,4142.25,0
2024-07-31,Amazon,Sports & Fitness,False,Normal Day,16,18,7.0,20278.94,0
2024-07-31,Flipkart,Electronics,False,Normal Day,66,76,5.4,220909.73,1
2024-07-31,Flipkart,Mobiles,False,Normal Day,77,80,6.6,1089619.41,1
2024-07-31,Flipkart,Fashion,False,Normal Day,28,31,8.6,26679.26,1
2024-07-31,Flipkart,Home & Kitchen,False,Normal Day,39,48,10.3,62277.72,1
2024-07-31,Flipkart,Beauty & Personal Care,False,Normal Day,16,19,14.9,10657.37,0
2024-07-31,Flipkart,Grocery,False,Normal Day,15,15,12.9,5217.54,0
2024-07-31,Flipkart,Books,False,Normal Day,11,12,14.0,4062.73,0
2024-07-31,Flipkart,Sports & Fitness,False,Normal Day,22,25,12.2,23975.95,1
2024-08-01,Amazon,Electronics,False,Normal Day,70,96,12.5,265366.05,3
2024-08-01,Amazon,Mobiles,False,Normal Day,60,62,6.8,830482.41,1
2024-08-01,Amazon,Fashion,False,Normal Day,47,60,11.4,49243.11,1
2024-08-01,Amazon,Home & Kitchen,False,Normal Day,50,59,9.0,78192.36,2
2024-08-01,Amazon,Beauty & Personal Care,False,Normal Day,18,22,13.6,12423.78,0
2024-08-01,Amazon,Grocery,False,Normal Day,24,24,12.6,8781.38,1
2024-08-01,Amazon,Books,False,Normal Day,6,6,14.2,1888.62,0
2024-08-01,Amazon,Sports & Fitness,False,Normal Day,28,28,13.3,26474.88,1
2024-08-01,Flipkart,Electronics,False,Normal Day,68,77,9.5,223651.14,3
2024-08-01,Flipkart,Mobiles,False,Normal Day,72,77,6.5,1042383.05,4
2024-08-01,Flipkart,Fashion,False,Normal Day,50,58,8.0,51636.74,2
2024-08-01,Flipkart,Home & Kitchen,False,Normal Day,43,43,9.4,55169.59,1
2024-08-01,Flipkart,Beauty & Personal Care,False,Normal Day,15,17,5.4,10662.3,0
2024-08-01,Flipkart,Grocery,False,Normal Day,11,12,13.1,4765.1,0
2024-08-01,Flipkart,Books,False,Normal Day,11,14,12.1,5135.49,0
2024-08-01,Flipkart,Sports & Fitness,False,Normal Day,24,31,11.1,30438.17,0
2024-08-02,Amazon,Electronics,False,Normal Day,60,73,10.9,203920.08,1
2024-08-02,Amazon,Mobiles,False,Normal Day,105,169,10.6,2216675.63,2
2024-08-02,Amazon,Fashion,False,Normal Day,41,43,7.6,37736.51,2
2024-08-02,Amazon,Home & Kitchen,False,Normal Day,33,37,11.4,47866.66,1
2024-08-02,Amazon,Beauty & Personal Care,False,Normal Day,30,37,9.5,21926.27,1
2024-08-02,Amazon,Grocery,False,Normal Day,14,17,10.0,6541.19,0
2024-08-02,Amazon,Books,False,Normal Day,15,15,11.1,4918.91,0
2024-08-02,Amazon,Sports & Fitness,False,Normal Day,31,43,13.5,40329.62,1
2024-08-02,Flipkart,Electronics,False,Normal Day,69,89,9.8,255780.14,2
2024-08-02,Flipkart,Mobiles,False,Normal Day,71,87,5.6,1175250.69,1
2024-08-02,Flipkart,Fashion,False,Normal Day,44,54,5.8,47111.64,2
2024-08-02,Flipkart,Home & Kitchen,False,Normal Day,32,33,5.8,46855.77,0
2024-08-02,Flipkart,Beauty & Personal Care,False,Normal Day,33,40,12.7,22774.58,1
2024-08-02,Flipkart,Grocery,False,Normal Day,17,18,11.8,6979.57,0
2024-08-02,Flipkart,Books,False,Normal Day,15,17,12.7,5895.15,0
2024-08-02,Flipkart,Sports & Fitness,False,Normal Day,26,27,10.5,28043.26,1
2024-08-03,Amazon,Electronics,False,Normal Day,82,103,14.1,270779.72,2
2024-08-03,Amazon,Mobiles,False,Normal Day,98,98,14.7,1169951.38,5
2024-08-03,Amazon,Fashion,False,Normal Day,60,62,8.5,53947.42,1
2024-08-03,Amazon,Home & Kitchen,False,Normal Day,43,52,11.9,65608.69,2
2024-08-03,Amazon,Beauty & Personal Care,False,Normal Day,23,23,12.3,13629.04,1
2024-08-03,Amazon,Grocery,False,Normal Day,28,39,14.6,14352.24,0
2024-08-03,Amazon,Books,False,Normal Day,11,13,12.1,4642.81,0
2024-08-03,Amazon,Sports & Fitness,False,Normal Day,33,34,5.1,35897.39,1
2024-08-03,Flipkart,Electronics,False,Normal Day,90,106,8.3,323278.21,5
2024-08-03,Flipkart,Mobiles,False,Normal Day,84,111,9.6,1457990.07,1
2024-08-03,Flipkart,Fashion,False,Normal Day,43,44,10.7,39154.34,1
2024-08-03,Flipkart,Home & Kitchen,False,Normal Day,40,46,11.9,56380.85,1
2024-08-03,Flipkart,Beauty & Personal Care,False,Normal Day,28,32,8.9,18237.79,0
2024-08-03,Flipkart,Grocery,False,Normal Day,20,29,11.8,11142.06,0
2024-08-03,Flipkart,Books,False,Normal Day,10,12,10.5,4027.07,0
2024-08-03,Flipkart,Sports & Fitness,False,Normal Day,33,41,14.2,38261.8,1
2024-08-04,Amazon,Electronics,False,Normal Day,64,77,12.3,217082.91,2
2024-08-04,Amazon,Mobiles,False,Normal Day,89,114,11.4,1387798.33,2
2024-08-04,Amazon,Fashion,False,Normal Day,40,50,6.5,45966.53,0
2024-08-04,Amazon,Home & Kitchen,False,Normal Day,45,45,8.6,57891.06,1
2024-08-04,Amazon,Beauty & Personal Care,False,Normal Day,20,20,9.5,11997.86,1
2024-08-04,Amazon,Grocery,False,Normal Day,14,15,10.6,5847.4,0
2024-08-04,Amazon,Books,False,Normal Day,9,10,8.7,3455.03,0
2024-08-04,Amazon,Sports & Fitness,False,Normal Day,30,33,10.7,33750.78,0
2024-08-04,Flipkart,Electronics,False,Normal Day,92,110,13.7,327727.1,3
2024-08-04,Flipkart,Mobiles,False,Normal Day,89,89,12.0,1223717.94,3
2024-08-04,Flipkart,Fashion,False,Normal Day,39,50,7.4,46399.48,1
2024-08-04,Flipkart,Home & Kitchen,False,Normal Day,44,44,10.6,52470.21,2
2024-08-04,Flipkart,Beauty & Personal Care,False,Normal Day,39,39,8.3,22980.25,2
2024-08-04,Flipkart,Grocery,False,Normal Day,22,22,14.7,7982.66,0
2024-08-04,Flipkart,Books,False,Normal Day,13,17,10.3,5766.27,0
2024-08-04,Flipkart,Sports & Fitness,False,Normal Day,16,21,11.7,22163.06,0
2024-08-05,Amazon,Electronics,False,Normal Day,54,68,12.3,192245.01,1
2024-08-05,Amazon,Mobiles,False,Normal Day,70,70,12.9,900074.44,2
2024-08-05,Amazon,Fashion,False,Normal Day,42,55,5.9,51411.27,1
2024-08-05,Amazon,Home & Kitchen,False,Normal Day,50,58,13.0,68265.47,1
2024-08-05,Amazon,Beauty & Personal Care,False,Normal Day,29,32,7.3,19741.06,1
2024-08-05,Amazon,Grocery,False,Normal Day,18,22,12.4,8284.14,0
2024-08-05,Amazon,Books,False,Normal Day,6,7,9.1,2671.24,0
2024-08-05,Amazon,Sports & Fitness,False,Normal Day,32,34,14.2,32057.48,1
2024-08-05,Flipkart,Electronics,False,Normal Day,60,71,13.7,201910.31,2
2024-08-05,Flipkart,Mobiles,False,Normal Day,69,79,12.6,1016513.93,2
2024-08-05,Flipkart,Fashion,False,Normal Day,50,57,14.4,46738.83,2
2024-08-05,Flipkart,Home & Kitchen,False,Normal Day,43,51,5.8,68634.59,2
2024-08-05,Flipkart,Beauty & Personal Care,False,Normal Day,20,20,10.2,11442.61,0
2024-08-05,Flipkart,Grocery,False,Normal Day,19,22,12.9,8484.06,1
2024-08-05,Flipkart,Books,False,Normal Day,18,20,6.5,7680.26,0
2024-08-05,Flipkart,Sports & Fitness,False,Normal Day,29,29,9.0,29503.3,1
2024-08-06,Amazon,Electronics,False,Normal Day,68,78,5.8,238213.72,3
2024-08-06,Amazon,Mobiles,False,Normal Day,96,98,11.7,1240786.31,5
2024-08-06,Amazon,Fashion,False,Normal Day,52,60,6.8,55397.57,1
2024-08-06,Amazon,Home & Kitchen,False,Normal Day,36,44,13.6,52857.03,0
2024-08-06,Amazon,Beauty & Personal Care,False,Normal Day,36,46,10.3,26081.17,1
2024-08-06,Amazon,Grocery,False,Normal Day,14,14,9.9,5462.73,0
2024-08-06,Amazon,Books,False,Normal Day,11,11,13.6,3544.04,0
2024-08-06,Amazon,Sports & Fitness,False,Normal Day,40,49,8.9,50924.52,1
2024-08-06,Flipkart,Electronics,False,Normal Day,54,67,9.8,206917.9,2
2024-08-06,Flipkart,Mobiles,False,Normal Day,84,112,8.0,1582341.83,3
2024-08-06,Flipkart,Fashion,False,Normal Day,50,50,7.6,43609.53,2
2024-08-06,Flipkart,Home & Kitchen,False,Normal Day,42,42,7.2,53562.71,2
2024-08-06,Flipkart,Beauty & Personal Care,False,Normal Day,23,24,7.4,14929.57,0
2024-08-06,Flipkart,Grocery,False,Normal Day,21,25,9.8,9802.46,1
2024-08-06,Flipkart,Books,False,Normal Day,12,12,13.8,4135.64,0
2024-08-06,Flipkart,Sports & Fitness,False,Normal Day,30,33,6.0,35078.41,0
2024-08-07,Amazon,Electronics,False,Normal Day,68,68,6.5,205318.42,1
2024-08-07,Amazon,Mobiles,False,Normal Day,63,72,14.4,866408.94,2
2024-08-07,Amazon,Fashion,False,Normal Day,47,63,13.2,53474.89,1
2024-08-07,Amazon,Home & Kitchen,False,Normal Day,45,52,14.5,64683.38,1
2024-08-07,Amazon,Beauty & Personal Care,False,Normal Day,25,25,9.1,15536.06,0
2024-08-07,Amazon,Grocery,False,Normal Day,12,15,8.7,6163.31,0
2024-08-07,Amazon,Books,False,Normal Day,9,9,13.0,3196.47,0
2024-08-07,Amazon,Sports & Fitness,False,Normal Day,38,50,5.4,54822.61,1
2024-08-07,Flipkart,Electronics,False,Normal Day,63,71,8.8,204006.92,2
2024-08-07,Flipkart,Mobiles,False,Normal Day,85,85,6.1,1183124.62,5
2024-08-07,Flipkart,Fashion,False,Normal Day,57,61,13.3,51226.65,3
2024-08-07,Flipkart,Home & Kitchen,False,Normal Day,29,29,10.4,35129.85,1
2024-08-07,Flipkart,Beauty & Personal Care,False,Normal Day,30,30,9.4,17890.13,0
2024-08-07,Flipkart,Grocery,False,Normal Day,19,21,12.7,7870.65,0
2024-08-07,Flipkart,Books,False,Normal Day,19,26,11.2,8644.59,0
2024-08-07,Flipkart,Sports & Fitness,False,Normal Day,23,23,7.2,24159.03,1
2024-08-08,Amazon,Electronics,False,Normal Day,60,60,11.5,159242.41,3
2024-08-08,Amazon,Mobiles,False,Normal Day,86,104,10.8,1326315.74,5
2024-08-08,Amazon,Fashion,False,Normal Day,43,48,14.8,41366.6,1
2024-08-08,Amazon,Home & Kitchen,False,Normal Day,34,44,5.5,59538.04,0
2024-08-08,Amazon,Beauty & Personal Care,False,Normal Day,24,25,14.2,13865.59,0
2024-08-08,Amazon,Grocery,False,Normal Day,18,19,11.1,7049.73,0
2024-08-08,Amazon,Books,False,Normal Day,20,20,6.4,7592.4,1
2024-08-08,Amazon,Sports & Fitness,False,Normal Day,22,25,6.0,26776.95,1
2024-08-08,Flipkart,Electronics,False,Normal Day,71,79,7.1,231202.49,2
2024-08-08,Flipkart,Mobiles,False,Normal Day,74,74,12.0,1000744.15,1
2024-08-08,Flipkart,Fashion,False,Normal Day,61,71,12.1,61248.85,1
2024-08-08,Flipkart,Home & Kitchen,False,Normal Day,48,65,6.8,88747.89,1
2024-08-08,Flipkart,Beauty & Personal Care,False,Normal Day,16,17,9.8,10352.58,0
2024-08-08,Flipkart,Grocery,False,Normal Day,12,13,6.5,5686.21,0
2024-08-08,Flipkart,Books,False,Normal Day,10,13,10.1,4679.46,0
2024-08-08,Flipkart,Sports & Fitness,False,Normal Day,26,33,8.8,33950.15,1
2024-08-09,Amazon,Electronics,True,Independence Day Sale,123,192,37.1,382076.25,9
2024-08-09,Amazon,Mobiles,True,Independence Day Sale,209,312,24.2,3558809.61,9
2024-08-09,Amazon,Fashion,True,Independence Day Sale,98,125,28.6,84155.31,5
2024-08-09,Amazon,Home & Kitchen,True,Independence Day Sale,112,142,33.5,135383.02,4
2024-08-09,Amazon,Beauty & Personal Care,True,Independence Day Sale,74,121,24.5,56217.95,3
2024-08-09,Amazon,Grocery,True,Independence Day Sale,40,66,24.4,20484.27,1
2024-08-09,Amazon,Books,True,Independence Day Sale,29,37,29.5,10023.55,2
2024-08-09,Amazon,Sports & Fitness,True,Independence Day Sale,50,67,39.6,45624.54,3
2024-08-09,Flipkart,Electronics,True,Independence Day Sale,162,239,41.6,439470.73,11
2024-08-09,Flipkart,Mobiles,True,Independence Day Sale,187,286,29.1,2839483.26,16
2024-08-09,Flipkart,Fashion,True,Independence Day Sale,111,165,33.5,101128.05,9
2024-08-09,Flipkart,Home & Kitchen,True,Independence Day Sale,95,135,39.2,113772.97,6
2024-08-09,Flipkart,Beauty & Personal Care,True,Independence Day Sale,60,87,24.7,42185.21,3
2024-08-09,Flipkart,Grocery,True,Independence Day Sale,36,47,34.0,13441.94,1
2024-08-09,Flipkart,Books,True,Independence Day Sale,19,25,20.5,7690.21,1
2024-08-09,Flipkart,Sports & Fitness,True,Independence Day Sale,75,96,43.7,59488.67,4
2024-08-10,Amazon,Electronics,True,Independence Day Sale,224,320,43.0,586508.26,11
2024-08-10,Amazon,Mobiles,True,Independence Day Sale,218,312,37.7,2850216.31,15
2024-08-10,Amazon,Fashion,True,Independence Day Sale,120,188,23.8,141041.7,5
2024-08-10,Amazon,Home & Kitchen,True,Independence Day Sale,136,203,24.2,209844.77,6
2024-08-10,Amazon,Beauty & Personal Care,True,Independence Day Sale,44,56,28.9,26080.64,2
2024-08-10,Amazon,Grocery,True,Independence Day Sale,52,73,40.7,18696.16,4
2024-08-10,Amazon,Books,True,Independence Day Sale,38,46,35.3,12000.05,1
2024-08-10,Amazon,Sports & Fitness,True,Independence Day Sale,75,109,35.9,79379.64,3
2024-08-10,Flipkart,Electronics,True,Independence Day Sale,209,276,23.8,667754.97,11
2024-08-10,Flipkart,Mobiles,True,Independence Day Sale,234,401,41.1,3281115.23,10
2024-08-10,Flipkart,Fashion,True,Independence Day Sale,152,163,28.7,113561.13,10
2024-08-10,Flipkart,Home & Kitchen,True,Independence Day Sale,113,138,43.2,111016.54,4
2024-08-10,Flipkart,Beauty & Personal Care,True,Independence Day Sale,60,80,39.9,31608.51,4
2024-08-10,Flipkart,Grocery,True,Independence Day Sale,41,65,42.7,15554.96,2
2024-08-10,Flipkart,Books,True,Independence Day Sale,35,37,30.2,10241.73,2
2024-08-10,Flipkart,Sports & Fitness,True,Independence Day Sale,76,120,36.6,85976.31,5
2024-08-11,Amazon,Electronics,True,Independence Day Sale,180,236,43.3,431905.79,11
2024-08-11,Amazon,Mobiles,True,Independence Day Sale,248,391,33.9,3779541.6,18
2024-08-11,Amazon,Fashion,True,Independence Day Sale,127,161,28.5,103915.98,8
2024-08-11,Amazon,Home & Kitchen,True,Independence Day Sale,106,157,33.0,143714.89,7
2024-08-11,Amazon,Beauty & Personal Care,True,Independence Day Sale,63,99,32.7,44384.6,4
2024-08-11,Amazon,Grocery,True,Independence Day Sale,48,77,21.0,26730.09,3
2024-08-11,Amazon,Books,True,Independence Day Sale,30,30,27.0,8303.29,2
2024-08-11,Amazon,Sports & Fitness,True,Independence Day Sale,106,126,20.5,112084.6,5
2024-08-11,Flipkart,Electronics,True,Independence Day Sale,184,212,21.1,535854.56,11
2024-08-11,Flipkart,Mobiles,True,Independence Day Sale,245,391,44.4,3078941.11,15
2024-08-11,Flipkart,Fashion,True,Independence Day Sale,116,154,23.4,111589.3,4
2024-08-11,Flipkart,Home & Kitchen,True,Independence Day Sale,107,148,33.3,135194.24,8
2024-08-11,Flipkart,Beauty & Personal Care,True,Independence Day Sale,51,67,32.2,30489.03,3
2024-08-11,Flipkart,Grocery,True,Independence Day Sale,42,49,35.3,12837.45,1
2024-08-11,Flipkart,Books,True,Independence Day Sale,35,52,25.1,14520.94,2
2024-08-11,Flipkart,Sports & Fitness,True,Independence Day Sale,91,133,26.8,108367.67,6
2024-08-12,Amazon,Electronics,True,Independence Day Sale,202,242,22.7,620196.61,18
2024-08-12,Amazon,Mobiles,True,Independence Day Sale,221,308,26.6,3241003.09,10
2024-08-12,Amazon,Fashion,True,Independence Day Sale,88,125,21.2,94750.86,5
2024-08-12,Amazon,Home & Kitchen,True,Independence Day Sale,114,170,40.2,136450.52,6
2024-08-12,Amazon,Beauty & Personal Care,True,Independence Day Sale,59,68,34.1,29538.28,2
2024-08-12,Amazon,Grocery,True,Independence Day Sale,44,57,28.4,16972.24,2
2024-08-12,Amazon,Books,True,Independence Day Sale,30,37,20.2,11508.22,2
2024-08-12,Amazon,Sports & Fitness,True,Independence Day Sale,78,117,30.2,85947.74,5
2024-08-12,Flipkart,Electronics,True,Independence Day Sale,154,237,40.9,453950.46,7
2024-08-12,Flipkart,Mobiles,True,Independence Day Sale,200,250,30.8,2447387.05,17
2024-08-12,Flipkart,Fashion,True,Independence Day Sale,111,148,29.6,100143.09,9
2024-08-12,Flipkart,Home & Kitchen,True,Independence Day Sale,105,136,42.2,111358.49,6
2024-08-12,Flipkart,Beauty & Personal Care,True,Independence Day Sale,49,54,35.6,24036.6,3
2024-08-12,Flipkart,Grocery,True,Independence Day Sale,42,54,42.6,13243.06,3
2024-08-12,Flipkart,Books,True,Independence Day Sale,29,49,42.4,10624.2,2
2024-08-12,Flipkart,Sports & Fitness,True,Independence Day Sale,79,109,22.2,94056.59,7
2024-08-13,Amazon,Electronics,True,Independence Day Sale,107,116,30.2,270129.77,9
2024-08-13,Amazon,Mobiles,True,Independence Day Sale,191,252,32.1,2469243.16,15
2024-08-13,Amazon,Fashion,True,Independence Day Sale,99,149,23.5,107885.3,4
2024-08-13,Amazon,Home & Kitchen,True,Independence Day Sale,119,165,38.4,147243.16,9
2024-08-13,Amazon,Beauty & Personal Care,True,Independence Day Sale,68,92,32.7,40536.98,5
2024-08-13,Amazon,Grocery,True,Independence Day Sale,46,74,29.9,22018.29,3
2024-08-13,Amazon,Books,True,Independence Day Sale,27,35,29.0,9566.3,1
2024-08-13,Amazon,Sports & Fitness,True,Independence Day Sale,54,61,20.4,54713.02,3
2024-08-13,Flipkart,Electronics,True,Independence Day Sale,172,232,25.2,564293.46,10
2024-08-13,Flipkart,Mobiles,True,Independence Day Sale,146,224,43.2,1817014.06,10
2024-08-13,Flipkart,Fashion,True,Independence Day Sale,98,140,42.4,77750.59,7
2024-08-13,Flipkart,Home & Kitchen,True,Independence Day Sale,120,144,37.9,125741.02,5
2024-08-13,Flipkart,Beauty & Personal Care,True,Independence Day Sale,53,70,44.7,25104.07,3
2024-08-13,Flipkart,Grocery,True,Independence Day Sale,31,40,35.3,11483.82,2
2024-08-13,Flipkart,Books,True,Independence Day Sale,29,39,30.3,10606.93,2
2024-08-13,Flipkart,Sports & Fitness,True,Independence Day Sale,71,109,27.0,88864.52,6
2024-08-14,Amazon,Electronics,True,Independence Day Sale,131,186,20.3,481821.53,6
2024-08-14,Amazon,Mobiles,True,Independence Day Sale,197,281,23.8,3065808.21,14
2024-08-14,Amazon,Fashion,True,Independence Day Sale,133,206,40.8,123271.65,11
2024-08-14,Amazon,Home & Kitchen,True,Independence Day Sale,89,93,42.4,70822.06,4
2024-08-14,Amazon,Beauty & Personal Care,True,Independence Day Sale,45,76,40.9,28082.42,2
2024-08-14,Amazon,Grocery,True,Independence Day Sale,35,47,39.5,11826.61,1
2024-08-14,Amazon,Books,True,Independence Day Sale,23,31,44.7,6427.08,1
2024-08-14,Amazon,Sports & Fitness,True,Independence Day Sale,72,107,41.4,64726.19,2
2024-08-14,Flipkart,Electronics,True,Independence Day Sale,176,224,38.2,458296.53,9
2024-08-14,Flipkart,Mobiles,True,Independence Day Sale,177,220,30.6,2168285.31,13
2024-08-14,Flipkart,Fashion,True,Independence Day Sale,128,203,43.7,109659.94,11
2024-08-14,Flipkart,Home & Kitchen,True,Independence Day Sale,81,111,33.7,97142.88,4
2024-08-14,Flipkart,Beauty & Personal Care,True,Independence Day Sale,57,73,20.2,37687.79,4
2024-08-14,Flipkart,Grocery,True,Independence Day Sale,35,44,32.6,12498.68,2
2024-08-14,Flipkart,Books,True,Independence Day Sale,36,47,41.3,10705.24,2
2024-08-14,Flipkart,Sports & Fitness,True,Independence Day Sale,65,78,30.3,61344.97,4
2024-08-15,Amazon,Electronics,True,Independence Day Sale,158,219,39.8,418809.45,6
2024-08-15,Amazon,Mobiles,True,Independence Day Sale,173,246,22.8,2689718.68,7
2024-08-15,Amazon,Fashion,True,Independence Day Sale,104,155,40.5,88054.4,8
2024-08-15,Amazon,Home & Kitchen,True,Independence Day Sale,69,94,27.9,92167.53,4
2024-08-15,Amazon,Beauty & Personal Care,True,Independence Day Sale,49,67,42.9,24057.68,3
2024-08-15,Amazon,Grocery,True,Independence Day Sale,60,90,29.3,26702.85,4
2024-08-15,Amazon,Books,True,Independence Day Sale,40,51,41.6,11873.99,2
2024-08-15,Amazon,Sports & Fitness,True,Independence Day Sale,89,133,32.2,102642.26,5
2024-08-15,Flipkart,Electronics,True,Independence Day Sale,146,218,24.0,549472.46,7
2024-08-15,Flipkart,Mobiles,True,Independence Day Sale,220,265,20.3,2950859.44,12
2024-08-15,Flipkart,Fashion,True,Independence Day Sale,86,99,34.0,60408.13,5
2024-08-15,Flipkart,Home & Kitchen,True,Independence Day Sale,83,108,29.7,101184.69,5
2024-08-15,Flipkart,Beauty & Personal Care,True,Independence Day Sale,65,104,41.1,39919.6,3
2024-08-15,Flipkart,Grocery,True,Independence Day Sale,39,60,42.2,14362.55,2
2024-08-15,Flipkart,Books,True,Independence Day Sale,54,85,44.4,18318.58,4
2024-08-15,Flipkart,Sports & Fitness,True,Independence Day Sale,61,98,37.1,68972.26,5
2024-08-16,Amazon,Electronics,False,Normal Day,81,105,12.9,281579.86,1
2024-08-16,Amazon,Mobiles,False,Normal Day,70,70,5.6,962039.74,3
2024-08-16,Amazon,Fashion,False,Normal Day,40,40,12.0,33456.24,1
2024-08-16,Amazon,Home & Kitchen,False,Normal Day,37,43,14.9,52104.31,1
2024-08-16,Amazon,Beauty & Personal Care,False,Normal Day,21,21,7.5,12976.13,1
2024-08-16,Amazon,Grocery,False,Normal Day,14,14,8.5,5665.7,0
2024-08-16,Amazon,Books,False,Normal Day,17,17,13.2,5834.87,0
2024-08-16,Amazon,Sports & Fitness,False,Normal Day,29,30,14.5,28726.23,0
2024-08-16,Flipkart,Electronics,False,Normal Day,67,85,14.1,229184.74,1
2024-08-16,Flipkart,Mobiles,False,Normal Day,71,76,6.6,1003622.98,3
2024-08-16,Flipkart,Fashion,False,Normal Day,37,37,6.3,31845.22,0
2024-08-16,Flipkart,Home & Kitchen,False,Normal Day,28,35,13.6,43854.81,0
2024-08-16,Flipkart,Beauty & Personal Care,False,Normal Day,17,19,8.1,11463.16,0
2024-08-16,Flipkart,Grocery,False,Normal Day,18,20,10.1,7475.58,0
2024-08-16,Flipkart,Books,False,Normal Day,15,20,7.4,6988.94,0
2024-08-16,Flipkart,Sports & Fitness,False,Normal Day,51,52,14.5,52349.5,1
2024-08-17,Amazon,Electronics,False,Normal Day,76,81,14.8,218845.65,4
2024-08-17,Amazon,Mobiles,False,Normal Day,107,145,8.9,1993461.55,5
2024-08-17,Amazon,Fashion,False,Normal Day,38,38,12.4,33316.6,1
2024-08-17,Amazon,Home & Kitchen,False,Normal Day,42,49,10.6,63548.82,2
2024-08-17,Amazon,Beauty & Personal Care,False,Normal Day,25,25,13.0,13710.5,0
2024-08-17,Amazon,Grocery,False,Normal Day,20,25,13.4,9169.12,0
2024-08-17,Amazon,Books,False,Normal Day,13,13,12.0,4583.45,0
2024-08-17,Amazon,Sports & Fitness,False,Normal Day,37,40,7.1,40671.49,2
2024-08-17,Flipkart,Electronics,False,Normal Day,81,94,6.4,283647.76,3
2024-08-17,Flipkart,Mobiles,False,Normal Day,99,111,6.2,1484178.1,4
2024-08-17,Flipkart,Fashion,False,Normal Day,52,55,5.4,50998.23,1
2024-08-17,Flipkart,Home & Kitchen,False,Normal Day,45,48,9.7,62910.95,1
2024-08-17,Flipkart,Beauty & Personal Care,False,Normal Day,26,31,13.8,17552.99,0
2024-08-17,Flipkart,Grocery,False,Normal Day,19,19,13.9,6977.12,0
2024-08-17,Flipkart,Books,False,Normal Day,16,19,5.6,6797.74,0
2024-08-17,Flipkart,Sports & Fitness,False,Normal Day,26,28,10.2,29376.76,0
2024-08-18,Amazon,Electronics,False,Normal Day,42,55,7.2,165817.46,2
2024-08-18,Amazon,Mobiles,False,Normal Day,107,115,12.9,1555506.53,2
2024-08-18,Amazon,Fashion,False,Normal Day,57,62,7.7,54644.98,2
2024-08-18,Amazon,Home & Kitchen,False,Normal Day,63,92,10.1,116946.02,1
2024-08-18,Amazon,Beauty & Personal Care,False,Normal Day,33,45,14.6,25197.57,1
2024-08-18,Amazon,Grocery,False,Normal Day,17,17,8.6,6966.54,0
2024-08-18,Amazon,Books,False,Normal Day,19,19,9.3,6171.7,0
2024-08-18,Amazon,Sports & Fitness,False,Normal Day,34,43,5.4,43417.48,1
2024-08-18,Flipkart,Electronics,False,Normal Day,59,63,14.4,170362.23,2
2024-08-18,Flipkart,Mobiles,False,Normal Day,78,78,6.0,1032632.77,2
2024-08-18,Flipkart,Fashion,False,Normal Day,44,56,13.9,46831.91,2
2024-08-18,Flipkart,Home & Kitchen,False,Normal Day,38,38,11.2,50486.91,1
2024-08-18,Flipkart,Beauty & Personal Care,False,Normal Day,36,36,9.6,20730.19,1
2024-08-18,Flipkart,Grocery,False,Normal Day,17,20,10.3,7621.8,0
2024-08-18,Flipkart,Books,False,Normal Day,23,28,9.9,9303.98,0
2024-08-18,Flipkart,Sports & Fitness,False,Normal Day,34,34,8.0,34237.37,1
2024-08-19,Amazon,Electronics,False,Normal Day,56,71,12.4,203542.28,2
2024-08-19,Amazon,Mobiles,False,Normal Day,84,106,13.8,1271238.27,4
2024-08-19,Amazon,Fashion,False,Normal Day,46,60,9.0,52421.11,1
2024-08-19,Amazon,Home & Kitchen,False,Normal Day,27,32,12.6,36558.71,0
2024-08-19,Amazon,Beauty & Personal Care,False,Normal Day,22,22,5.5,13393.85,1
2024-08-19,Amazon,Grocery,False,Normal Day,11,13,6.6,5337.22,0
2024-08-19,Amazon,Books,False,Normal Day,17,20,10.5,6882.85,0
2024-08-19,Amazon,Sports & Fitness,False,Normal Day,26,29,9.0,30049.92,0
2024-08-19,Flipkart,Electronics,False,Normal Day,59,59,9.5,167361.77,1
2024-08-19,Flipkart,Mobiles,False,Normal Day,72,80,5.9,1159131.52,4
2024-08-19,Flipkart,Fashion,False,Normal Day,41,41,12.3,35039.23,2
2024-08-19,Flipkart,Home & Kitchen,False,Normal Day,41,54,14.7,65901.05,1
2024-08-19,Flipkart,Beauty & Personal Care,False,Normal Day,25,27,5.2,16800.34,1
2024-08-19,Flipkart,Grocery,False,Normal Day,20,20,11.2,7723.52,0
2024-08-19,Flipkart,Books,False,Normal Day,8,9,14.4,3077.6,0
2024-08-19,Flipkart,Sports & Fitness,False,Normal Day,26,28,8.9,28851.16,0
2024-08-20,Amazon,Electronics,False,Normal Day,56,62,11.7,169408.32,2
2024-08-20,Amazon,Mobiles,False,Normal Day,70,99,9.8,1239990.62,2
2024-08-20,Amazon,Fashion,False,Normal Day,37,38,14.5,31750.67,1
2024-08-20,Amazon,Home & Kitchen,False,Normal Day,33,40,11.7,49712.66,1
2024-08-20,Amazon,Beauty & Personal Care,False,Normal Day,20,24,9.9,13295.05,0
2024-08-20,Amazon,Grocery,False,Normal Day,13,17,10.2,6302.52,0
2024-08-20,Amazon,Books,False,Normal Day,7,7,5.1,2555.26,0
2024-08-20,Amazon,Sports & Fitness,False,Normal Day,36,40,8.0,39518.86,1
2024-08-20,Flipkart,Electronics,False,Normal Day,74,88,6.5,272565.6,2
2024-08-20,Flipkart,Mobiles,False,Normal Day,86,106,10.5,1386000.93,2
2024-08-20,Flipkart,Fashion,False,Normal Day,39,39,14.7,31451.45,2
2024-08-20,Flipkart,Home & Kitchen,False,Normal Day,43,43,13.7,52440.6,2
2024-08-20,Flipkart,Beauty & Personal Care,False,Normal Day,21,21,11.4,12289.7,0
2024-08-20,Flipkart,Grocery,False,Normal Day,20,29,6.5,12414.67,1
2024-08-20,Flipkart,Books,False,Normal Day,15,17,9.6,5929.11,0
2024-08-20,Flipkart,Sports & Fitness,False,Normal Day,25,27,11.1,28672.93,0
2024-08-21,Amazon,Electronics,False,Normal Day,75,84,6.0,254885.01,2
2024-08-21,Amazon,Mobiles,False,Normal Day,66,93,6.2,1239822.42,2
2024-08-21,Amazon,Fashion,False,Normal Day,48,53,13.3,43017.05,2
2024-08-21,Amazon,Home & Kitchen,False,Normal Day,54,56,14.0,68195.41,3
2024-08-21,Amazon,Beauty & Personal Care,False,Normal Day,24,24,9.4,15053.5,1
2024-08-21,Amazon,Grocery,False,Normal Day,20,20,13.6,7228.94,0
2024-08-21,Amazon,Books,False,Normal Day,12,13,12.8,4525.81,0
2024-08-21,Amazon,Sports & Fitness,False,Normal Day,20,26,11.9,25827.73,1
2024-08-21,Flipkart,Electronics,False,Normal Day,79,93,9.2,275147.21,4
2024-08-21,Flipkart,Mobiles,False,Normal Day,73,89,14.3,1159759.97,3
2024-08-21,Flipkart,Fashion,False,Normal Day,55,55,6.9,46984.75,1
2024-08-21,Flipkart,Home & Kitchen,False,Normal Day,40,46,12.7,53357.48,2
2024-08-21,Flipkart,Beauty & Personal Care,False,Normal Day,23,24,12.6,13968.52,1
2024-08-21,Flipkart,Grocery,False,Normal Day,10,10,5.1,4031.19,0
2024-08-21,Flipkart,Books,False,Normal Day,13,15,14.1,4834.71,0
2024-08-21,Flipkart,Sports & Fitness,False,Normal Day,22,29,13.8,27334.82,0
2024-08-22,Amazon,Electronics,False,Normal Day,68,81,8.5,231720.9,2
2024-08-22,Amazon,Mobiles,False,Normal Day,57,80,7.5,1101435.45,1
2024-08-22,Amazon,Fashion,False,Normal Day,49,73,10.2,65660.49,1
2024-08-22,Amazon,Home & Kitchen,False,Normal Day,62,68,5.9,87516.3,2
2024-08-22,Amazon,Beauty & Personal Care,False,Normal Day,25,29,13.7,16590.81,1
2024-08-22,Amazon,Grocery,False,Normal Day,14,14,8.2,5487.28,0
2024-08-22,Amazon,Books,False,Normal Day,11,12,13.1,4138.07,0
2024-08-22,Amazon,Sports & Fitness,False,Normal Day,27,27,8.5,26779.25,0
2024-08-22,Flipkart,Electronics,False,Normal Day,63,68,10.7,198302.74,3
2024-08-22,Flipkart,Mobiles,False,Normal Day,76,88,11.6,1148773.81,4
2024-08-22,Flipkart,Fashion,False,Normal Day,56,67,14.2,54032.34,1
2024-08-22,Flipkart,Home & Kitchen,False,Normal Day,46,51,10.6,61569.26,2
2024-08-22,Flipkart,Beauty & Personal Care,False,Normal Day,27,27,13.8,15018.39,1
2024-08-22,Flipkart,Grocery,False,Normal Day,21,23,5.9,9037.85,0
2024-08-22,Flipkart,Books,False,Normal Day,19,19,5.3,7180.92,0
2024-08-22,Flipkart,Sports & Fitness,False,Normal Day,28,37,9.9,37545.31,0
2024-08-23,Amazon,Electronics,False,Normal Day,58,71,5.5,211369.05,1
2024-08-23,Amazon,Mobiles,False,Normal Day,87,87,12.8,1151723.5,2
2024-08-23,Amazon,Fashion,False,Normal Day,40,40,10.3,35173.18,2
2024-08-23,Amazon,Home & Kitchen,False,Normal Day,48,48,9.9,61503.95,2
2024-08-23,Amazon,Beauty & Personal Care,False,Normal Day,19,20,14.5,11479.27,0
2024-08-23,Amazon,Grocery,False,Normal Day,27,29,12.0,11021.49,0
2024-08-23,Amazon,Books,False,Normal Day,15,15,8.4,5428.18,0
2024-08-23,Amazon,Sports & Fitness,False,Normal Day,28,32,6.4,34731.65,1
2024-08-23,Flipkart,Electronics,False,Normal Day,59,81,9.8,235480.15,3
2024-08-23,Flipkart,Mobiles,False,Normal Day,81,84,7.8,1158213.42,4
2024-08-23,Flipkart,Fashion,False,Normal Day,39,48,10.6,40638.44,2
2024-08-23,Flipkart,Home & Kitchen,False,Normal Day,41,55,13.4,66556.43,1
2024-08-23,Flipkart,Beauty & Personal Care,False,Normal Day,24,27,9.4,16413.3,0
2024-08-23,Flipkart,Grocery,False,Normal Day,11,11,6.4,4589.18,0
2024-08-23,Flipkart,Books,False,Normal Day,11,17,14.7,5683.85,0
2024-08-23,Flipkart,Sports & Fitness,False,Normal Day,32,32,6.0,34401.99,0
2024-08-24,Amazon,Electronics,False,Normal Day,86,117,9.3,345302.34,3
2024-08-24,Amazon,Mobiles,False,Normal Day,98,121,5.4,1750120.32,2
2024-08-24,Amazon,Fashion,False,Normal Day,46,46,7.9,38728.04,2
2024-08-24,Amazon,Home & Kitchen,False,Normal Day,38,38,14.8,41987.93,1
2024-08-24,Amazon,Beauty & Personal Care,False,Normal Day,20,30,10.8,18202.52,0
2024-08-24,Amazon,Grocery,False,Normal Day,28,28,8.0,10714.45,0
2024-08-24,Amazon,Books,False,Normal Day,18,19,7.8,6997.14,0
2024-08-24,Amazon,Sports & Fitness,False,Normal Day,35,38,8.6,39616.67,0
2024-08-24,Flipkart,Electronics,False,Normal Day,73,92,10.9,256970.94,2
2024-08-24,Flipkart,Mobiles,False,Normal Day,74,74,8.1,940967.91,2
2024-08-24,Flipkart,Fashion,False,Normal Day,53,58,11.7,51974.65,1
2024-08-24,Flipkart,Home & Kitchen,False,Normal Day,44,51,14.8,60613.03,1
2024-08-24,Flipkart,Beauty & Personal Care,False,Normal Day,41,55,10.0,32444.79,1
2024-08-24,Flipkart,Grocery,False,Normal Day,14,15,9.4,5941.56,0
2024-08-24,Flipkart,Books,False,Normal Day,11,13,6.3,4982.92,0
2024-08-24,Flipkart,Sports & Fitness,False,Normal Day,34,41,8.5,40272.73,0
2024-08-25,Amazon,Electronics,False,Normal Day,72,78,11.1,216171.46,1
2024-08-25,Amazon,Mobiles,False,Normal Day,81,88,9.5,1153127.38,3
2024-08-25,Amazon,Fashion,False,Normal Day,55,58,9.5,51345.17,1
2024-08-25,Amazon,Home & Kitchen,False,Normal Day,50,65,9.1,82317.23,1
2024-08-25,Amazon,Beauty & Personal Care,False,Normal Day,23,23,8.9,13547.39,1
2024-08-25,Amazon,Grocery,False,Normal Day,19,22,10.2,8689.9,0
2024-08-25,Amazon,Books,False,Normal Day,11,11,8.6,3790.03,0
2024-08-25,Amazon,Sports & Fitness,False,Normal Day,40,60,10.8,60368.82,1
2024-08-25,Flipkart,Electronics,False,Normal Day,80,80,13.3,217719.38,1
2024-08-25,Flipkart,Mobiles,False,Normal Day,112,135,14.4,1728236.01,3
2024-08-25,Flipkart,Fashion,False,Normal Day,57,65,7.0,57819.84,3
2024-08-25,Flipkart,Home & Kitchen,False,Normal Day,38,44,13.7,55901.44,0
2024-08-25,Flipkart,Beauty & Personal Care,False,Normal Day,18,21,10.6,12833.11,0
2024-08-25,Flipkart,Grocery,False,Normal Day,12,17,5.8,6502.34,0
2024-08-25,Flipkart,Books,False,Normal Day,18,18,9.8,6416.7,0
2024-08-25,Flipkart,Sports & Fitness,False,Normal Day,25,26,11.1,27250.61,1
2024-08-26,Amazon,Electronics,False,Normal Day,79,79,12.3,207255.73,4
2024-08-26,Amazon,Mobiles,False,Normal Day,81,97,7.5,1349342.98,1
2024-08-26,Amazon,Fashion,False,Normal Day,43,47,8.5,38906.95,1
2024-08-26,Amazon,Home & Kitchen,False,Normal Day,42,50,10.5,62806.3,2
2024-08-26,Amazon,Beauty & Personal Care,False,Normal Day,27,33,11.2,18997.63,1
2024-08-26,Amazon,Grocery,False,Normal Day,10,12,12.5,4596.83,0
2024-08-26,Amazon,Books,False,Normal Day,11,11,9.7,3809.24,0
2024-08-26,Amazon,Sports & Fitness,False,Normal Day,25,32,7.9,33002.01,1
2024-08-26,Flipkart,Electronics,False,Normal Day,80,100,9.4,286630.22,4
2024-08-26,Flipkart,Mobiles,False,Normal Day,70,92,9.5,1225352.18,3
2024-08-26,Flipkart,Fashion,False,Normal Day,46,54,8.4,45721.35,2
2024-08-26,Flipkart,Home & Kitchen,False,Normal Day,38,41,14.5,46273.78,2
2024-08-26,Flipkart,Beauty & Personal Care,False,Normal Day,18,18,12.9,10711.0,0
2024-08-26,Flipkart,Grocery,False,Normal Day,23,30,11.8,11035.3,1
2024-08-26,Flipkart,Books,False,Normal Day,15,19,7.2,7142.04,0
2024-08-26,Flipkart,Sports & Fitness,False,Normal Day,27,38,7.9,40118.16,0
2024-08-27,Amazon,Electronics,False,Normal Day,70,89,9.4,250510.53,3
2024-08-27,Amazon,Mobiles,False,Normal Day,74,79,11.6,1017764.8,2
2024-08-27,Amazon,Fashion,False,Normal Day,44,51,7.4,44596.99,2
2024-08-27,Amazon,Home & Kitchen,False,Normal Day,55,55,13.0,65933.76,1
2024-08-27,Amazon,Beauty & Personal Care,False,Normal Day,26,32,10.4,18482.21,1
2024-08-27,Amazon,Grocery,False,Normal Day,9,10,6.2,4107.98,0
2024-08-27,Amazon,Books,False,Normal Day,15,15,12.9,5080.09,0
2024-08-27,Amazon,Sports & Fitness,False,Normal Day,19,22,6.3,24665.84,1
2024-08-27,Flipkart,Electronics,False,Normal Day,59,75,9.8,208608.25,2
2024-08-27,Flipkart,Mobiles,False,Normal Day,109,121,11.7,1489839.25,2
2024-08-27,Flipkart,Fashion,False,Normal Day,47,60,9.8,52335.73,1
2024-08-27,Flipkart,Home & Kitchen,False,Normal Day,39,45,9.1,55733.75,1
2024-08-27,Flipkart,Beauty & Personal Care,False,Normal Day,22,28,8.9,16020.44,1
2024-08-27,Flipkart,Grocery,False,Normal Day,15,19,7.6,7313.16,0
2024-08-27,Flipkart,Books,False,Normal Day,12,13,9.8,4513.27,0
2024-08-27,Flipkart,Sports & Fitness,False,Normal Day,31,38,12.1,37467.96,1
2024-08-28,Amazon,Electronics,False,Normal Day,72,73,10.5,222806.88,1
2024-08-28,Amazon,Mobiles,False,Normal Day,81,87,14.1,1049026.29,4
2024-08-28,Amazon,Fashion,False,Normal Day,40,48,10.8,38998.6,1
2024-08-28,Amazon,Home & Kitchen,False,Normal Day,32,32,5.0,43900.67,0
2024-08-28,Amazon,Beauty & Personal Care,False,Normal Day,19,22,11.5,12963.63,0
2024-08-28,Amazon,Grocery,False,Normal Day,17,17,8.0,6994.08,0
2024-08-28,Amazon,Books,False,Normal Day,14,14,12.0,5120.99,0
2024-08-28,Amazon,Sports & Fitness,False,Normal Day,25,32,8.6,32615.19,0
2024-08-28,Flipkart,Electronics,False,Normal Day,70,85,13.4,241458.18,1
2024-08-28,Flipkart,Mobiles,False,Normal Day,90,100,7.3,1333812.86,3
2024-08-28,Flipkart,Fashion,False,Normal Day,56,74,8.7,68099.57,1
2024-08-28,Flipkart,Home & Kitchen,False,Normal Day,51,57,8.5,69490.52,2
2024-08-28,Flipkart,Beauty & Personal Care,False,Normal Day,21,26,9.5,16456.1,0
2024-08-28,Flipkart,Grocery,False,Normal Day,9,11,9.5,4469.05,0
2024-08-28,Flipkart,Books,False,Normal Day,7,7,10.2,2390.71,0
2024-08-28,Flipkart,Sports & Fitness,False,Normal Day,29,29,15.0,26261.96,1
2024-08-29,Amazon,Electronics,False,Normal Day,59,71,5.2,213915.51,3
2024-08-29,Amazon,Mobiles,False,Normal Day,85,95,9.2,1254848.72,3
2024-08-29,Amazon,Fashion,False,Normal Day,43,46,8.9,39728.84,1
2024-08-29,Amazon,Home & Kitchen,False,Normal Day,26,29,7.6,36532.84,1
2024-08-29,Amazon,Beauty & Personal Care,False,Normal Day,36,40,7.3,22712.15,1
2024-08-29,Amazon,Grocery,False,Normal Day,21,26,12.5,9875.11,1
2024-08-29,Amazon,Books,False,Normal Day,14,14,9.0,5113.3,0
2024-08-29,Amazon,Sports & Fitness,False,Normal Day,23,24,9.8,24244.92,1
2024-08-29,Flipkart,Electronics,False,Normal Day,58,58,10.2,168715.09,1
2024-08-29,Flipkart,Mobiles,False,Normal Day,87,113,6.1,1610268.75,2
2024-08-29,Flipkart,Fashion,False,Normal Day,50,61,6.5,53989.43,1
2024-08-29,Flipkart,Home & Kitchen,False,Normal Day,34,42,12.3,51889.49,1
2024-08-29,Flipkart,Beauty & Personal Care,False,Normal Day,23,29,14.1,15532.95,0
2024-08-29,Flipkart,Grocery,False,Normal Day,30,32,5.5,12468.36,0
2024-08-29,Flipkart,Books,False,Normal Day,8,8,7.1,3106.74,0
2024-08-29,Flipkart,Sports & Fitness,False,Normal Day,30,30,13.8,28361.48,1
2024-08-30,Amazon,Electronics,False,Normal Day,77,104,6.9,312374.0,3
2024-08-30,Amazon,Mobiles,False,Normal Day,77,77,12.6,1030213.12,3
2024-08-30,Amazon,Fashion,False,Normal Day,28,34,14.0,27510.6,1
2024-08-30,Amazon,Home & Kitchen,False,Normal Day,42,54,13.0,70119.04,1
2024-08-30,Amazon,Beauty & Personal Care,False,Normal Day,28,29,9.9,17229.5,0
2024-08-30,Amazon,Grocery,False,Normal Day,11,13,11.8,4785.91,0
2024-08-30,Amazon,Books,False,Normal Day,7,8,11.9,2577.57,0
2024-08-30,Amazon,Sports & Fitness,False,Normal Day,21,22,14.2,21105.15,0
2024-08-30,Flipkart,Electronics,False,Normal Day,62,69,14.3,189009.93,3
2024-08-30,Flipkart,Mobiles,False,Normal Day,83,100,14.7,1198777.59,3
2024-08-30,Flipkart,Fashion,False,Normal Day,47,47,6.7,43185.91,1
2024-08-30,Flipkart,Home & Kitchen,False,Normal Day,43,51,5.8,66702.62,1
2024-08-30,Flipkart,Beauty & Personal Care,False,Normal Day,24,29,12.4,17459.73,0
2024-08-30,Flipkart,Grocery,False,Normal Day,18,19,10.9,7723.19,0
2024-08-30,Flipkart,Books,False,Normal Day,15,18,6.1,6560.14,0
2024-08-30,Flipkart,Sports & Fitness,False,Normal Day,26,26,5.9,27100.25,1
2024-08-31,Amazon,Electronics,False,Normal Day,80,93,13.5,268600.68,3
2024-08-31,Amazon,Mobiles,False,Normal Day,107,117,5.4,1600996.39,4
2024-08-31,Amazon,Fashion,False,Normal Day,57,57,6.1,50336.26,2
2024-08-31,Amazon,Home & Kitchen,False,Normal Day,40,40,7.1,49296.58,2
2024-08-31,Amazon,Beauty & Personal Care,False,Normal Day,24,27,5.2,16477.95,1
2024-08-31,Amazon,Grocery,False,Normal Day,17,17,14.4,6202.02,0
2024-08-31,Amazon,Books,False,Normal Day,10,11,10.5,4048.08,0
2024-08-31,Amazon,Sports & Fitness,False,Normal Day,35,36,10.9,34534.92,2
2024-08-31,Flipkart,Electronics,False,Normal Day,72,72,5.2,211941.07,2
2024-08-31,Flipkart,Mobiles,False,Normal Day,108,133,12.1,1716191.76,4
2024-08-31,Flipkart,Fashion,False,Normal Day,48,66,12.3,53062.31,1
2024-08-31,Flipkart,Home & Kitchen,False,Normal Day,48,51,7.3,63164.9,1
2024-08-31,Flipkart,Beauty & Personal Care,False,Normal Day,35,47,8.0,29468.28,0
2024-08-31,Flipkart,Grocery,False,Normal Day,20,26,12.1,9897.12,1
2024-08-31,Flipkart,Books,False,Normal Day,15,17,6.9,6419.57,0
2024-08-31,Flipkart,Sports & Fitness,False,Normal Day,32,34,13.6,33516.93,1
2024-09-01,Amazon,Electronics,False,Normal Day,55,59,13.0,176516.41,1
2024-09-01,Amazon,Mobiles,False,Normal Day,95,107,10.0,1373120.56,2
2024-09-01,Amazon,Fashion,False,Normal Day,58,63,11.2,53675.03,2
2024-09-01,Amazon,Home & Kitchen,False,Normal Day,45,45,9.5,55585.48,1
2024-09-01,Amazon,Beauty & Personal Care,False,Normal Day,32,40,11.9,20895.43,1
2024-09-01,Amazon,Grocery,False,Normal Day,22,24,12.4,9302.48,0
2024-09-01,Amazon,Books,False,Normal Day,14,17,7.0,6280.6,0
2024-09-01,Amazon,Sports & Fitness,False,Normal Day,26,27,10.4,28170.01,1
2024-09-01,Flipkart,Electronics,False,Normal Day,89,126,11.4,348500.89,3
2024-09-01,Flipkart,Mobiles,False,Normal Day,79,100,8.9,1390096.41,1
2024-09-01,Flipkart,Fashion,False,Normal Day,41,50,10.8,40680.42,1
2024-09-01,Flipkart,Home & Kitchen,False,Normal Day,40,46,10.0,57758.94,2
2024-09-01,Flipkart,Beauty & Personal Care,False,Normal Day,20,21,6.8,12515.66,0
2024-09-01,Flipkart,Grocery,False,Normal Day,22,22,13.9,8310.37,0
2024-09-01,Flipkart,Books,False,Normal Day,15,15,12.3,5490.22,0
2024-09-01,Flipkart,Sports & Fitness,False,Normal Day,23,23,11.9,22972.21,1
2024-09-02,Amazon,Electronics,False,Normal Day,51,60,11.5,173848.44,2
2024-09-02,Amazon,Mobiles,False,Normal Day,101,110,12.9,1398553.77,4
2024-09-02,Amazon,Fashion,False,Normal Day,39,39,8.7,34678.22,1
2024-09-02,Amazon,Home & Kitchen,False,Normal Day,36,41,9.9,52881.85,1
2024-09-02,Amazon,Beauty & Personal Care,False,Normal Day,24,32,5.6,19639.62,0
2024-09-02,Amazon,Grocery,False,Normal Day,18,23,9.8,8733.71,0
2024-09-02,Amazon,Books,False,Normal Day,6,7,6.4,2599.25,0
2024-09-02,Amazon,Sports & Fitness,False,Normal Day,17,18,5.1,19681.23,0
2024-09-02,Flipkart,Electronics,False,Normal Day,78,88,5.8,270351.26,2
2024-09-02,Flipkart,Mobiles,False,Normal Day,83,102,8.0,1273297.41,2
2024-09-02,Flipkart,Fashion,False,Normal Day,38,57,9.9,47716.81,1
2024-09-02,Flipkart,Home & Kitchen,False,Normal Day,52,52,7.9,65679.18,1
2024-09-02,Flipkart,Beauty & Personal Care,False,Normal Day,21,23,5.0,14751.09,0
2024-09-02,Flipkart,Grocery,False,Normal Day,25,25,11.6,9554.61,1
2024-09-02,Flipkart,Books,False,Normal Day,10,11,15.0,3740.99,0
2024-09-02,Flipkart,Sports & Fitness,False,Normal Day,19,19,12.6,19335.39,0
2024-09-03,Amazon,Electronics,False,Normal Day,68,68,10.6,195909.4,3
2024-09-03,Amazon,Mobiles,False,Normal Day,114,114,12.5,1472021.28,3
2024-09-03,Amazon,Fashion,False,Normal Day,45,52,11.3,46778.18,1
2024-09-03,Amazon,Home & Kitchen,False,Normal Day,41,50,7.8,64854.98,0
2024-09-03,Amazon,Beauty & Personal Care,False,Normal Day,24,24,10.5,14758.56,1
2024-09-03,Amazon,Grocery,False,Normal Day,19,19,8.6,7301.41,1
2024-09-03,Amazon,Books,False,Normal Day,11,11,14.8,3341.55,0
2024-09-03,Amazon,Sports & Fitness,False,Normal Day,25,33,12.4,29667.5,0
2024-09-03,Flipkart,Electronics,False,Normal Day,51,58,14.4,163556.42,2
2024-09-03,Flipkart,Mobiles,False,Normal Day,72,81,13.6,1064328.11,3
2024-09-03,Flipkart,Fashion,False,Normal Day,31,36,6.9,33027.06,1
2024-09-03,Flipkart,Home & Kitchen,False,Normal Day,41,45,14.6,51797.25,2
2024-09-03,Flipkart,Beauty & Personal Care,False,Normal Day,31,38,10.2,21590.58,0
2024-09-03,Flipkart,Grocery,False,Normal Day,15,15,6.6,6139.6,0
2024-09-03,Flipkart,Books,False,Normal Day,17,18,14.7,6064.95,0
2024-09-03,Flipkart,Sports & Fitness,False,Normal Day,26,27,7.4,28512.83,1
2024-09-04,Amazon,Electronics,False,Normal Day,69,88,9.9,257359.08,1
2024-09-04,Amazon,Mobiles,False,Normal Day,87,111,13.9,1428322.78,2
2024-09-04,Amazon,Fashion,False,Normal Day,50,54,9.9,45996.5,2
2024-09-04,Amazon,Home & Kitchen,False,Normal Day,43,49,13.6,58572.71,1
2024-09-04,Amazon,Beauty & Personal Care,False,Normal Day,22,27,12.0,16491.34,1
2024-09-04,Amazon,Grocery,False,Normal Day,9,10,10.2,4159.72,0
2024-09-04,Amazon,Books,False,Normal Day,5,5,10.2,1753.84,0
2024-09-04,Amazon,Sports & Fitness,False,Normal Day,32,38,9.3,38097.24,1
2024-09-04,Flipkart,Electronics,False,Normal Day,71,86,7.0,259069.08,2
2024-09-04,Flipkart,Mobiles,False,Normal Day,62,68,7.1,925683.02,3
2024-09-04,Flipkart,Fashion,False,Normal Day,29,29,13.4,23673.51,0
2024-09-04,Flipkart,Home & Kitchen,False,Normal Day,21,21,7.0,28749.24,0
2024-09-04,Flipkart,Beauty & Personal Care,False,Normal Day,31,38,5.5,23849.86,0
2024-09-04,Flipkart,Grocery,False,Normal Day,21,22,10.8,8842.59,0
2024-09-04,Flipkart,Books,False,Normal Day,9,9,11.6,3374.55,0
2024-09-04,Flipkart,Sports & Fitness,False,Normal Day,24,26,9.7,26438.93,0
2024-09-05,Amazon,Electronics,False,Normal Day,78,102,11.8,290070.89,2
2024-09-05,Amazon,Mobiles,False,Normal Day,67,68,14.0,814094.5,3
2024-09-05,Amazon,Fashion,False,Normal Day,43,43,14.8,35025.36,0
2024-09-05,Amazon,Home & Kitchen,False,Normal Day,42,54,10.7,67743.87,1
2024-09-05,Amazon,Beauty & Personal Care,False,Normal Day,22,31,12.2,17764.5,1
2024-09-05,Amazon,Grocery,False,Normal Day,11,13,6.2,5196.91,0
2024-09-05,Amazon,Books,False,Normal Day,11,13,13.6,4405.22,0
2024-09-05,Amazon,Sports & Fitness,False,Normal Day,22,22,6.7,23307.65,0
2024-09-05,Flipkart,Electronics,False,Normal Day,58,62,12.1,185932.88,1
2024-09-05,Flipkart,Mobiles,False,Normal Day,83,90,12.5,1151317.12,2
2024-09-05,Flipkart,Fashion,False,Normal Day,45,52,7.5,44625.8,1
2024-09-05,Flipkart,Home & Kitchen,False,Normal Day,47,51,11.6,61889.43,1
2024-09-05,Flipkart,Beauty & Personal Care,False,Normal Day,28,32,13.1,18611.88,0
2024-09-05,Flipkart,Grocery,False,Normal Day,26,30,11.8,11079.31,1
2024-09-05,Flipkart,Books,False,Normal Day,15,19,8.4,6748.08,0
2024-09-05,Flipkart,Sports & Fitness,False,Normal Day,26,31,5.0,31420.03,1
2024-09-06,Amazon,Electronics,False,Normal Day,61,71,13.9,204888.25,1
2024-09-06,Amazon,Mobiles,False,Normal Day,105,124,7.0,1712079.51,5
2024-09-06,Amazon,Fashion,False,Normal Day,43,53,14.6,43142.01,1
2024-09-06,Amazon,Home & Kitchen,False,Normal Day,29,29,7.5,37018.38,1
2024-09-06,Amazon,Beauty & Personal Care,False,Normal Day,26,28,9.9,15833.12,0
2024-09-06,Amazon,Grocery,False,Normal Day,23,27,14.3,9549.9,0
2024-09-06,Amazon,Books,False,Normal Day,8,10,5.2,3675.42,0
2024-09-06,Amazon,Sports & Fitness,False,Normal Day,28,30,6.8,30481.07,0
2024-09-06,Flipkart,Electronics,False,Normal Day,67,83,14.6,226435.32,1
2024-09-06,Flipkart,Mobiles,False,Normal Day,91,95,13.4,1190419.14,2
2024-09-06,Flipkart,Fashion,False,Normal Day,38,43,7.3,35718.32,1
2024-09-06,Flipkart,Home & Kitchen,False,Normal Day,32,41,10.3,51461.84,0
2024-09-06,Flipkart,Beauty & Personal Care,False,Normal Day,27,33,5.8,19989.08,1
2024-09-06,Flipkart,Grocery,False,Normal Day,30,30,10.2,11341.45,0
2024-09-06,Flipkart,Books,False,Normal Day,11,12,12.5,3998.5,0
2024-09-06,Flipkart,Sports & Fitness,False,Normal Day,28,33,12.1,33158.78,1
2024-09-07,Amazon,Electronics,False,Normal Day,76,76,6.1,241889.69,2
2024-09-07,Amazon,Mobiles,False,Normal Day,78,89,6.9,1198367.51,3
2024-09-07,Amazon,Fashion,False,Normal Day,44,50,10.0,44091.6,1
2024-09-07,Amazon,Home & Kitchen,False,Normal Day,44,45,8.3,58473.67,1
2024-09-07,Amazon,Beauty & Personal Care,False,Normal Day,37,37,11.4,22595.1,2
2024-09-07,Amazon,Grocery,False,Normal Day,20,25,6.0,9807.57,0
2024-09-07,Amazon,Books,False,Normal Day,10,12,6.9,4385.31,0
2024-09-07,Amazon,Sports & Fitness,False,Normal Day,34,37,14.8,34144.5,1
2024-09-07,Flipkart,Electronics,False,Normal Day,58,58,6.3,179917.06,1
2024-09-07,Flipkart,Mobiles,False,Normal Day,80,98,14.0,1254288.13,1
2024-09-07,Flipkart,Fashion,False,Normal Day,70,78,6.7,71780.87,1
2024-09-07,Flipkart,Home & Kitchen,False,Normal Day,27,27,9.2,33580.26,1
2024-09-07,Flipkart,Beauty & Personal Care,False,Normal Day,30,37,9.1,22263.36,0
2024-09-07,Flipkart,Grocery,False,Normal Day,23,28,6.5,11137.18,0
2024-09-07,Flipkart,Books,False,Normal Day,16,20,12.5,7052.27,0
2024-09-07,Flipkart,Sports & Fitness,False,Normal Day,32,38,5.8,40693.21,1
2024-09-08,Amazon,Electronics,False,Normal Day,70,81,6.6,244841.73,1
2024-09-08,Amazon,Mobiles,False,Normal Day,69,69,10.2,867993.69,2
2024-09-08,Amazon,Fashion,False,Normal Day,46,52,6.0,45558.36,1
2024-09-08,Amazon,Home & Kitchen,False,Normal Day,43,48,15.0,55953.02,1
2024-09-08,Amazon,Beauty & Personal Care,False,Normal Day,19,22,10.0,12795.64,0
2024-09-08,Amazon,Grocery,False,Normal Day,12,14,14.6,5407.17,0
2024-09-08,Amazon,Books,False,Normal Day,12,13,14.0,4247.5,0
2024-09-08,Amazon,Sports & Fitness,False,Normal Day,30,31,9.0,30091.37,1
2024-09-08,Flipkart,Electronics,False,Normal Day,80,104,10.5,294463.65,4
2024-09-08,Flipkart,Mobiles,False,Normal Day,79,90,9.8,1171199.24,2
2024-09-08,Flipkart,Fashion,False,Normal Day,45,59,13.2,50538.9,1
2024-09-08,Flipkart,Home & Kitchen,False,Normal Day,47,59,13.6,74761.98,1
2024-09-08,Flipkart,Beauty & Personal Care,False,Normal Day,23,23,12.9,12848.08,0
2024-09-08,Flipkart,Grocery,False,Normal Day,29,32,13.6,12444.24,1
2024-09-08,Flipkart,Books,False,Normal Day,13,13,9.3,4431.32,0
2024-09-08,Flipkart,Sports & Fitness,False,Normal Day,27,30,12.6,30314.04,1
2024-09-09,Amazon,Electronics,False,Normal Day,73,88,8.3,255094.18,3
2024-09-09,Amazon,Mobiles,False,Normal Day,95,115,5.6,1580206.11,2
2024-09-09,Amazon,Fashion,False,Normal Day,50,58,13.4,47918.59,2
2024-09-09,Amazon,Home & Kitchen,False,Normal Day,44,51,13.7,62610.95,1
2024-09-09,Amazon,Beauty & Personal Care,False,Normal Day,23,28,6.7,16859.62,0
2024-09-09,Amazon,Grocery,False,Normal Day,12,14,5.5,6113.15,0
2024-09-09,Amazon,Books,False,Normal Day,8,11,10.4,3907.87,0
2024-09-09,Amazon,Sports & Fitness,False,Normal Day,29,31,6.7,33115.16,0
2024-09-09,Flipkart,Electronics,False,Normal Day,39,41,6.1,118806.86,1
2024-09-09,Flipkart,Mobiles,False,Normal Day,73,82,13.7,1000021.41,2
2024-09-09,Flipkart,Fashion,False,Normal Day,55,69,11.5,57350.76,2
2024-09-09,Flipkart,Home & Kitchen,False,Normal Day,26,33,12.9,42102.95,0
2024-09-09,Flipkart,Beauty & Personal Care,False,Normal Day,21,21,12.0,11809.85,0
2024-09-09,Flipkart,Grocery,False,Normal Day,15,19,8.0,7629.26,0
2024-09-09,Flipkart,Books,False,Normal Day,12,14,12.5,5110.93,0
2024-09-09,Flipkart,Sports & Fitness,False,Normal Day,30,30,9.0,30312.27,0
2024-09-10,Amazon,Electronics,False,Normal Day,62,75,5.3,241172.58,2
2024-09-10,Amazon,Mobiles,False,Normal Day,82,93,12.6,1198919.72,4
2024-09-10,Amazon,Fashion,False,Normal Day,56,68,10.5,61859.38,1
2024-09-10,Amazon,Home & Kitchen,False,Normal Day,40,45,6.1,58823.38,1
2024-09-10,Amazon,Beauty & Personal Care,False,Normal Day,25,36,9.3,21630.02,1
2024-09-10,Amazon,Grocery,False,Normal Day,17,19,6.6,7502.01,0
2024-09-10,Amazon,Books,False,Normal Day,14,21,14.3,6978.86,0
2024-09-10,Amazon,Sports & Fitness,False,Normal Day,26,30,9.4,31507.46,1
2024-09-10,Flipkart,Electronics,False,Normal Day,77,90,8.0,248173.85,3
2024-09-10,Flipkart,Mobiles,False,Normal Day,70,83,11.3,1098047.61,1
2024-09-10,Flipkart,Fashion,False,Normal Day,51,66,6.7,64242.73,1
2024-09-10,Flipkart,Home & Kitchen,False,Normal Day,32,33,14.2,39407.5,1
2024-09-10,Flipkart,Beauty & Personal Care,False,Normal Day,18,23,6.5,14621.15,1
2024-09-10,Flipkart,Grocery,False,Normal Day,14,16,14.8,5929.16,0
2024-09-10,Flipkart,Books,False,Normal Day,24,29,14.2,9933.65,1
2024-09-10,Flipkart,Sports & Fitness,False,Normal Day,21,29,11.7,29557.81,0
2024-09-11,Amazon,Electronics,False,Normal Day,74,90,9.1,260008.2,3
2024-09-11,Amazon,Mobiles,False,Normal Day,80,99,8.0,1347436.97,2
2024-09-11,Amazon,Fashion,False,Normal Day,44,65,6.0,56743.68,1
2024-09-11,Amazon,Home & Kitchen,False,Normal Day,57,64,9.5,79927.47,1
2024-09-11,Amazon,Beauty & Personal Care,False,Normal Day,39,45,13.4,26995.1,0
2024-09-11,Amazon,Grocery,False,Normal Day,14,17,12.8,6477.83,0
2024-09-11,Amazon,Books,False,Normal Day,15,17,12.0,5801.53,0
2024-09-11,Amazon,Sports & Fitness,False,Normal Day,24,28,13.8,26224.45,1
2024-09-11,Flipkart,Electronics,False,Normal Day,69,80,7.5,232137.46,3
2024-09-11,Flipkart,Mobiles,False,Normal Day,84,101,7.0,1365715.46,2
2024-09-11,Flipkart,Fashion,False,Normal Day,35,35,9.5,30583.61,1
2024-09-11,Flipkart,Home & Kitchen,False,Normal Day,32,45,7.9,59769.63,1
2024-09-11,Flipkart,Beauty & Personal Care,False,Normal Day,37,41,7.4,25677.83,1
2024-09-11,Flipkart,Grocery,False,Normal Day,18,18,6.5,6970.58,0
2024-09-11,Flipkart,Books,False,Normal Day,9,9,10.3,3294.1,0
2024-09-11,Flipkart,Sports & Fitness,False,Normal Day,23,23,5.8,23283.31,1
2024-09-12,Amazon,Electronics,False,Normal Day,53,53,8.4,151379.47,3
2024-09-12,Amazon,Mobiles,False,Normal Day,77,93,9.5,1248511.03,3
2024-09-12,Amazon,Fashion,False,Normal Day,46,46,8.7,39158.99,1
2024-09-12,Amazon,Home & Kitchen,False,Normal Day,38,39,7.4,51607.62,1
2024-09-12,Amazon,Beauty & Personal Care,False,Normal Day,29,33,6.1,19695.02,1
2024-09-12,Amazon,Grocery,False,Normal Day,15,16,5.7,7055.7,0
2024-09-12,Amazon,Books,False,Normal Day,12,12,12.8,4349.05,0
2024-09-12,Amazon,Sports & Fitness,False,Normal Day,27,27,6.5,28536.19,1
2024-09-12,Flipkart,Electronics,False,Normal Day,62,78,14.5,211688.78,2
2024-09-12,Flipkart,Mobiles,False,Normal Day,76,78,9.7,1054545.39,4
2024-09-12,Flipkart,Fashion,False,Normal Day,40,46,12.0,41844.19,1
2024-09-12,Flipkart,Home & Kitchen,False,Normal Day,48,63,11.1,77244.3,1
2024-09-12,Flipkart,Beauty & Personal Care,False,Normal Day,31,32,14.5,17525.99,1
2024-09-12,Flipkart,Grocery,False,Normal Day,19,19,14.7,7238.1,0
2024-09-12,Flipkart,Books,False,Normal Day,19,23,7.5,8667.93,1
2024-09-12,Flipkart,Sports & Fitness,False,Normal Day,31,31,5.3,30323.72,0
2024-09-13,Amazon,Electronics,False,Normal Day,64,64,9.7,180642.09,2
2024-09-13,Amazon,Mobiles,False,Normal Day,65,81,13.5,1040284.24,2
2024-09-13,Amazon,Fashion,False,Normal Day,45,51,13.2,39338.46,1
2024-09-13,Amazon,Home & Kitchen,False,Normal Day,52,72,12.0,95109.5,1
2024-09-13,Amazon,Beauty & Personal Care,False,Normal Day,33,40,7.2,23564.88,0
2024-09-13,Amazon,Grocery,False,Normal Day,24,25,8.4,9932.21,0
2024-09-13,Amazon,Books,False,Normal Day,9,10,7.9,3481.11,0
2024-09-13,Amazon,Sports & Fitness,False,Normal Day,22,25,9.8,24846.13,0
2024-09-13,Flipkart,Electronics,False,Normal Day,67,69,10.0,197594.26,1
2024-09-13,Flipkart,Mobiles,False,Normal Day,83,108,8.8,1385775.99,3
2024-09-13,Flipkart,Fashion,False,Normal Day,58,80,7.5,70490.21,2
2024-09-13,Flipkart,Home & Kitchen,False,Normal Day,31,33,14.3,40536.48,1
2024-09-13,Flipkart,Beauty & Personal Care,False,Normal Day,25,32,5.0,19812.98,0
2024-09-13,Flipkart,Grocery,False,Normal Day,15,15,11.1,5650.45,0
2024-09-13,Flipkart,Books,False,Normal Day,11,12,13.9,4139.06,0
2024-09-13,Flipkart,Sports & Fitness,False,Normal Day,15,15,6.3,15777.76,0
2024-09-14,Amazon,Electronics,False,Normal Day,87,114,10.6,327180.08,4
2024-09-14,Amazon,Mobiles,False,Normal Day,116,145,6.6,1948420.47,3
2024-09-14,Amazon,Fashion,False,Normal Day,44,51,7.5,44904.17,1
2024-09-14,Amazon,Home & Kitchen,False,Normal Day,33,36,9.4,46664.9,1
2024-09-14,Amazon,Beauty & Personal Care,False,Normal Day,22,27,14.0,16276.0,0
2024-09-14,Amazon,Grocery,False,Normal Day,26,30,9.4,12068.27,1
2024-09-14,Amazon,Books,False,Normal Day,16,20,7.0,7137.5,0
2024-09-14,Amazon,Sports & Fitness,False,Normal Day,27,40,7.4,41182.86,1
2024-09-14,Flipkart,Electronics,False,Normal Day,70,71,6.9,204407.77,1
2024-09-14,Flipkart,Mobiles,False,Normal Day,93,126,5.7,1730027.1,2
2024-09-14,Flipkart,Fashion,False,Normal Day,35,37,12.5,31622.85,1
2024-09-14,Flipkart,Home & Kitchen,False,Normal Day,55,74,12.7,86402.37,2
2024-09-14,Flipkart,Beauty & Personal Care,False,Normal Day,28,29,5.9,17229.05,1
2024-09-14,Flipkart,Grocery,False,Normal Day,13,13,7.8,5192.6,0
2024-09-14,Flipkart,Books,False,Normal Day,14,16,7.6,5708.65,0
2024-09-14,Flipkart,Sports & Fitness,False,Normal Day,33,39,9.8,40679.7,1
2024-09-15,Amazon,Electronics,False,Normal Day,79,100,12.8,283418.91,2
2024-09-15,Amazon,Mobiles,False,Normal Day,82,95,13.6,1228087.39,3
2024-09-15,Amazon,Fashion,False,Normal Day,46,58,6.6,52457.66,2
2024-09-15,Amazon,Home & Kitchen,False,Normal Day,57,67,10.7,87301.51,2
2024-09-15,Amazon,Beauty & Personal Care,False,Normal Day,27,28,10.6,16616.88,0
2024-09-15,Amazon,Grocery,False,Normal Day,11,12,8.8,4983.33,0
2024-09-15,Amazon,Books,False,Normal Day,20,20,12.9,6336.04,0
2024-09-15,Amazon,Sports & Fitness,False,Normal Day,21,22,9.8,21091.6,1
2024-09-15,Flipkart,Electronics,False,Normal Day,75,78,15.0,215239.36,2
2024-09-15,Flipkart,Mobiles,False,Normal Day,97,121,13.7,1520192.04,2
2024-09-15,Flipkart,Fashion,False,Normal Day,40,41,9.8,33877.16,1
2024-09-15,Flipkart,Home & Kitchen,False,Normal Day,23,28,9.6,34856.71,1
2024-09-15,Flipkart,Beauty & Personal Care,False,Normal Day,27,32,10.9,19632.88,1
2024-09-15,Flipkart,Grocery,False,Normal Day,15,18,13.4,6943.73,0
2024-09-15,Flipkart,Books,False,Normal Day,15,15,7.7,5431.12,0
2024-09-15,Flipkart,Sports & Fitness,False,Normal Day,41,49,11.7,47459.25,2
2024-09-16,Amazon,Electronics,False,Normal Day,73,99,11.0,290062.24,2
2024-09-16,Amazon,Mobiles,False,Normal Day,80,87,13.6,1082288.76,4
2024-09-16,Amazon,Fashion,False,Normal Day,39,45,6.2,42018.65,1
2024-09-16,Amazon,Home & Kitchen,False,Normal Day,41,45,9.4,57311.87,2
2024-09-16,Amazon,Beauty & Personal Care,False,Normal Day,16,18,10.5,10394.33,0
2024-09-16,Amazon,Grocery,False,Normal Day,18,18,10.9,6894.85,0
2024-09-16,Amazon,Books,False,Normal Day,6,7,5.1,2789.58,0
2024-09-16,Amazon,Sports & Fitness,False,Normal Day,23,30,6.9,32647.15,0
2024-09-16,Flipkart,Electronics,False,Normal Day,74,74,9.2,218773.76,3
2024-09-16,Flipkart,Mobiles,False,Normal Day,79,93,10.5,1250343.5,2
2024-09-16,Flipkart,Fashion,False,Normal Day,39,46,7.7,40710.87,2
2024-09-16,Flipkart,Home & Kitchen,False,Normal Day,54,65,5.8,85596.8,1
2024-09-16,Flipkart,Beauty & Personal Care,False,Normal Day,28,33,14.1,19861.4,1
2024-09-16,Flipkart,Grocery,False,Normal Day,17,19,8.4,7376.39,0
2024-09-16,Flipkart,Books,False,Normal Day,12,12,9.7,4175.69,0
2024-09-16,Flipkart,Sports & Fitness,False,Normal Day,31,33,7.5,35118.75,0
2024-09-17,Amazon,Electronics,False,Normal Day,89,108,13.9,295610.05,2
2024-09-17,Amazon,Mobiles,False,Normal Day,88,88,7.7,1144454.85,3
2024-09-17,Amazon,Fashion,False,Normal Day,54,68,8.9,57463.22,1
2024-09-17,Amazon,Home & Kitchen,False,Normal Day,33,36,5.6,47449.94,1
2024-09-17,Amazon,Beauty & Personal Care,False,Normal Day,20,21,11.2,12899.81,0
2024-09-17,Amazon,Grocery,False,Normal Day,18,23,9.2,9212.11,0
2024-09-17,Amazon,Books,False,Normal Day,8,8,13.7,3046.16,0
2024-09-17,Amazon,Sports & Fitness,False,Normal Day,26,27,5.4,28530.8,0
2024-09-17,Flipkart,Electronics,False,Normal Day,69,79,12.0,221843.31,3
2024-09-17,Flipkart,Mobiles,False,Normal Day,82,82,14.1,997326.33,3
2024-09-17,Flipkart,Fashion,False,Normal Day,45,59,5.9,54889.71,1
2024-09-17,Flipkart,Home & Kitchen,False,Normal Day,55,62,8.4,77089.1,1
2024-09-17,Flipkart,Beauty & Personal Care,False,Normal Day,29,39,10.6,22479.62,0
2024-09-17,Flipkart,Grocery,False,Normal Day,13,15,5.8,6321.45,0
2024-09-17,Flipkart,Books,False,Normal Day,11,15,5.1,5695.96,0
2024-09-17,Flipkart,Sports & Fitness,False,Normal Day,31,39,6.0,39576.26,1
2024-09-18,Amazon,Electronics,False,Normal Day,52,52,7.7,154219.45,2
2024-09-18,Amazon,Mobiles,False,Normal Day,85,85,5.4,1203229.84,2
2024-09-18,Amazon,Fashion,False,Normal Day,43,43,13.9,33480.39,1
2024-09-18,Amazon,Home & Kitchen,False,Normal Day,37,53,14.0,62903.43,1
2024-09-18,Amazon,Beauty & Personal Care,False,Normal Day,21,24,9.5,14683.78,0
2024-09-18,Amazon,Grocery,False,Normal Day,20,26,12.1,10312.94,0
2024-09-18,Amazon,Books,False,Normal Day,7,7,11.7,2536.55,0
2024-09-18,Amazon,Sports & Fitness,False,Normal Day,25,29,9.6,28312.04,0
2024-09-18,Flipkart,Electronics,False,Normal Day,69,83,5.8,251353.48,3
2024-09-18,Flipkart,Mobiles,False,Normal Day,92,92,9.6,1158768.48,4
2024-09-18,Flipkart,Fashion,False,Normal Day,42,42,12.8,35691.11,1
2024-09-18,Flipkart,Home & Kitchen,False,Normal Day,36,39,9.1,49942.52,2
2024-09-18,Flipkart,Beauty & Personal Care,False,Normal Day,30,30,10.3,17450.39,0
2024-09-18,Flipkart,Grocery,False,Normal Day,19,23,9.2,8482.63,0
2024-09-18,Flipkart,Books,False,Normal Day,15,20,5.3,7179.87,0
2024-09-18,Flipkart,Sports & Fitness,False,Normal Day,16,19,6.8,19997.58,0
2024-09-19,Amazon,Electronics,False,Normal Day,79,120,13.9,341796.54,3
2024-09-19,Amazon,Mobiles,False,Normal Day,87,124,10.1,1614571.65,1
2024-09-19,Amazon,Fashion,False,Normal Day,47,52,7.3,47520.64,1
2024-09-19,Amazon,Home & Kitchen,False,Normal Day,34,34,10.0,42789.42,1
2024-09-19,Amazon,Beauty & Personal Care,False,Normal Day,21,23,6.7,13525.11,0
2024-09-19,Amazon,Grocery,False,Normal Day,13,19,11.5,7234.49,0
2024-09-19,Amazon,Books,False,Normal Day,13,13,12.7,4366.0,0
2024-09-19,Amazon,Sports & Fitness,False,Normal Day,30,40,8.9,42087.51,1
2024-09-19,Flipkart,Electronics,False,Normal Day,56,72,12.5,196161.37,1
2024-09-19,Flipkart,Mobiles,False,Normal Day,79,79,5.8,1079834.19,3
2024-09-19,Flipkart,Fashion,False,Normal Day,33,35,5.8,31723.64,0
2024-09-19,Flipkart,Home & Kitchen,False,Normal Day,40,48,10.1,64492.08,1
2024-09-19,Flipkart,Beauty & Personal Care,False,Normal Day,27,40,14.9,22560.97,0
2024-09-19,Flipkart,Grocery,False,Normal Day,27,27,9.2,10309.06,0
2024-09-19,Flipkart,Books,False,Normal Day,13,14,13.4,4835.05,0
2024-09-19,Flipkart,Sports & Fitness,False,Normal Day,26,31,11.5,29899.43,1
2024-09-20,Amazon,Electronics,False,Normal Day,75,75,11.0,218496.52,2
2024-09-20,Amazon,Mobiles,False,Normal Day,112,139,12.9,1726933.26,5
2024-09-20,Amazon,Fashion,False,Normal Day,38,52,14.5,44592.71,0
2024-09-20,Amazon,Home & Kitchen,False,Normal Day,39,42,11.4,52561.84,1
2024-09-20,Amazon,Beauty & Personal Care,False,Normal Day,26,36,12.5,20653.2,0
2024-09-20,Amazon,Grocery,False,Normal Day,14,14,11.8,5205.19,0
2024-09-20,Amazon,Books,False,Normal Day,10,12,6.2,4498.25,0
2024-09-20,Amazon,Sports & Fitness,False,Normal Day,29,34,14.6,31841.31,1
2024-09-20,Flipkart,Electronics,False,Normal Day,67,74,14.2,205726.38,1
2024-09-20,Flipkart,Mobiles,False,Normal Day,89,97,9.9,1339539.34,2
2024-09-20,Flipkart,Fashion,False,Normal Day,51,51,14.5,41670.74,2
2024-09-20,Flipkart,Home & Kitchen,False,Normal Day,60,80,9.0,101664.7,1
2024-09-20,Flipkart,Beauty & Personal Care,False,Normal Day,24,24,7.8,15408.23,1
2024-09-20,Flipkart,Grocery,False,Normal Day,24,26,14.9,8958.38,1
2024-09-20,Flipkart,Books,False,Normal Day,14,16,9.2,5295.09,0
2024-09-20,Flipkart,Sports & Fitness,False,Normal Day,16,17,7.9,18218.28,0
2024-09-21,Amazon,Electronics,False,Normal Day,90,120,12.7,332156.61,3
2024-09-21,Amazon,Mobiles,False,Normal Day,88,104,9.7,1330024.14,2
2024-09-21,Amazon,Fashion,False,Normal Day,54,65,11.5,60137.15,1
2024-09-21,Amazon,Home & Kitchen,False,Normal Day,41,51,8.0,66481.72,1
2024-09-21,Amazon,Beauty & Personal Care,False,Normal Day,25,36,7.1,22878.61,1
2024-09-21,Amazon,Grocery,False,Normal Day,23,28,7.7,10494.22,0
2024-09-21,Amazon,Books,False,Normal Day,15,16,14.8,5459.8,0
2024-09-21,Amazon,Sports & Fitness,False,Normal Day,43,54,13.6,53599.58,2
2024-09-21,Flipkart,Electronics,False,Normal Day,71,76,11.2,206772.29,2
2024-09-21,Flipkart,Mobiles,False,Normal Day,81,120,7.7,1669660.8,2
2024-09-21,Flipkart,Fashion,False,Normal Day,50,54,6.1,49989.11,1
2024-09-21,Flipkart,Home & Kitchen,False,Normal Day,51,62,10.5,78473.5,2
2024-09-21,Flipkart,Beauty & Personal Care,False,Normal Day,20,22,12.2,13547.54,0
2024-09-21,Flipkart,Grocery,False,Normal Day,18,21,10.0,8615.38,1
2024-09-21,Flipkart,Books,False,Normal Day,15,17,14.0,5762.7,0
2024-09-21,Flipkart,Sports & Fitness,False,Normal Day,24,24,14.6,22742.52,0
2024-09-22,Amazon,Electronics,False,Normal Day,72,99,10.3,283881.97,3
2024-09-22,Amazon,Mobiles,False,Normal Day,79,90,6.8,1186728.93,4
2024-09-22,Amazon,Fashion,False,Normal Day,47,50,13.2,42660.19,1
2024-09-22,Amazon,Home & Kitchen,False,Normal Day,43,49,10.0,62219.72,1
2024-09-22,Amazon,Beauty & Personal Care,False,Normal Day,31,31,9.7,19240.12,0
2024-09-22,Amazon,Grocery,False,Normal Day,18,22,12.7,8024.87,0
2024-09-22,Amazon,Books,False,Normal Day,12,14,8.6,4616.53,0
2024-09-22,Amazon,Sports & Fitness,False,Normal Day,41,41,9.9,39664.91,1
2024-09-22,Flipkart,Electronics,False,Normal Day,69,85,11.3,248823.7,2
2024-09-22,Flipkart,Mobiles,False,Normal Day,84,91,8.2,1188458.18,2
2024-09-22,Flipkart,Fashion,False,Normal Day,39,53,10.4,45154.1,1
2024-09-22,Flipkart,Home & Kitchen,False,Normal Day,39,39,11.0,50028.83,1
2024-09-22,Flipkart,Beauty & Personal Care,False,Normal Day,26,26,7.1,16552.59,0
2024-09-22,Flipkart,Grocery,False,Normal Day,31,36,9.2,14256.81,0
2024-09-22,Flipkart,Books,False,Normal Day,13,17,5.7,6061.15,0
2024-09-22,Flipkart,Sports & Fitness,False,Normal Day,36,44,10.8,42813.12,1
2024-09-23,Amazon,Electronics,False,Normal Day,54,61,9.8,174855.92,2
2024-09-23,Amazon,Mobiles,False,Normal Day,82,87,7.7,1171967.5,2
2024-09-23,Amazon,Fashion,False,Normal Day,42,47,12.0,39670.93,2
2024-09-23,Amazon,Home & Kitchen,False,Normal Day,37,43,9.6,55707.93,1
2024-09-23,Amazon,Beauty & Personal Care,False,Normal Day,31,43,6.8,26966.71,0
2024-09-23,Amazon,Grocery,False,Normal Day,19,22,13.2,8468.27,0
2024-09-23,Amazon,Books,False,Normal Day,12,15,5.6,5320.19,0
2024-09-23,Amazon,Sports & Fitness,False,Normal Day,21,23,9.3,24777.45,0
2024-09-23,Flipkart,Electronics,False,Normal Day,55,58,10.9,179886.06,2
2024-09-23,Flipkart,Mobiles,False,Normal Day,84,94,7.3,1320572.45,2
2024-09-23,Flipkart,Fashion,False,Normal Day,63,83,13.5,71040.05,2
2024-09-23,Flipkart,Home & Kitchen,False,Normal Day,28,32,14.6,40294.02,0
2024-09-23,Flipkart,Beauty & Personal Care,False,Normal Day,27,29,7.8,18227.13,1
2024-09-23,Flipkart,Grocery,False,Normal Day,14,15,13.9,5457.67,0
2024-09-23,Flipkart,Books,False,Normal Day,8,8,8.6,2995.38,0
2024-09-23,Flipkart,Sports & Fitness,False,Normal Day,26,28,12.2,27883.3,0
2024-09-24,Amazon,Electronics,False,Normal Day,64,86,11.7,242603.5,2
2024-09-24,Amazon,Mobiles,False,Normal Day,68,68,10.5,875062.36,3
2024-09-24,Amazon,Fashion,False,Normal Day,40,53,10.4,46025.87,0
2024-09-24,Amazon,Home & Kitchen,False,Normal Day,28,32,10.3,37612.63,1
2024-09-24,Amazon,Beauty & Personal Care,False,Normal Day,20,30,9.9,18691.05,1
2024-09-24,Amazon,Grocery,False,Normal Day,13,15,11.8,5940.4,0
2024-09-24,Amazon,Books,False,Normal Day,8,9,11.5,3223.09,0
2024-09-24,Amazon,Sports & Fitness,False,Normal Day,35,37,14.4,36460.94,1
2024-09-24,Flipkart,Electronics,False,Normal Day,61,71,13.3,188906.38,2
2024-09-24,Flipkart,Mobiles,False,Normal Day,82,109,12.9,1373563.02,2
2024-09-24,Flipkart,Fashion,False,Normal Day,39,39,6.0,33087.27,1
2024-09-24,Flipkart,Home & Kitchen,False,Normal Day,45,50,7.3,67309.68,0
2024-09-24,Flipkart,Beauty & Personal Care,False,Normal Day,17,20,5.1,12611.65,0
2024-09-24,Flipkart,Grocery,False,Normal Day,15,16,12.8,6064.98,0
2024-09-24,Flipkart,Books,False,Normal Day,17,17,5.9,6109.58,0
2024-09-24,Flipkart,Sports & Fitness,False,Normal Day,30,36,13.5,33190.33,1
2024-09-25,Amazon,Electronics,False,Normal Day,50,58,12.7,163838.2,2
2024-09-25,Amazon,Mobiles,False,Normal Day,78,99,5.7,1296986.04,2
2024-09-25,Amazon,Fashion,False,Normal Day,42,42,10.1,36654.02,0
2024-09-25,Amazon,Home & Kitchen,False,Normal Day,35,38,10.3,46886.09,1
2024-09-25,Amazon,Beauty & Personal Care,False,Normal Day,16,21,8.4,13366.37,0
2024-09-25,Amazon,Grocery,False,Normal Day,18,18,11.3,7266.76,0
2024-09-25,Amazon,Books,False,Normal Day,8,8,6.5,3071.88,0
2024-09-25,Amazon,Sports & Fitness,False,Normal Day,29,29,13.8,28397.04,1
2024-09-25,Flipkart,Electronics,False,Normal Day,61,61,12.0,162815.12,1
2024-09-25,Flipkart,Mobiles,False,Normal Day,93,111,14.8,1439529.19,3
2024-09-25,Flipkart,Fashion,False,Normal Day,35,37,12.9,32189.33,1
2024-09-25,Flipkart,Home & Kitchen,False,Normal Day,36,54,14.5,64449.94,1
2024-09-25,Flipkart,Beauty & Personal Care,False,Normal Day,18,26,5.2,16573.68,0
2024-09-25,Flipkart,Grocery,False,Normal Day,10,11,14.0,3962.83,0
2024-09-25,Flipkart,Books,False,Normal Day,7,8,13.4,2526.84,0
2024-09-25,Flipkart,Sports & Fitness,False,Normal Day,34,34,6.1,35838.09,0
2024-09-26,Amazon,Electronics,False,Normal Day,72,84,11.2,247426.35,2
2024-09-26,Amazon,Mobiles,False,Normal Day,78,82,7.3,1148362.24,2
2024-09-26,Amazon,Fashion,False,Normal Day,43,45,8.2,40665.36,2
2024-09-26,Amazon,Home & Kitchen,False,Normal Day,31,34,7.1,43454.06,0
2024-09-26,Amazon,Beauty & Personal Care,False,Normal Day,21,22,12.1,13079.42,0
2024-09-26,Amazon,Grocery,False,Normal Day,22,27,8.0,10299.44,1
2024-09-26,Amazon,Books,False,Normal Day,16,17,11.6,5927.12,0
2024-09-26,Amazon,Sports & Fitness,False,Normal Day,33,33,5.1,34233.6,1
2024-09-26,Flipkart,Electronics,False,Normal Day,65,84,6.6,263337.93,3
2024-09-26,Flipkart,Mobiles,False,Normal Day,80,106,9.3,1408474.49,1
2024-09-26,Flipkart,Fashion,False,Normal Day,37,41,7.3,36728.29,1
2024-09-26,Flipkart,Home & Kitchen,False,Normal Day,43,44,9.2,57275.29,1
2024-09-26,Flipkart,Beauty & Personal Care,False,Normal Day,26,31,6.9,19120.01,1
2024-09-26,Flipkart,Grocery,False,Normal Day,13,18,10.9,6532.36,0
2024-09-26,Flipkart,Books,False,Normal Day,9,10,5.9,3679.14,0
2024-09-26,Flipkart,Sports & Fitness,False,Normal Day,26,31,12.4,30531.6,1
2024-09-27,Amazon,Electronics,False,Normal Day,106,126,13.0,357769.64,5
2024-09-27,Amazon,Mobiles,False,Normal Day,61,77,10.9,1006659.77,3
2024-09-27,Amazon,Fashion,False,Normal Day,60,63,14.0,53618.05,2
2024-09-27,Amazon,Home & Kitchen,False,Normal Day,25,36,14.3,41945.38,1
2024-09-27,Amazon,Beauty & Personal Care,False,Normal Day,31,37,12.2,22142.52,0
2024-09-27,Amazon,Grocery,False,Normal Day,18,19,14.4,7034.65,0
2024-09-27,Amazon,Books,False,Normal Day,11,11,13.3,3585.5,0
2024-09-27,Amazon,Sports & Fitness,False,Normal Day,32,40,13.4,39697.45,1
2024-09-27,Flipkart,Electronics,False,Normal Day,72,81,13.6,234664.92,3
2024-09-27,Flipkart,Mobiles,False,Normal Day,81,94,7.2,1246766.53,4
2024-09-27,Flipkart,Fashion,False,Normal Day,50,56,6.1,49347.39,1
2024-09-27,Flipkart,Home & Kitchen,False,Normal Day,21,21,12.5,25371.84,1
2024-09-27,Flipkart,Beauty & Personal Care,False,Normal Day,23,30,12.9,17242.94,1
2024-09-27,Flipkart,Grocery,False,Normal Day,21,22,13.7,8320.42,0
2024-09-27,Flipkart,Books,False,Normal Day,9,10,12.5,3495.47,0
2024-09-27,Flipkart,Sports & Fitness,False,Normal Day,20,25,10.0,25704.63,0
2024-09-28,Amazon,Electronics,False,Normal Day,69,80,14.7,227903.62,3
2024-09-28,Amazon,Mobiles,False,Normal Day,92,119,6.9,1621418.4,4
2024-09-28,Amazon,Fashion,False,Normal Day,41,41,5.7,36667.33,2
2024-09-28,Amazon,Home & Kitchen,False,Normal Day,33,35,9.5,45420.32,0
2024-09-28,Amazon,Beauty & Personal Care,False,Normal Day,36,44,12.0,25683.05,1
2024-09-28,Amazon,Grocery,False,Normal Day,25,29,11.9,10699.6,0
2024-09-28,Amazon,Books,False,Normal Day,16,19,9.2,6178.0,0
2024-09-28,Amazon,Sports & Fitness,False,Normal Day,31,32,5.8,33189.97,1
2024-09-28,Flipkart,Electronics,False,Normal Day,79,92,9.5,274343.53,1
2024-09-28,Flipkart,Mobiles,False,Normal Day,107,132,12.0,1606684.08,5
2024-09-28,Flipkart,Fashion,False,Normal Day,52,65,7.1,60503.06,2
2024-09-28,Flipkart,Home & Kitchen,False,Normal Day,56,74,11.1,95924.11,3
2024-09-28,Flipkart,Beauty & Personal Care,False,Normal Day,40,51,7.8,31325.92,0
2024-09-28,Flipkart,Grocery,False,Normal Day,14,14,14.9,5164.82,0
2024-09-28,Flipkart,Books,False,Normal Day,14,14,10.9,4885.14,0
2024-09-28,Flipkart,Sports & Fitness,False,Normal Day,34,40,11.4,41467.28,0
2024-09-29,Amazon,Electronics,False,Normal Day,65,80,10.3,242007.8,2
2024-09-29,Amazon,Mobiles,False,Normal Day,101,106,7.0,1452238.82,2
2024-09-29,Amazon,Fashion,False,Normal Day,58,79,9.8,69003.85,3
2024-09-29,Amazon,Home & Kitchen,False,Normal Day,51,64,10.9,80907.46,2
2024-09-29,Amazon,Beauty & Personal Care,False,Normal Day,33,35,8.6,20465.52,1
2024-09-29,Amazon,Grocery,False,Normal Day,27,32,7.4,12779.04,0
2024-09-29,Amazon,Books,False,Normal Day,13,14,9.1,5007.14,0
2024-09-29,Amazon,Sports & Fitness,False,Normal Day,31,34,6.5,34649.22,1
2024-09-29,Flipkart,Electronics,False,Normal Day,71,89,8.2,258101.13,2
2024-09-29,Flipkart,Mobiles,False,Normal Day,69,82,12.6,1062069.95,3
2024-09-29,Flipkart,Fashion,False,Normal Day,44,48,8.4,42597.16,1
2024-09-29,Flipkart,Home & Kitchen,False,Normal Day,56,64,5.8,83226.83,3
2024-09-29,Flipkart,Beauty & Personal Care,False,Normal Day,24,28,14.5,15651.31,0
2024-09-29,Flipkart,Grocery,False,Normal Day,12,14,9.7,5698.58,0
2024-09-29,Flipkart,Books,False,Normal Day,20,21,6.7,7552.3,0
2024-09-29,Flipkart,Sports & Fitness,False,Normal Day,37,39,13.7,38245.88,1
2024-09-30,Amazon,Electronics,False,Normal Day,71,99,12.6,275681.49,3
2024-09-30,Amazon,Mobiles,False,Normal Day,54,64,5.0,930169.41,2
2024-09-30,Amazon,Fashion,False,Normal Day,37,41,11.4,34941.67,1
2024-09-30,Amazon,Home & Kitchen,False,Normal Day,48,48,6.6,61853.6,1
2024-09-30,Amazon,Beauty & Personal Care,False,Normal Day,18,18,8.4,11317.25,0
2024-09-30,Amazon,Grocery,False,Normal Day,16,21,13.2,8306.97,0
2024-09-30,Amazon,Books,False,Normal Day,15,16,8.7,5456.89,0
2024-09-30,Amazon,Sports & Fitness,False,Normal Day,27,32,13.1,31051.98,0
2024-09-30,Flipkart,Electronics,False,Normal Day,57,61,5.8,178363.06,1
2024-09-30,Flipkart,Mobiles,False,Normal Day,80,95,14.7,1189369.23,2
2024-09-30,Flipkart,Fashion,False,Normal Day,35,40,7.8,35631.31,1
2024-09-30,Flipkart,Home & Kitchen,False,Normal Day,38,48,13.2,56351.91,0
2024-09-30,Flipkart,Beauty & Personal Care,False,Normal Day,23,23,12.7,13623.17,0
2024-09-30,Flipkart,Grocery,False,Normal Day,10,12,7.0,5006.2,0
2024-09-30,Flipkart,Books,False,Normal Day,12,15,13.7,5169.18,0
2024-09-30,Flipkart,Sports & Fitness,False,Normal Day,14,17,11.6,16249.28,0
2024-10-01,Amazon,Electronics,False,Normal Day,80,82,13.9,230092.1,3
2024-10-01,Amazon,Mobiles,False,Normal Day,86,99,6.8,1331227.67,3
2024-10-01,Amazon,Fashion,False,Normal Day,55,74,13.1,64114.63,2
2024-10-01,Amazon,Home & Kitchen,False,Normal Day,43,50,13.0,61627.96,2
2024-10-01,Amazon,Beauty & Personal Care,False,Normal Day,18,18,6.8,10483.48,1
2024-10-01,Amazon,Grocery,False,Normal Day,19,23,8.6,8775.59,0
2024-10-01,Amazon,Books,False,Normal Day,10,11,12.0,3682.08,0
2024-10-01,Amazon,Sports & Fitness,False,Normal Day,26,31,14.3,30746.24,1
2024-10-01,Flipkart,Electronics,False,Normal Day,69,90,11.0,248953.6,3
2024-10-01,Flipkart,Mobiles,False,Normal Day,92,92,7.8,1225675.6,4
2024-10-01,Flipkart,Fashion,False,Normal Day,41,44,9.1,38936.39,2
2024-10-01,Flipkart,Home & Kitchen,False,Normal Day,41,46,12.4,54215.27,1
2024-10-01,Flipkart,Beauty & Personal Care,False,Normal Day,25,30,8.8,17806.72,1
2024-10-01,Flipkart,Grocery,False,Normal Day,17,17,7.1,6445.25,0
2024-10-01,Flipkart,Books,False,Normal Day,10,12,9.5,4192.97,0
2024-10-01,Flipkart,Sports & Fitness,False,Normal Day,15,19,14.9,18289.79,0
2024-10-02,Amazon,Electronics,False,Normal Day,65,79,10.2,233957.55,3
2024-10-02,Amazon,Mobiles,False,Normal Day,83,97,11.9,1275303.13,2
2024-10-02,Amazon,Fashion,False,Normal Day,45,61,5.6,52437.92,2
2024-10-02,Amazon,Home & Kitchen,False,Normal Day,44,60,11.0,73391.61,1
2024-10-02,Amazon,Beauty & Personal Care,False,Normal Day,29,34,11.8,20424.1,0
2024-10-02,Amazon,Grocery,False,Normal Day,16,18,12.0,6788.25,0
2024-10-02,Amazon,Books,False,Normal Day,23,27,5.5,9774.76,0
2024-10-02,Amazon,Sports & Fitness,False,Normal Day,28,31,12.6,29846.65,1
2024-10-02,Flipkart,Electronics,False,Normal Day,64,71,10.3,198255.39,3
2024-10-02,Flipkart,Mobiles,False,Normal Day,69,90,10.1,1166361.97,3
2024-10-02,Flipkart,Fashion,False,Normal Day,33,37,12.5,31495.8,1
2024-10-02,Flipkart,Home & Kitchen,False,Normal Day,32,35,10.8,44453.24,1
2024-10-02,Flipkart,Beauty & Personal Care,False,Normal Day,14,17,14.8,9771.27,0
2024-10-02,Flipkart,Grocery,False,Normal Day,16,16,9.0,6410.9,0
2024-10-02,Flipkart,Books,False,Normal Day,7,7,5.5,2440.79,0
2024-10-02,Flipkart,Sports & Fitness,False,Normal Day,23,28,12.6,27360.39,1
2024-10-03,Amazon,Electronics,False,Normal Day,71,89,14.5,239687.39,1
2024-10-03,Amazon,Mobiles,False,Normal Day,78,99,11.3,1266196.19,2
2024-10-03,Amazon,Fashion,False,Normal Day,36,47,14.8,38190.8,1
2024-10-03,Amazon,Home & Kitchen,False,Normal Day,53,64,6.0,80815.46,2
2024-10-03,Amazon,Beauty & Personal Care,False,Normal Day,23,30,8.1,18895.85,1
2024-10-03,Amazon,Grocery,False,Normal Day,10,12,9.8,4855.85,0
2024-10-03,Amazon,Books,False,Normal Day,16,17,12.4,5434.53,0
2024-10-03,Amazon,Sports & Fitness,False,Normal Day,29,34,12.6,33172.34,0
2024-10-03,Flipkart,Electronics,False,Normal Day,71,88,14.2,232629.74,3
2024-10-03,Flipkart,Mobiles,False,Normal Day,80,108,9.1,1477857.71,3
2024-10-03,Flipkart,Fashion,False,Normal Day,43,47,9.8,42006.99,2
2024-10-03,Flipkart,Home & Kitchen,False,Normal Day,28,30,10.5,37488.62,0
2024-10-03,Flipkart,Beauty & Personal Care,False,Normal Day,23,23,6.9,13593.3,0
2024-10-03,Flipkart,Grocery,False,Normal Day,13,15,13.0,5726.73,0
2024-10-03,Flipkart,Books,False,Normal Day,15,19,13.7,6657.3,0
2024-10-03,Flipkart,Sports & Fitness,False,Normal Day,20,20,12.7,19868.47,0
2024-10-04,Amazon,Electronics,True,Big Billion Days / Great Indian Festival,305,436,67.7,478170.2,17
2024-10-04,Amazon,Mobiles,True,Big Billion Days / Great Indian Festival,363,497,49.0,3646352.54,16
2024-10-04,Amazon,Fashion,True,Big Billion Days / Great Indian Festival,302,412,43.8,225286.0,13
2024-10-04,Amazon,Home & Kitchen,True,Big Billion Days / Great Indian Festival,298,401,58.3,224245.97,13
2024-10-04,Amazon,Beauty & Personal Care,True,Big Billion Days / Great Indian Festival,134,219,62.4,52550.04,8
2024-10-04,Amazon,Grocery,True,Big Billion Days / Great Indian Festival,81,98,59.0,16716.59,6
2024-10-04,Amazon,Books,True,Big Billion Days / Great Indian Festival,57,65,45.1,13084.85,4
2024-10-04,Amazon,Sports & Fitness,True,Big Billion Days / Great Indian Festival,155,207,55.2,106504.06,10
2024-10-04,Flipkart,Electronics,True,Big Billion Days / Great Indian Festival,438,496,48.3,810879.58,19
2024-10-04,Flipkart,Mobiles,True,Big Billion Days / Great Indian Festival,512,720,58.6,4562805.56,33
2024-10-04,Flipkart,Fashion,True,Big Billion Days / Great Indian Festival,276,398,65.0,125846.19,17
2024-10-04,Flipkart,Home & Kitchen,True,Big Billion Days / Great Indian Festival,316,452,55.8,278856.23,16
2024-10-04,Flipkart,Beauty & Personal Care,True,Big Billion Days / Great Indian Festival,147,246,42.3,92479.54,11
2024-10-04,Flipkart,Grocery,True,Big Billion Days / Great Indian Festival,94,143,55.9,25357.36,5
2024-10-04,Flipkart,Books,True,Big Billion Days / Great Indian Festival,99,147,54.6,25438.4,7
2024-10-04,Flipkart,Sports & Fitness,True,Big Billion Days / Great Indian Festival,212,292,54.5,150853.99,13
2024-10-05,Amazon,Electronics,True,Big Billion Days / Great Indian Festival,451,598,36.4,1229445.94,29
2024-10-05,Amazon,Mobiles,True,Big Billion Days / Great Indian Festival,637,915,50.6,6489000.98,39
2024-10-05,Amazon,Fashion,True,Big Billion Days / Great Indian Festival,318,410,35.1,246662.17,17
2024-10-05,Amazon,Home & Kitchen,True,Big Billion Days / Great Indian Festival,214,273,45.7,210411.79,14
2024-10-05,Amazon,Beauty & Personal Care,True,Big Billion Days / Great Indian Festival,158,179,68.9,35642.08,13
2024-10-05,Amazon,Grocery,True,Big Billion Days / Great Indian Festival,90,151,56.3,27451.83,8
2024-10-05,Amazon,Books,True,Big Billion Days / Great Indian Festival,86,129,56.9,21104.36,3
2024-10-05,Amazon,Sports & Fitness,True,Big Billion Days / Great Indian Festival,242,336,44.6,204806.97,16
2024-10-05,Flipkart,Electronics,True,Big Billion Days / Great Indian Festival,494,655,57.0,875203.65,42
2024-10-05,Flipkart,Mobiles,True,Big Billion Days / Great Indian Festival,681,836,55.2,5546255.98,43
2024-10-05,Flipkart,Fashion,True,Big Billion Days / Great Indian Festival,322,489,37.4,301965.37,14
2024-10-05,Flipkart,Home & Kitchen,True,Big Billion Days / Great Indian Festival,311,580,48.6,433350.73,13
2024-10-05,Flipkart,Beauty & Personal Care,True,Big Billion Days / Great Indian Festival,219,275,44.7,101094.84,16
2024-10-05,Flipkart,Grocery,True,Big Billion Days / Great Indian Festival,95,128,53.9,25215.57,7
2024-10-05,Flipkart,Books,True,Big Billion Days / Great Indian Festival,74,100,51.8,18675.52,3
2024-10-05,Flipkart,Sports & Fitness,True,Big Billion Days / Great Indian Festival,165,243,41.7,152978.27,11
2024-10-06,Amazon,Electronics,True,Big Billion Days / Great Indian Festival,305,423,63.9,518692.69,20
2024-10-06,Amazon,Mobiles,True,Big Billion Days / Great Indian Festival,569,898,67.5,4178261.67,26
2024-10-06,Amazon,Fashion,True,Big Billion Days / Great Indian Festival,261,329,35.5,195191.5,19
2024-10-06,Amazon,Home & Kitchen,True,Big Billion Days / Great Indian Festival,275,421,51.4,293876.83,19
2024-10-06,Amazon,Beauty & Personal Care,True,Big Billion Days / Great Indian Festival,167,204,38.5,79247.76,12
2024-10-06,Amazon,Grocery,True,Big Billion Days / Great Indian Festival,94,134,39.8,33263.96,5
2024-10-06,Amazon,Books,True,Big Billion Days / Great Indian Festival,69,92,61.9,13314.33,3
2024-10-06,Amazon,Sports & Fitness,True,Big Billion Days / Great Indian Festival,176,271,59.5,122641.04,7
2024-10-06,Flipkart,Electronics,True,Big Billion Days / Great Indian Festival,518,672,54.8,986681.26,42
2024-10-06,Flipkart,Mobiles,True,Big Billion Days / Great Indian Festival,646,932,38.6,8175160.64,43
2024-10-06,Flipkart,Fashion,True,Big Billion Days / Great Indian Festival,334,513,40.4,298141.2,18
2024-10-06,Flipkart,Home & Kitchen,True,Big Billion Days / Great Indian Festival,261,334,50.6,232450.01,21
2024-10-06,Flipkart,Beauty & Personal Care,True,Big Billion Days / Great Indian Festival,222,281,52.1,90092.23,12
2024-10-06,Flipkart,Grocery,True,Big Billion Days / Great Indian Festival,116,154,42.4,37744.52,9
2024-10-06,Flipkart,Books,True,Big Billion Days / Great Indian Festival,133,189,41.8,41984.96,7
2024-10-06,Flipkart,Sports & Fitness,True,Big Billion Days / Great Indian Festival,176,269,47.2,153001.27,14
2024-10-07,Amazon,Electronics,True,Big Billion Days / Great Indian Festival,381,565,61.2,693343.59,24
2024-10-07,Amazon,Mobiles,True,Big Billion Days / Great Indian Festival,414,634,47.4,4890254.23,19
2024-10-07,Amazon,Fashion,True,Big Billion Days / Great Indian Festival,278,466,43.8,244504.58,16
2024-10-07,Amazon,Home & Kitchen,True,Big Billion Days / Great Indian Festival,209,273,46.7,197701.72,15
2024-10-07,Amazon,Beauty & Personal Care,True,Big Billion Days / Great Indian Festival,134,215,68.8,43536.03,10
2024-10-07,Amazon,Grocery,True,Big Billion Days / Great Indian Festival,92,147,52.5,30032.69,5
2024-10-07,Amazon,Books,True,Big Billion Days / Great Indian Festival,79,129,60.0,20068.82,6
2024-10-07,Amazon,Sports & Fitness,True,Big Billion Days / Great Indian Festival,182,251,57.3,115904.91,11
2024-10-07,Flipkart,Electronics,True,Big Billion Days / Great Indian Festival,421,583,51.9,958203.64,28
2024-10-07,Flipkart,Mobiles,True,Big Billion Days / Great Indian Festival,551,799,66.9,3829755.11,38
2024-10-07,Flipkart,Fashion,True,Big Billion Days / Great Indian Festival,277,373,59.3,142418.59,21
2024-10-07,Flipkart,Home & Kitchen,True,Big Billion Days / Great Indian Festival,262,364,69.9,157635.84,21
2024-10-07,Flipkart,Beauty & Personal Care,True,Big Billion Days / Great Indian Festival,123,149,42.5,56380.17,7
2024-10-07,Flipkart,Grocery,True,Big Billion Days / Great Indian Festival,125,193,46.4,44037.1,6
2024-10-07,Flipkart,Books,True,Big Billion Days / Great Indian Festival,74,87,65.1,11705.67,4
2024-10-07,Flipkart,Sports & Fitness,True,Big Billion Days / Great Indian Festival,166,207,38.3,143377.37,14
2024-10-08,Amazon,Electronics,True,Big Billion Days / Great Indian Festival,377,543,49.3,867644.04,17
2024-10-08,Amazon,Mobiles,True,Big Billion Days / Great Indian Festival,437,623,67.1,3044541.13,30
2024-10-08,Amazon,Fashion,True,Big Billion Days / Great Indian Festival,286,430,42.0,230694.55,18
2024-10-08,Amazon,Home & Kitchen,True,Big Billion Days / Great Indian Festival,251,373,54.6,233228.59,19
2024-10-08,Amazon,Beauty & Personal Care,True,Big Billion Days / Great Indian Festival,144,205,41.5,80930.73,10
2024-10-08,Amazon,Grocery,True,Big Billion Days / Great Indian Festival,94,154,41.5,38578.18,5
2024-10-08,Amazon,Books,True,Big Billion Days / Great Indian Festival,69,89,53.1,17089.5,5
2024-10-08,Amazon,Sports & Fitness,True,Big Billion Days / Great Indian Festival,115,161,68.7,53502.66,6
2024-10-08,Flipkart,Electronics,True,Big Billion Days / Great Indian Festival,446,658,55.5,892314.78,17
2024-10-08,Flipkart,Mobiles,True,Big Billion Days / Great Indian Festival,521,678,67.3,3303801.75,34
2024-10-08,Flipkart,Fashion,True,Big Billion Days / Great Indian Festival,252,336,64.5,109442.45,16
2024-10-08,Flipkart,Home & Kitchen,True,Big Billion Days / Great Indian Festival,219,343,48.0,253924.86,16
2024-10-08,Flipkart,Beauty & Personal Care,True,Big Billion Days / Great Indian Festival,186,274,67.8,56746.03,11
2024-10-08,Flipkart,Grocery,True,Big Billion Days / Great Indian Festival,107,137,35.7,36817.14,7
2024-10-08,Flipkart,Books,True,Big Billion Days / Great Indian Festival,58,80,45.4,15944.57,4
2024-10-08,Flipkart,Sports & Fitness,True,Big Billion Days / Great Indian Festival,193,299,41.5,186662.29,15
2024-10-09,Amazon,Electronics,True,Big Billion Days / Great Indian Festival,419,591,47.4,997911.26,31
2024-10-09,Amazon,Mobiles,True,Big Billion Days / Great Indian Festival,497,591,63.5,3172680.34,28
2024-10-09,Amazon,Fashion,True,Big Billion Days / Great Indian Festival,252,404,66.6,129249.23,16
2024-10-09,Amazon,Home & Kitchen,True,Big Billion Days / Great Indian Festival,273,344,40.9,291270.19,19
2024-10-09,Amazon,Beauty & Personal Care,True,Big Billion Days / Great Indian Festival,184,292,55.3,86916.31,14
2024-10-09,Amazon,Grocery,True,Big Billion Days / Great Indian Festival,90,124,59.2,21016.0,5
2024-10-09,Amazon,Books,True,Big Billion Days / Great Indian Festival,64,67,66.4,8744.82,3
2024-10-09,Amazon,Sports & Fitness,True,Big Billion Days / Great Indian Festival,134,199,64.2,82915.75,9
2024-10-09,Flipkart,Electronics,True,Big Billion Days / Great Indian Festival,376,489,51.3,729446.88,16
2024-10-09,Flipkart,Mobiles,True,Big Billion Days / Great Indian Festival,609,878,53.4,6238948.2,48
2024-10-09,Flipkart,Fashion,True,Big Billion Days / Great Indian Festival,328,351,58.6,140458.62,24
2024-10-09,Flipkart,Home & Kitchen,True,Big Billion Days / Great Indian Festival,258,401,45.4,309947.87,22
2024-10-09,Flipkart,Beauty & Personal Care,True,Big Billion Days / Great Indian Festival,174,268,66.5,60753.19,15
2024-10-09,Flipkart,Grocery,True,Big Billion Days / Great Indian Festival,133,177,60.5,30438.17,5
2024-10-09,Flipkart,Books,True,Big Billion Days / Great Indian Festival,73,88,67.4,11305.93,6
2024-10-09,Flipkart,Sports & Fitness,True,Big Billion Days / Great Indian Festival,216,302,57.2,139768.11,14
2024-10-10,Amazon,Electronics,True,Big Billion Days / Great Indian Festival,465,700,58.5,915352.6,36
2024-10-10,Amazon,Mobiles,True,Big Billion Days / Great Indian Festival,479,656,63.7,3432064.3,28
2024-10-10,Amazon,Fashion,True,Big Billion Days / Great Indian Festival,284,416,51.4,190515.92,11
2024-10-10,Amazon,Home & Kitchen,True,Big Billion Days / Great Indian Festival,230,383,69.9,153715.29,18
2024-10-10,Amazon,Beauty & Personal Care,True,Big Billion Days / Great Indian Festival,109,127,61.1,32241.67,6
2024-10-10,Amazon,Grocery,True,Big Billion Days / Great Indian Festival,97,144,35.5,38976.11,5
2024-10-10,Amazon,Books,True,Big Billion Days / Great Indian Festival,70,100,60.1,15449.15,5
2024-10-10,Amazon,Sports & Fitness,True,Big Billion Days / Great Indian Festival,171,213,62.8,85216.76,8
2024-10-10,Flipkart,Electronics,True,Big Billion Days / Great Indian Festival,458,527,65.3,598338.75,27
2024-10-10,Flipkart,Mobiles,True,Big Billion Days / Great Indian Festival,541,694,48.1,5163204.78,24
2024-10-10,Flipkart,Fashion,True,Big Billion Days / Great Indian Festival,332,472,58.3,185493.42,29
2024-10-10,Flipkart,Home & Kitchen,True,Big Billion Days / Great Indian Festival,183,322,59.6,180980.61,14
2024-10-10,Flipkart,Beauty & Personal Care,True,Big Billion Days / Great Indian Festival,158,221,58.8,58396.96,7
2024-10-10,Flipkart,Grocery,True,Big Billion Days / Great Indian Festival,98,131,67.8,18079.42,7
2024-10-10,Flipkart,Books,True,Big Billion Days / Great Indian Festival,89,132,51.7,24587.9,4
2024-10-10,Flipkart,Sports & Fitness,True,Big Billion Days / Great Indian Festival,198,254,59.7,112720.59,13
2024-10-11,Amazon,Electronics,True,Big Billion Days / Great Indian Festival,403,634,42.1,1216164.43,23
2024-10-11,Amazon,Mobiles,True,Big Billion Days / Great Indian Festival,398,629,66.2,3147457.12,30
2024-10-11,Amazon,Fashion,True,Big Billion Days / Great Indian Festival,312,352,46.6,180945.76,25
2024-10-11,Amazon,Home & Kitchen,True,Big Billion Days / Great Indian Festival,194,272,65.7,125833.42,13
2024-10-11,Amazon,Beauty & Personal Care,True,Big Billion Days / Great Indian Festival,137,189,53.4,56842.09,7
2024-10-11,Amazon,Grocery,True,Big Billion Days / Great Indian Festival,89,130,51.2,27575.08,7
2024-10-11,Amazon,Books,True,Big Billion Days / Great Indian Festival,66,95,49.8,19217.85,3
2024-10-11,Amazon,Sports & Fitness,True,Big Billion Days / Great Indian Festival,158,283,46.4,167855.46,9
2024-10-11,Flipkart,Electronics,True,Big Billion Days / Great Indian Festival,429,569,46.6,939895.42,37
2024-10-11,Flipkart,Mobiles,True,Big Billion Days / Great Indian Festival,533,678,41.4,6041043.4,26
2024-10-11,Flipkart,Fashion,True,Big Billion Days / Great Indian Festival,267,389,57.6,151346.26,22
2024-10-11,Flipkart,Home & Kitchen,True,Big Billion Days / Great Indian Festival,275,433,59.4,255008.34,22
2024-10-11,Flipkart,Beauty & Personal Care,True,Big Billion Days / Great Indian Festival,138,187,52.8,60042.24,6
2024-10-11,Flipkart,Grocery,True,Big Billion Days / Great Indian Festival,101,116,59.1,20189.4,7
2024-10-11,Flipkart,Books,True,Big Billion Days / Great Indian Festival,73,89,54.0,16056.89,4
2024-10-11,Flipkart,Sports & Fitness,True,Big Billion Days / Great Indian Festival,158,202,61.8,82557.97,13
2024-10-12,Amazon,Electronics,True,Big Billion Days / Great Indian Festival,429,710,43.9,1221327.72,17
2024-10-12,Amazon,Mobiles,True,Big Billion Days / Great Indian Festival,509,708,69.9,3093235.25,33
2024-10-12,Amazon,Fashion,True,Big Billion Days / Great Indian Festival,299,408,44.0,213641.35,17
2024-10-12,Amazon,Home & Kitchen,True,Big Billion Days / Great Indian Festival,256,270,59.0,151455.25,12
2024-10-12,Amazon,Beauty & Personal Care,True,Big Billion Days / Great Indian Festival,149,219,65.5,49987.31,11
2024-10-12,Amazon,Grocery,True,Big Billion Days / Great Indian Festival,135,198,66.3,28590.3,8
2024-10-12,Amazon,Books,True,Big Billion Days / Great Indian Festival,102,129,43.8,28942.56,6
2024-10-12,Amazon,Sports & Fitness,True,Big Billion Days / Great Indian Festival,228,346,46.7,200911.16,13
2024-10-12,Flipkart,Electronics,True,Big Billion Days / Great Indian Festival,414,539,35.1,1161431.07,32
2024-10-12,Flipkart,Mobiles,True,Big Billion Days / Great Indian Festival,565,901,45.7,6735296.63,40
2024-10-12,Flipkart,Fashion,True,Big Billion Days / Great Indian Festival,372,568,41.3,306856.99,19
2024-10-12,Flipkart,Home & Kitchen,True,Big Billion Days / Great Indian Festival,299,451,63.2,223076.83,26
2024-10-12,Flipkart,Beauty & Personal Care,True,Big Billion Days / Great Indian Festival,198,252,56.8,69775.22,15
2024-10-12,Flipkart,Grocery,True,Big Billion Days / Great Indian Festival,128,200,64.7,29775.64,7
2024-10-12,Flipkart,Books,True,Big Billion Days / Great Indian Festival,112,183,43.0,40300.22,6
2024-10-12,Flipkart,Sports & Fitness,True,Big Billion Days / Great Indian Festival,178,279,69.3,94501.21,15
2024-10-13,Amazon,Electronics,False,Normal Day,97,105,11.1,279089.69,5
2024-10-13,Amazon,Mobiles,False,Normal Day,90,110,14.9,1346055.05,3
2024-10-13,Amazon,Fashion,False,Normal Day,64,64,8.7,55548.95,2
2024-10-13,Amazon,Home & Kitchen,False,Normal Day,40,42,14.6,49585.75,2
2024-10-13,Amazon,Beauty & Personal Care,False,Normal Day,37,39,14.4,22223.32,1
2024-10-13,Amazon,Grocery,False,Normal Day,24,26,5.4,10415.83,0
2024-10-13,Amazon,Books,False,Normal Day,15,17,14.7,5789.26,0
2024-10-13,Amazon,Sports & Fitness,False,Normal Day,21,21,6.1,20528.19,0
2024-10-13,Flipkart,Electronics,False,Normal Day,57,61,8.8,182971.62,1
2024-10-13,Flipkart,Mobiles,False,Normal Day,93,117,7.3,1557176.2,2
2024-10-13,Flipkart,Fashion,False,Normal Day,58,74,5.2,71512.21,3
2024-10-13,Flipkart,Home & Kitchen,False,Normal Day,42,42,12.6,48520.04,1
2024-10-13,Flipkart,Beauty & Personal Care,False,Normal Day,30,30,12.6,17234.92,1
2024-10-13,Flipkart,Grocery,False,Normal Day,27,28,8.9,11420.49,1
2024-10-13,Flipkart,Books,False,Normal Day,6,6,7.6,2110.72,0
2024-10-13,Flipkart,Sports & Fitness,False,Normal Day,29,31,5.8,33369.44,0
2024-10-14,Amazon,Electronics,False,Normal Day,48,56,9.7,166195.76,1
2024-10-14,Amazon,Mobiles,False,Normal Day,69,71,12.9,896766.84,3
2024-10-14,Amazon,Fashion,False,Normal Day,36,42,11.7,35806.42,1
2024-10-14,Amazon,Home & Kitchen,False,Normal Day,37,49,8.2,65240.55,1
2024-10-14,Amazon,Beauty & Personal Care,False,Normal Day,19,22,8.5,13973.75,0
2024-10-14,Amazon,Grocery,False,Normal Day,21,23,7.9,8585.51,0
2024-10-14,Amazon,Books,False,Normal Day,11,12,10.1,4106.0,0
2024-10-14,Amazon,Sports & Fitness,False,Normal Day,28,32,14.3,29680.1,1
2024-10-14,Flipkart,Electronics,False,Normal Day,63,63,13.4,170126.72,3
2024-10-14,Flipkart,Mobiles,False,Normal Day,78,106,10.5,1378154.53,4
2024-10-14,Flipkart,Fashion,False,Normal Day,34,41,12.3,33952.51,1
2024-10-14,Flipkart,Home & Kitchen,False,Normal Day,43,43,11.5,53128.42,1
2024-10-14,Flipkart,Beauty & Personal Care,False,Normal Day,24,24,8.8,13972.15,1
2024-10-14,Flipkart,Grocery,False,Normal Day,16,18,10.3,7066.08,0
2024-10-14,Flipkart,Books,False,Normal Day,8,9,5.8,3344.13,0
2024-10-14,Flipkart,Sports & Fitness,False,Normal Day,32,43,7.6,43218.3,1
2024-10-15,Amazon,Electronics,False,Normal Day,56,58,13.1,166217.86,1
2024-10-15,Amazon,Mobiles,False,Normal Day,74,74,6.6,945330.81,4
2024-10-15,Amazon,Fashion,False,Normal Day,35,35,5.4,32288.89,2
2024-10-15,Amazon,Home & Kitchen,False,Normal Day,50,57,6.5,76517.14,2
2024-10-15,Amazon,Beauty & Personal Care,False,Normal Day,30,39,11.4,22479.24,1
2024-10-15,Amazon,Grocery,False,Normal Day,10,11,9.3,4670.81,0
2024-10-15,Amazon,Books,False,Normal Day,16,19,9.0,6786.01,0
2024-10-15,Amazon,Sports & Fitness,False,Normal Day,37,44,8.3,44434.39,1
2024-10-15,Flipkart,Electronics,False,Normal Day,56,70,14.1,193400.71,1
2024-10-15,Flipkart,Mobiles,False,Normal Day,77,78,13.5,940985.17,3
2024-10-15,Flipkart,Fashion,False,Normal Day,28,29,11.0,25017.99,1
2024-10-15,Flipkart,Home & Kitchen,False,Normal Day,44,51,7.5,67864.88,2
2024-10-15,Flipkart,Beauty & Personal Care,False,Normal Day,26,26,6.5,15393.8,1
2024-10-15,Flipkart,Grocery,False,Normal Day,13,13,8.8,5033.44,0
2024-10-15,Flipkart,Books,False,Normal Day,8,9,5.6,3404.71,0
2024-10-15,Flipkart,Sports & Fitness,False,Normal Day,28,32,5.5,34502.76,1
2024-10-16,Amazon,Electronics,False,Normal Day,82,82,8.5,242714.27,3
2024-10-16,Amazon,Mobiles,False,Normal Day,90,97,8.4,1202884.58,2
2024-10-16,Amazon,Fashion,False,Normal Day,46,54,11.9,47157.04,0
2024-10-16,Amazon,Home & Kitchen,False,Normal Day,42,52,7.2,66443.43,1
2024-10-16,Amazon,Beauty & Personal Care,False,Normal Day,28,28,6.6,17302.03,1
2024-10-16,Amazon,Grocery,False,Normal Day,19,21,9.7,8283.26,0
2024-10-16,Amazon,Books,False,Normal Day,11,14,12.0,4731.32,0
2024-10-16,Amazon,Sports & Fitness,False,Normal Day,26,26,7.2,25797.73,1
2024-10-16,Flipkart,Electronics,False,Normal Day,57,57,6.9,174161.24,2
2024-10-16,Flipkart,Mobiles,False,Normal Day,53,60,7.3,837979.26,2
2024-10-16,Flipkart,Fashion,False,Normal Day,46,46,13.4,35987.74,1
2024-10-16,Flipkart,Home & Kitchen,False,Normal Day,45,50,6.6,66698.46,0
2024-10-16,Flipkart,Beauty & Personal Care,False,Normal Day,31,33,8.3,20253.06,1
2024-10-16,Flipkart,Grocery,False,Normal Day,17,17,7.8,6707.37,0
2024-10-16,Flipkart,Books,False,Normal Day,15,15,9.8,5270.02,0
2024-10-16,Flipkart,Sports & Fitness,False,Normal Day,34,37,9.9,37768.27,1
2024-10-17,Amazon,Electronics,False,Normal Day,67,67,5.2,205426.25,3
2024-10-17,Amazon,Mobiles,False,Normal Day,83,100,8.8,1270176.71,4
2024-10-17,Amazon,Fashion,False,Normal Day,32,48,13.1,40371.6,0
2024-10-17,Amazon,Home & Kitchen,False,Normal Day,49,52,7.9,67230.76,1
2024-10-17,Amazon,Beauty & Personal Care,False,Normal Day,20,24,7.1,13939.79,0
2024-10-17,Amazon,Grocery,False,Normal Day,21,23,7.7,9316.58,0
2024-10-17,Amazon,Books,False,Normal Day,13,13,7.2,4589.51,0
2024-10-17,Amazon,Sports & Fitness,False,Normal Day,24,29,14.3,28118.21,1
2024-10-17,Flipkart,Electronics,False,Normal Day,72,92,8.4,264213.07,2
2024-10-17,Flipkart,Mobiles,False,Normal Day,69,96,7.9,1242992.48,1
2024-10-17,Flipkart,Fashion,False,Normal Day,33,33,6.7,29645.2,1
2024-10-17,Flipkart,Home & Kitchen,False,Normal Day,48,57,11.9,68006.79,1
2024-10-17,Flipkart,Beauty & Personal Care,False,Normal Day,30,41,5.7,25670.45,1
2024-10-17,Flipkart,Grocery,False,Normal Day,12,13,8.6,5094.41,0
2024-10-17,Flipkart,Books,False,Normal Day,13,14,14.8,4697.42,0
2024-10-17,Flipkart,Sports & Fitness,False,Normal Day,29,30,8.5,30892.27,1
2024-10-18,Amazon,Electronics,False,Normal Day,61,61,10.8,176577.69,3
2024-10-18,Amazon,Mobiles,False,Normal Day,80,92,14.5,1147890.74,4
2024-10-18,Amazon,Fashion,False,Normal Day,47,52,5.2,49393.39,2
2024-10-18,Amazon,Home & Kitchen,False,Normal Day,28,34,13.3,42345.15,1
2024-10-18,Amazon,Beauty & Personal Care,False,Normal Day,11,14,6.2,8681.58,0
2024-10-18,Amazon,Grocery,False,Normal Day,16,16,8.8,6026.28,0
2024-10-18,Amazon,Books,False,Normal Day,13,13,13.5,4521.64,0
2024-10-18,Amazon,Sports & Fitness,False,Normal Day,19,19,11.7,18826.98,0
2024-10-18,Flipkart,Electronics,False,Normal Day,77,93,9.1,269883.56,2
2024-10-18,Flipkart,Mobiles,False,Normal Day,93,123,5.7,1697606.98,3
2024-10-18,Flipkart,Fashion,False,Normal Day,42,52,11.1,43962.92,2
2024-10-18,Flipkart,Home & Kitchen,False,Normal Day,41,43,13.4,54611.32,2
2024-10-18,Flipkart,Beauty & Personal Care,False,Normal Day,40,51,7.0,30028.15,1
2024-10-18,Flipkart,Grocery,False,Normal Day,19,21,13.0,8384.95,1
2024-10-18,Flipkart,Books,False,Normal Day,17,19,8.8,6710.15,0
2024-10-18,Flipkart,Sports & Fitness,False,Normal Day,38,38,10.7,35659.31,1
2024-10-19,Amazon,Electronics,False,Normal Day,75,90,5.4,294641.16,1
2024-10-19,Amazon,Mobiles,False,Normal Day,95,103,13.3,1300422.45,2
2024-10-19,Amazon,Fashion,False,Normal Day,57,76,9.0,67837.01,2
2024-10-19,Amazon,Home & Kitchen,False,Normal Day,26,28,10.6,35779.91,0
2024-10-19,Amazon,Beauty & Personal Care,False,Normal Day,31,36,10.7,21403.05,1
2024-10-19,Amazon,Grocery,False,Normal Day,21,28,9.8,11215.08,0
2024-10-19,Amazon,Books,False,Normal Day,16,17,5.2,6224.45,0
2024-10-19,Amazon,Sports & Fitness,False,Normal Day,31,34,12.5,33536.47,1
2024-10-19,Flipkart,Electronics,False,Normal Day,50,50,14.2,135106.09,2
2024-10-19,Flipkart,Mobiles,False,Normal Day,77,93,5.3,1277647.44,1
2024-10-19,Flipkart,Fashion,False,Normal Day,52,72,14.3,57246.14,2
2024-10-19,Flipkart,Home & Kitchen,False,Normal Day,47,53,13.1,66249.63,1
2024-10-19,Flipkart,Beauty & Personal Care,False,Normal Day,36,41,6.1,25539.28,1
2024-10-19,Flipkart,Grocery,False,Normal Day,17,26,13.9,9284.25,0
2024-10-19,Flipkart,Books,False,Normal Day,13,13,14.0,4514.69,0
2024-10-19,Flipkart,Sports & Fitness,False,Normal Day,28,30,12.5,29014.52,1
2024-10-20,Amazon,Electronics,False,Normal Day,86,122,9.6,346462.82,2
2024-10-20,Amazon,Mobiles,False,Normal Day,93,97,11.5,1228464.55,2
2024-10-20,Amazon,Fashion,False,Normal Day,78,89,13.0,73565.11,2
2024-10-20,Amazon,Home & Kitchen,False,Normal Day,40,51,12.6,62035.34,1
2024-10-20,Amazon,Beauty & Personal Care,False,Normal Day,31,38,5.3,22896.08,1
2024-10-20,Amazon,Grocery,False,Normal Day,20,20,9.5,7467.36,0
2024-10-20,Amazon,Books,False,Normal Day,16,20,12.5,6660.54,0
2024-10-20,Amazon,Sports & Fitness,False,Normal Day,35,50,6.5,52452.34,1
2024-10-20,Flipkart,Electronics,False,Normal Day,97,107,14.5,303352.29,5
2024-10-20,Flipkart,Mobiles,False,Normal Day,54,64,6.2,863060.36,1
2024-10-20,Flipkart,Fashion,False,Normal Day,54,75,10.1,64139.57,2
2024-10-20,Flipkart,Home & Kitchen,False,Normal Day,38,43,11.8,52697.48,2
2024-10-20,Flipkart,Beauty & Personal Care,False,Normal Day,24,26,6.1,17025.86,0
2024-10-20,Flipkart,Grocery,False,Normal Day,22,28,10.3,10599.25,0
2024-10-20,Flipkart,Books,False,Normal Day,8,9,5.1,3263.99,0
2024-10-20,Flipkart,Sports & Fitness,False,Normal Day,32,39,11.1,36288.64,1
2024-10-21,Amazon,Electronics,False,Normal Day,72,72,6.8,209619.41,3
2024-10-21,Amazon,Mobiles,False,Normal Day,78,101,5.3,1403051.29,3
2024-10-21,Amazon,Fashion,False,Normal Day,29,31,5.2,29218.73,0
2024-10-21,Amazon,Home & Kitchen,False,Normal Day,32,35,9.0,45473.5,1
2024-10-21,Amazon,Beauty & Personal Care,False,Normal Day,18,18,6.2,11252.38,0
2024-10-21,Amazon,Grocery,False,Normal Day,17,19,11.4,6984.12,0
2024-10-21,Amazon,Books,False,Normal Day,19,21,6.2,7354.55,0
2024-10-21,Amazon,Sports & Fitness,False,Normal Day,28,28,7.2,29128.9,0
2024-10-21,Flipkart,Electronics,False,Normal Day,84,91,7.7,274791.82,4
2024-10-21,Flipkart,Mobiles,False,Normal Day,77,97,13.0,1218028.7,2
2024-10-21,Flipkart,Fashion,False,Normal Day,46,52,12.1,46573.7,2
2024-10-21,Flipkart,Home & Kitchen,False,Normal Day,61,79,13.7,95484.38,2
2024-10-21,Flipkart,Beauty & Personal Care,False,Normal Day,24,28,13.4,16707.03,1
2024-10-21,Flipkart,Grocery,False,Normal Day,16,18,6.5,7578.62,0
2024-10-21,Flipkart,Books,False,Normal Day,8,10,12.0,3650.98,0
2024-10-21,Flipkart,Sports & Fitness,False,Normal Day,29,32,6.1,35331.02,1
2024-10-22,Amazon,Electronics,False,Normal Day,60,80,10.4,235056.6,3
2024-10-22,Amazon,Mobiles,False,Normal Day,85,121,9.1,1658266.2,1
2024-10-22,Amazon,Fashion,False,Normal Day,40,40,6.8,35432.9,1
2024-10-22,Amazon,Home & Kitchen,False,Normal Day,44,52,6.6,66197.79,2
2024-10-22,Amazon,Beauty & Personal Care,False,Normal Day,21,26,12.2,15117.0,0
2024-10-22,Amazon,Grocery,False,Normal Day,17,25,8.5,9902.0,0
2024-10-22,Amazon,Books,False,Normal Day,9,9,6.3,3222.29,0
2024-10-22,Amazon,Sports & Fitness,False,Normal Day,29,34,10.2,33249.76,1
2024-10-22,Flipkart,Electronics,False,Normal Day,82,89,6.3,273182.17,3
2024-10-22,Flipkart,Mobiles,False,Normal Day,91,97,5.8,1390376.27,5
2024-10-22,Flipkart,Fashion,False,Normal Day,45,48,14.9,38323.53,0
2024-10-22,Flipkart,Home & Kitchen,False,Normal Day,39,39,11.1,47178.78,1
2024-10-22,Flipkart,Beauty & Personal Care,False,Normal Day,13,15,7.5,9208.23,0
2024-10-22,Flipkart,Grocery,False,Normal Day,19,21,7.6,8095.83,0
2024-10-22,Flipkart,Books,False,Normal Day,17,17,12.9,5489.21,0
2024-10-22,Flipkart,Sports & Fitness,False,Normal Day,32,33,12.7,30964.21,1
2024-10-23,Amazon,Electronics,False,Normal Day,79,101,7.1,315817.59,2
2024-10-23,Amazon,Mobiles,False,Normal Day,71,77,12.8,994767.21,1
2024-10-23,Amazon,Fashion,False,Normal Day,66,87,9.8,72072.94,1
2024-10-23,Amazon,Home & Kitchen,False,Normal Day,48,64,11.7,74632.1,1
2024-10-23,Amazon,Beauty & Personal Care,False,Normal Day,23,23,6.2,14028.0,1
2024-10-23,Amazon,Grocery,False,Normal Day,14,15,6.1,5967.41,0
2024-10-23,Amazon,Books,False,Normal Day,11,12,5.8,4243.64,0
2024-10-23,Amazon,Sports & Fitness,False,Normal Day,17,18,13.4,17841.1,0
2024-10-23,Flipkart,Electronics,False,Normal Day,54,62,11.9,178667.66,1
2024-10-23,Flipkart,Mobiles,False,Normal Day,77,77,10.8,1030758.67,3
2024-10-23,Flipkart,Fashion,False,Normal Day,46,49,11.8,43064.38,1
2024-10-23,Flipkart,Home & Kitchen,False,Normal Day,43,44,12.7,52323.18,1
2024-10-23,Flipkart,Beauty & Personal Care,False,Normal Day,38,44,12.3,24938.18,1
2024-10-23,Flipkart,Grocery,False,Normal Day,16,19,6.5,7307.03,0
2024-10-23,Flipkart,Books,False,Normal Day,17,22,12.0,7320.46,0
2024-10-23,Flipkart,Sports & Fitness,False,Normal Day,22,24,12.0,23641.2,0
2024-10-24,Amazon,Electronics,False,Normal Day,39,49,6.6,141594.4,1
2024-10-24,Amazon,Mobiles,False,Normal Day,83,83,10.2,1057944.61,3
2024-10-24,Amazon,Fashion,False,Normal Day,53,65,12.3,51682.97,1
2024-10-24,Amazon,Home & Kitchen,False,Normal Day,22,25,13.7,29788.55,0
2024-10-24,Amazon,Beauty & Personal Care,False,Normal Day,18,20,10.7,11705.06,1
2024-10-24,Amazon,Grocery,False,Normal Day,13,17,12.5,6337.52,0
2024-10-24,Amazon,Books,False,Normal Day,17,23,10.2,8104.79,0
2024-10-24,Amazon,Sports & Fitness,False,Normal Day,35,42,11.6,42726.41,1
2024-10-24,Flipkart,Electronics,False,Normal Day,50,55,10.2,154655.57,2
2024-10-24,Flipkart,Mobiles,False,Normal Day,86,102,11.6,1290424.14,3
2024-10-24,Flipkart,Fashion,False,Normal Day,43,47,9.5,39787.49,2
2024-10-24,Flipkart,Home & Kitchen,False,Normal Day,26,28,11.5,33101.11,0
2024-10-24,Flipkart,Beauty & Personal Care,False,Normal Day,25,28,10.0,16382.29,0
2024-10-24,Flipkart,Grocery,False,Normal Day,25,26,12.7,9909.07,1
2024-10-24,Flipkart,Books,False,Normal Day,13,16,5.2,6088.65,0
2024-10-24,Flipkart,Sports & Fitness,False,Normal Day,23,23,11.4,22620.8,0
2024-10-25,Amazon,Electronics,False,Normal Day,72,73,14.9,197075.58,3
2024-10-25,Amazon,Mobiles,False,Normal Day,82,110,9.3,1530545.02,3
2024-10-25,Amazon,Fashion,False,Normal Day,45,53,7.3,45707.16,1
2024-10-25,Amazon,Home & Kitchen,False,Normal Day,27,27,10.0,34627.36,1
2024-10-25,Amazon,Beauty & Personal Care,False,Normal Day,32,39,7.0,24437.29,1
2024-10-25,Amazon,Grocery,False,Normal Day,15,16,6.0,6629.49,0
2024-10-25,Amazon,Books,False,Normal Day,12,13,14.4,4280.26,0
2024-10-25,Amazon,Sports & Fitness,False,Normal Day,34,45,7.5,48625.37,1
2024-10-25,Flipkart,Electronics,False,Normal Day,82,89,5.3,260135.14,2
2024-10-25,Flipkart,Mobiles,False,Normal Day,64,78,5.3,1102587.17,3
2024-10-25,Flipkart,Fashion,False,Normal Day,37,47,9.6,40912.31,1
2024-10-25,Flipkart,Home & Kitchen,False,Normal Day,33,33,7.8,43069.99,1
2024-10-25,Flipkart,Beauty & Personal Care,False,Normal Day,21,22,14.1,11730.72,0
2024-10-25,Flipkart,Grocery,False,Normal Day,15,15,10.9,5425.34,0
2024-10-25,Flipkart,Books,False,Normal Day,16,19,14.5,5918.24,0
2024-10-25,Flipkart,Sports & Fitness,False,Normal Day,17,23,9.4,23031.76,0
2024-10-26,Amazon,Electronics,False,Normal Day,70,81,10.6,238678.74,2
2024-10-26,Amazon,Mobiles,False,Normal Day,89,110,13.1,1489852.58,2
2024-10-26,Amazon,Fashion,False,Normal Day,38,38,10.6,31612.42,1
2024-10-26,Amazon,Home & Kitchen,False,Normal Day,47,47,7.5,63063.34,1
2024-10-26,Amazon,Beauty & Personal Care,False,Normal Day,29,32,7.6,19404.96,0
2024-10-26,Amazon,Grocery,False,Normal Day,21,21,12.7,7574.77,0
2024-10-26,Amazon,Books,False,Normal Day,12,12,9.0,4342.56,0
2024-10-26,Amazon,Sports & Fitness,False,Normal Day,31,31,8.2,30934.83,1
2024-10-26,Flipkart,Electronics,False,Normal Day,97,97,9.9,271596.84,2
2024-10-26,Flipkart,Mobiles,False,Normal Day,94,109,11.2,1422324.05,4
2024-10-26,Flipkart,Fashion,False,Normal Day,39,46,14.3,37646.6,1
2024-10-26,Flipkart,Home & Kitchen,False,Normal Day,29,33,6.7,44488.0,0
2024-10-26,Flipkart,Beauty & Personal Care,False,Normal Day,24,26,8.2,16186.49,1
2024-10-26,Flipkart,Grocery,False,Normal Day,25,25,10.3,9449.04,1
2024-10-26,Flipkart,Books,False,Normal Day,17,17,8.6,5972.47,0
2024-10-26,Flipkart,Sports & Fitness,False,Normal Day,32,36,15.0,34092.83,1
2024-10-27,Amazon,Electronics,True,Diwali Sale,415,560,34.9,1159589.07,18
2024-10-27,Amazon,Mobiles,True,Diwali Sale,452,796,46.9,5931237.68,21
2024-10-27,Amazon,Fashion,True,Diwali Sale,260,331,54.8,138812.63,15
2024-10-27,Amazon,Home & Kitchen,True,Diwali Sale,230,306,45.3,238832.79,13
2024-10-27,Amazon,Beauty & Personal Care,True,Diwali Sale,128,196,45.0,70252.68,5
2024-10-27,Amazon,Grocery,True,Diwali Sale,93,141,33.5,39443.71,6
2024-10-27,Amazon,Books,True,Diwali Sale,55,71,40.6,16571.82,3
2024-10-27,Amazon,Sports & Fitness,True,Diwali Sale,208,375,57.0,176476.62,10
2024-10-27,Flipkart,Electronics,True,Diwali Sale,442,560,47.1,952484.95,37
2024-10-27,Flipkart,Mobiles,True,Diwali Sale,388,532,44.1,4354867.8,22
2024-10-27,Flipkart,Fashion,True,Diwali Sale,160,207,41.3,112967.6,8
2024-10-27,Flipkart,Home & Kitchen,True,Diwali Sale,182,220,38.8,188007.75,12
2024-10-27,Flipkart,Beauty & Personal Care,True,Diwali Sale,155,215,59.5,58169.65,9
2024-10-27,Flipkart,Grocery,True,Diwali Sale,109,175,34.9,46218.28,5
2024-10-27,Flipkart,Books,True,Diwali Sale,76,100,40.8,20701.37,3
2024-10-27,Flipkart,Sports & Fitness,True,Diwali Sale,165,263,38.2,180209.39,13
2024-10-28,Amazon,Electronics,True,Diwali Sale,328,428,59.0,538385.07,20
2024-10-28,Amazon,Mobiles,True,Diwali Sale,344,498,33.9,4633536.05,24
2024-10-28,Amazon,Fashion,True,Diwali Sale,246,325,58.8,133064.04,11
2024-10-28,Amazon,Home & Kitchen,True,Diwali Sale,180,244,32.3,237505.04,12
2024-10-28,Amazon,Beauty & Personal Care,True,Diwali Sale,123,161,59.6,42288.92,8
2024-10-28,Amazon,Grocery,True,Diwali Sale,83,113,33.8,30902.6,7
2024-10-28,Amazon,Books,True,Diwali Sale,63,99,53.8,17464.59,5
2024-10-28,Amazon,Sports & Fitness,True,Diwali Sale,115,144,54.4,72964.7,5
2024-10-28,Flipkart,Electronics,True,Diwali Sale,303,482,43.0,859918.23,26
2024-10-28,Flipkart,Mobiles,True,Diwali Sale,460,595,46.4,4643481.46,25
2024-10-28,Flipkart,Fashion,True,Diwali Sale,207,305,50.3,148239.24,18
2024-10-28,Flipkart,Home & Kitchen,True,Diwali Sale,192,274,34.3,255058.66,16
2024-10-28,Flipkart,Beauty & Personal Care,True,Diwali Sale,117,153,38.4,59992.19,5
2024-10-28,Flipkart,Grocery,True,Diwali Sale,70,97,59.9,17492.98,3
2024-10-28,Flipkart,Books,True,Diwali Sale,47,55,39.1,12987.86,2
2024-10-28,Flipkart,Sports & Fitness,True,Diwali Sale,118,139,57.4,63220.61,6
2024-10-29,Amazon,Electronics,True,Diwali Sale,316,405,48.8,671989.14,18
2024-10-29,Amazon,Mobiles,True,Diwali Sale,408,622,31.1,6048414.43,28
2024-10-29,Amazon,Fashion,True,Diwali Sale,223,308,52.2,141477.2,18
2024-10-29,Amazon,Home & Kitchen,True,Diwali Sale,196,251,45.5,200288.63,11
2024-10-29,Amazon,Beauty & Personal Care,True,Diwali Sale,126,161,58.8,41415.84,11
2024-10-29,Amazon,Grocery,True,Diwali Sale,76,116,54.1,23895.45,6
2024-10-29,Amazon,Books,True,Diwali Sale,64,74,48.4,14342.36,4
2024-10-29,Amazon,Sports & Fitness,True,Diwali Sale,133,189,53.9,91847.66,9
2024-10-29,Flipkart,Electronics,True,Diwali Sale,359,430,36.7,868211.42,18
2024-10-29,Flipkart,Mobiles,True,Diwali Sale,391,615,30.2,6033329.0,27
2024-10-29,Flipkart,Fashion,True,Diwali Sale,180,249,35.9,150779.44,14
2024-10-29,Flipkart,Home & Kitchen,True,Diwali Sale,172,272,35.6,237282.6,8
2024-10-29,Flipkart,Beauty & Personal Care,True,Diwali Sale,129,188,35.7,74965.46,8
2024-10-29,Flipkart,Grocery,True,Diwali Sale,72,106,44.2,24842.46,3
2024-10-29,Flipkart,Books,True,Diwali Sale,71,111,57.4,19245.2,3
2024-10-29,Flipkart,Sports & Fitness,True,Diwali Sale,166,189,31.1,139643.16,6
2024-10-30,Amazon,Electronics,True,Diwali Sale,343,581,52.5,885444.56,19
2024-10-30,Amazon,Mobiles,True,Diwali Sale,443,663,48.8,4913875.83,24
2024-10-30,Amazon,Fashion,True,Diwali Sale,274,330,31.9,214188.89,24
2024-10-30,Amazon,Home & Kitchen,True,Diwali Sale,181,262,40.7,217205.15,13
2024-10-30,Amazon,Beauty & Personal Care,True,Diwali Sale,146,246,52.6,77156.99,9
2024-10-30,Amazon,Grocery,True,Diwali Sale,101,149,39.5,36003.85,7
2024-10-30,Amazon,Books,True,Diwali Sale,68,92,58.5,14773.24,4
2024-10-30,Amazon,Sports & Fitness,True,Diwali Sale,174,218,44.3,139385.05,7
2024-10-30,Flipkart,Electronics,True,Diwali Sale,270,381,57.9,515711.61,17
2024-10-30,Flipkart,Mobiles,True,Diwali Sale,450,553,39.1,5029767.83,23
2024-10-30,Flipkart,Fashion,True,Diwali Sale,204,259,38.8,153554.18,13
2024-10-30,Flipkart,Home & Kitchen,True,Diwali Sale,148,203,44.9,149915.88,6
2024-10-30,Flipkart,Beauty & Personal Care,True,Diwali Sale,97,137,54.5,40780.86,5
2024-10-30,Flipkart,Grocery,True,Diwali Sale,101,118,36.2,32112.17,5
2024-10-30,Flipkart,Books,True,Diwali Sale,58,66,55.9,11415.84,3
2024-10-30,Flipkart,Sports & Fitness,True,Diwali Sale,111,186,41.4,122007.42,7
2024-10-31,Amazon,Electronics,True,Diwali Sale,357,522,42.5,981532.89,15
2024-10-31,Amazon,Mobiles,True,Diwali Sale,360,471,37.4,4478472.88,30
2024-10-31,Amazon,Fashion,True,Diwali Sale,218,325,48.9,163614.28,14
2024-10-31,Amazon,Home & Kitchen,True,Diwali Sale,233,320,49.2,223537.24,10
2024-10-31,Amazon,Beauty & Personal Care,True,Diwali Sale,103,134,30.3,62004.49,4
2024-10-31,Amazon,Grocery,True,Diwali Sale,98,128,32.0,36501.89,5
2024-10-31,Amazon,Books,True,Diwali Sale,64,102,58.9,15604.1,4
2024-10-31,Amazon,Sports & Fitness,True,Diwali Sale,130,173,35.0,120872.84,9
2024-10-31,Flipkart,Electronics,True,Diwali Sale,336,433,35.0,879245.98,16
2024-10-31,Flipkart,Mobiles,True,Diwali Sale,366,514,38.0,4593992.22,24
2024-10-31,Flipkart,Fashion,True,Diwali Sale,202,309,43.1,164424.62,15
2024-10-31,Flipkart,Home & Kitchen,True,Diwali Sale,189,216,37.9,198964.69,14
2024-10-31,Flipkart,Beauty & Personal Care,True,Diwali Sale,118,147,46.0,48958.65,7
2024-10-31,Flipkart,Grocery,True,Diwali Sale,75,103,40.1,26277.11,6
2024-10-31,Flipkart,Books,True,Diwali Sale,63,100,49.3,19324.07,5
2024-10-31,Flipkart,Sports & Fitness,True,Diwali Sale,146,225,32.2,173426.91,6
2024-11-01,Amazon,Electronics,True,Diwali Sale,234,308,55.5,446755.55,11
2024-11-01,Amazon,Mobiles,True,Diwali Sale,361,408,52.7,2982941.34,30
2024-11-01,Amazon,Fashion,True,Diwali Sale,269,414,38.3,239543.4,15
2024-11-01,Amazon,Home & Kitchen,True,Diwali Sale,263,341,39.6,295776.84,12
2024-11-01,Amazon,Beauty & Personal Care,True,Diwali Sale,127,151,55.6,45203.4,9
2024-11-01,Amazon,Grocery,True,Diwali Sale,83,117,30.9,33930.36,4
2024-11-01,Amazon,Books,True,Diwali Sale,57,93,54.3,15664.75,4
2024-11-01,Amazon,Sports & Fitness,True,Diwali Sale,139,173,58.6,80179.75,12
2024-11-01,Flipkart,Electronics,True,Diwali Sale,278,414,53.8,598067.03,15
2024-11-01,Flipkart,Mobiles,True,Diwali Sale,305,334,59.5,1930801.88,13
2024-11-01,Flipkart,Fashion,True,Diwali Sale,275,429,47.5,208446.09,20
2024-11-01,Flipkart,Home & Kitchen,True,Diwali Sale,163,291,47.0,210740.98,7
2024-11-01,Flipkart,Beauty & Personal Care,True,Diwali Sale,114,151,45.5,53098.83,6
2024-11-01,Flipkart,Grocery,True,Diwali Sale,77,101,56.9,17382.16,4
2024-11-01,Flipkart,Books,True,Diwali Sale,62,96,54.0,16555.5,4
2024-11-01,Flipkart,Sports & Fitness,True,Diwali Sale,130,213,57.3,103399.32,10
2024-11-02,Amazon,Electronics,True,Diwali Sale,415,559,51.0,920173.47,35
2024-11-02,Amazon,Mobiles,True,Diwali Sale,504,777,40.6,6883644.41,39
2024-11-02,Amazon,Fashion,True,Diwali Sale,256,293,30.1,200474.76,13
2024-11-02,Amazon,Home & Kitchen,True,Diwali Sale,238,329,59.2,182481.06,18
2024-11-02,Amazon,Beauty & Personal Care,True,Diwali Sale,160,216,41.1,87538.16,10
2024-11-02,Amazon,Grocery,True,Diwali Sale,95,135,44.8,33118.85,3
2024-11-02,Amazon,Books,True,Diwali Sale,79,99,38.7,23794.25,3
2024-11-02,Amazon,Sports & Fitness,True,Diwali Sale,169,275,38.7,186546.47,7
2024-11-02,Flipkart,Electronics,True,Diwali Sale,320,401,54.5,548608.56,26
2024-11-02,Flipkart,Mobiles,True,Diwali Sale,407,588,52.0,4107337.55,19
2024-11-02,Flipkart,Fashion,True,Diwali Sale,190,256,49.0,128382.23,13
2024-11-02,Flipkart,Home & Kitchen,True,Diwali Sale,163,163,59.8,93368.78,14
2024-11-02,Flipkart,Beauty & Personal Care,True,Diwali Sale,145,178,52.0,54955.01,12
2024-11-02,Flipkart,Grocery,True,Diwali Sale,108,143,49.1,30170.99,4
2024-11-02,Flipkart,Books,True,Diwali Sale,70,109,34.9,26976.01,4
2024-11-02,Flipkart,Sports & Fitness,True,Diwali Sale,167,261,38.5,183274.56,10
2024-11-03,Amazon,Electronics,False,Normal Day,72,94,6.9,280743.13,3
2024-11-03,Amazon,Mobiles,False,Normal Day,97,119,14.5,1451762.02,5
2024-11-03,Amazon,Fashion,False,Normal Day,40,42,6.6,36776.19,1
2024-11-03,Amazon,Home & Kitchen,False,Normal Day,62,62,7.1,81442.73,2
2024-11-03,Amazon,Beauty & Personal Care,False,Normal Day,24,29,9.1,17471.79,0
2024-11-03,Amazon,Grocery,False,Normal Day,10,10,9.6,3983.27,0
2024-11-03,Amazon,Books,False,Normal Day,11,11,9.6,3856.32,0
2024-11-03,Amazon,Sports & Fitness,False,Normal Day,30,30,10.1,31886.85,0
2024-11-03,Flipkart,Electronics,False,Normal Day,77,107,11.8,306376.5,4
2024-11-03,Flipkart,Mobiles,False,Normal Day,104,107,14.5,1293798.46,3
2024-11-03,Flipkart,Fashion,False,Normal Day,50,68,12.7,58358.01,2
2024-11-03,Flipkart,Home & Kitchen,False,Normal Day,48,59,11.8,73843.5,1
2024-11-03,Flipkart,Beauty & Personal Care,False,Normal Day,25,32,9.1,19181.8,1
2024-11-03,Flipkart,Grocery,False,Normal Day,20,20,6.7,8897.52,0
2024-11-03,Flipkart,Books,False,Normal Day,12,14,9.8,4828.86,0
2024-11-03,Flipkart,Sports & Fitness,False,Normal Day,25,31,8.0,33094.59,1
2024-11-04,Amazon,Electronics,False,Normal Day,62,72,10.5,208292.34,2
2024-11-04,Amazon,Mobiles,False,Normal Day,72,88,14.4,1078763.88,3
2024-11-04,Amazon,Fashion,False,Normal Day,57,71,5.9,66664.25,3
2024-11-04,Amazon,Home & Kitchen,False,Normal Day,40,40,5.6,52634.63,1
2024-11-04,Amazon,Beauty & Personal Care,False,Normal Day,29,29,14.6,16510.87,1
2024-11-04,Amazon,Grocery,False,Normal Day,21,24,13.8,8908.19,0
2024-11-04,Amazon,Books,False,Normal Day,19,19,8.2,7267.67,0
2024-11-04,Amazon,Sports & Fitness,False,Normal Day,28,28,10.3,28294.39,1
2024-11-04,Flipkart,Electronics,False,Normal Day,68,86,6.9,264927.97,2
2024-11-04,Flipkart,Mobiles,False,Normal Day,73,79,11.9,1049876.1,3
2024-11-04,Flipkart,Fashion,False,Normal Day,21,21,12.5,17785.49,0
2024-11-04,Flipkart,Home & Kitchen,False,Normal Day,32,33,7.9,44999.65,0
2024-11-04,Flipkart,Beauty & Personal Care,False,Normal Day,20,21,10.5,12405.7,0
2024-11-04,Flipkart,Grocery,False,Normal Day,22,27,13.9,9517.69,1
2024-11-04,Flipkart,Books,False,Normal Day,9,9,5.5,3380.53,0
2024-11-04,Flipkart,Sports & Fitness,False,Normal Day,29,29,5.5,29902.35,1
2024-11-05,Amazon,Electronics,False,Normal Day,54,54,14.7,153889.64,1
2024-11-05,Amazon,Mobiles,False,Normal Day,78,87,10.3,1131793.53,3
2024-11-05,Amazon,Fashion,False,Normal Day,39,48,9.9,41337.3,1
2024-11-05,Amazon,Home & Kitchen,False,Normal Day,35,48,7.2,64593.35,1
2024-11-05,Amazon,Beauty & Personal Care,False,Normal Day,17,23,12.3,13153.82,0
2024-11-05,Amazon,Grocery,False,Normal Day,17,20,10.7,7639.13,0
2024-11-05,Amazon,Books,False,Normal Day,19,19,7.4,7140.02,0
2024-11-05,Amazon,Sports & Fitness,False,Normal Day,23,23,12.3,22418.85,1
2024-11-05,Flipkart,Electronics,False,Normal Day,81,101,14.6,271883.03,1
2024-11-05,Flipkart,Mobiles,False,Normal Day,65,81,8.3,1082349.39,3
2024-11-05,Flipkart,Fashion,False,Normal Day,61,84,9.3,74721.28,1
2024-11-05,Flipkart,Home & Kitchen,False,Normal Day,36,40,8.8,50087.03,0
2024-11-05,Flipkart,Beauty & Personal Care,False,Normal Day,20,23,8.6,13135.98,0
2024-11-05,Flipkart,Grocery,False,Normal Day,18,19,6.0,7839.45,0
2024-11-05,Flipkart,Books,False,Normal Day,16,21,9.0,7675.91,0
2024-11-05,Flipkart,Sports & Fitness,False,Normal Day,23,23,11.2,22259.81,0
2024-11-06,Amazon,Electronics,False,Normal Day,72,72,12.3,212138.3,3
2024-11-06,Amazon,Mobiles,False,Normal Day,71,71,7.7,977301.71,2
2024-11-06,Amazon,Fashion,False,Normal Day,36,45,14.7,36985.0,1
2024-11-06,Amazon,Home & Kitchen,False,Normal Day,32,40,10.7,51333.7,1
2024-11-06,Amazon,Beauty & Personal Care,False,Normal Day,24,24,14.6,13709.94,0
2024-11-06,Amazon,Grocery,False,Normal Day,16,20,10.0,8114.66,0
2024-11-06,Amazon,Books,False,Normal Day,11,13,13.8,4244.7,0
2024-11-06,Amazon,Sports & Fitness,False,Normal Day,30,33,13.8,31124.48,1
2024-11-06,Flipkart,Electronics,False,Normal Day,75,96,14.8,266893.19,4
2024-11-06,Flipkart,Mobiles,False,Normal Day,78,78,12.6,969529.34,3
2024-11-06,Flipkart,Fashion,False,Normal Day,56,60,14.7,48462.12,1
2024-11-06,Flipkart,Home & Kitchen,False,Normal Day,42,54,8.1,68567.84,1
2024-11-06,Flipkart,Beauty & Personal Care,False,Normal Day,20,20,6.9,13111.57,0
2024-11-06,Flipkart,Grocery,False,Normal Day,9,12,8.3,4498.22,0
2024-11-06,Flipkart,Books,False,Normal Day,14,17,5.0,6401.52,0
2024-11-06,Flipkart,Sports & Fitness,False,Normal Day,28,32,12.1,31763.69,1
2024-11-07,Amazon,Electronics,False,Normal Day,67,88,8.6,268043.76,3
2024-11-07,Amazon,Mobiles,False,Normal Day,71,71,12.4,885885.74,2
2024-11-07,Amazon,Fashion,False,Normal Day,49,55,10.6,45348.68,1
2024-11-07,Amazon,Home & Kitchen,False,Normal Day,41,51,10.7,63406.29,0
2024-11-07,Amazon,Beauty & Personal Care,False,Normal Day,24,26,12.4,15041.31,1
2024-11-07,Amazon,Grocery,False,Normal Day,15,17,7.0,6978.46,0
2024-11-07,Amazon,Books,False,Normal Day,6,7,7.2,2560.96,0
2024-11-07,Amazon,Sports & Fitness,False,Normal Day,32,33,6.0,33554.54,1
2024-11-07,Flipkart,Electronics,False,Normal Day,66,90,9.6,263411.48,3
2024-11-07,Flipkart,Mobiles,False,Normal Day,82,90,10.7,1121143.53,1
2024-11-07,Flipkart,Fashion,False,Normal Day,36,37,7.6,33429.9,2
2024-11-07,Flipkart,Home & Kitchen,False,Normal Day,42,42,10.7,52429.12,1
2024-11-07,Flipkart,Beauty & Personal Care,False,Normal Day,22,28,13.6,16297.28,0
2024-11-07,Flipkart,Grocery,False,Normal Day,20,23,9.8,9634.67,0
2024-11-07,Flipkart,Books,False,Normal Day,3,3,14.8,1177.2,0
2024-11-07,Flipkart,Sports & Fitness,False,Normal Day,30,31,13.7,30122.53,0
2024-11-08,Amazon,Electronics,False,Normal Day,61,77,12.3,219471.82,2
2024-11-08,Amazon,Mobiles,False,Normal Day,70,77,10.6,1005683.38,2
2024-11-08,Amazon,Fashion,False,Normal Day,60,60,12.8,49482.44,2
2024-11-08,Amazon,Home & Kitchen,False,Normal Day,48,71,6.4,96783.3,2
2024-11-08,Amazon,Beauty & Personal Care,False,Normal Day,20,30,8.2,17534.16,0
2024-11-08,Amazon,Grocery,False,Normal Day,18,21,9.2,8022.12,1
2024-11-08,Amazon,Books,False,Normal Day,11,11,11.3,3707.26,0
2024-11-08,Amazon,Sports & Fitness,False,Normal Day,18,22,13.4,21286.25,0
2024-11-08,Flipkart,Electronics,False,Normal Day,51,53,11.4,155046.93,2
2024-11-08,Flipkart,Mobiles,False,Normal Day,78,81,5.3,1173324.78,4
2024-11-08,Flipkart,Fashion,False,Normal Day,39,45,8.8,40180.99,1
2024-11-08,Flipkart,Home & Kitchen,False,Normal Day,41,52,14.1,64697.2,2
2024-11-08,Flipkart,Beauty & Personal Care,False,Normal Day,21,22,11.3,12639.77,0
2024-11-08,Flipkart,Grocery,False,Normal Day,9,9,9.2,3542.69,0
2024-11-08,Flipkart,Books,False,Normal Day,9,11,6.6,4021.32,0
2024-11-08,Flipkart,Sports & Fitness,False,Normal Day,21,27,8.8,27590.35,0
2024-11-09,Amazon,Electronics,False,Normal Day,85,101,11.5,294100.59,3
2024-11-09,Amazon,Mobiles,False,Normal Day,88,122,8.4,1701738.27,3
2024-11-09,Amazon,Fashion,False,Normal Day,61,61,12.7,51186.46,2
2024-11-09,Amazon,Home & Kitchen,False,Normal Day,46,57,11.5,68569.64,1
2024-11-09,Amazon,Beauty & Personal Care,False,Normal Day,34,35,5.3,21347.5,0
2024-11-09,Amazon,Grocery,False,Normal Day,24,24,6.0,9360.64,0
2024-11-09,Amazon,Books,False,Normal Day,26,29,7.1,10681.09,1
2024-11-09,Amazon,Sports & Fitness,False,Normal Day,40,40,13.6,38361.76,1
2024-11-09,Flipkart,Electronics,False,Normal Day,58,58,12.4,166014.22,2
2024-11-09,Flipkart,Mobiles,False,Normal Day,68,72,13.1,880632.81,2
2024-11-09,Flipkart,Fashion,False,Normal Day,55,56,9.9,47666.8,2
2024-11-09,Flipkart,Home & Kitchen,False,Normal Day,52,52,12.4,67456.24,2
2024-11-09,Flipkart,Beauty & Personal Care,False,Normal Day,42,53,10.6,29719.09,1
2024-11-09,Flipkart,Grocery,False,Normal Day,15,15,6.8,5711.37,0
2024-11-09,Flipkart,Books,False,Normal Day,14,17,8.6,6099.23,0
2024-11-09,Flipkart,Sports & Fitness,False,Normal Day,25,31,13.1,30360.63,0
2024-11-10,Amazon,Electronics,False,Normal Day,65,75,13.2,204854.58,3
2024-11-10,Amazon,Mobiles,False,Normal Day,99,109,13.7,1318368.36,3
2024-11-10,Amazon,Fashion,False,Normal Day,51,64,5.5,59756.74,1
2024-11-10,Amazon,Home & Kitchen,False,Normal Day,45,47,13.2,57795.97,1
2024-11-10,Amazon,Beauty & Personal Care,False,Normal Day,24,28,11.1,15700.69,0
2024-11-10,Amazon,Grocery,False,Normal Day,12,13,12.3,4952.09,0
2024-11-10,Amazon,Books,False,Normal Day,16,22,10.7,7229.88,0
2024-11-10,Amazon,Sports & Fitness,False,Normal Day,25,30,10.2,30797.84,1
2024-11-10,Flipkart,Electronics,False,Normal Day,67,87,7.7,264660.33,3
2024-11-10,Flipkart,Mobiles,False,Normal Day,80,96,6.2,1253986.07,4
2024-11-10,Flipkart,Fashion,False,Normal Day,50,65,8.6,53991.37,2
2024-11-10,Flipkart,Home & Kitchen,False,Normal Day,33,35,11.7,43572.73,1
2024-11-10,Flipkart,Beauty & Personal Care,False,Normal Day,32,34,13.7,19488.52,1
2024-11-10,Flipkart,Grocery,False,Normal Day,21,21,5.8,8089.32,0
2024-11-10,Flipkart,Books,False,Normal Day,16,17,11.8,6157.64,0
2024-11-10,Flipkart,Sports & Fitness,False,Normal Day,23,34,5.5,33968.9,1
2024-11-11,Amazon,Electronics,False,Normal Day,74,79,13.7,223037.96,3
2024-11-11,Amazon,Mobiles,False,Normal Day,89,98,14.9,1182419.64,4
2024-11-11,Amazon,Fashion,False,Normal Day,45,51,7.2,45871.59,1
2024-11-11,Amazon,Home & Kitchen,False,Normal Day,37,37,11.5,46229.26,1
2024-11-11,Amazon,Beauty & Personal Care,False,Normal Day,37,43,12.1,24780.56,2
2024-11-11,Amazon,Grocery,False,Normal Day,19,22,9.5,8822.79,0
2024-11-11,Amazon,Books,False,Normal Day,10,12,5.5,4691.4,0
2024-11-11,Amazon,Sports & Fitness,False,Normal Day,24,28,8.5,28192.62,0
2024-11-11,Flipkart,Electronics,False,Normal Day,99,105,14.5,290649.06,3
2024-11-11,Flipkart,Mobiles,False,Normal Day,106,136,12.8,1794464.45,3
2024-11-11,Flipkart,Fashion,False,Normal Day,42,43,9.0,36088.67,2
2024-11-11,Flipkart,Home & Kitchen,False,Normal Day,44,44,9.3,53880.88,1
2024-11-11,Flipkart,Beauty & Personal Care,False,Normal Day,33,33,5.4,19483.19,1
2024-11-11,Flipkart,Grocery,False,Normal Day,19,24,12.2,8238.99,0
2024-11-11,Flipkart,Books,False,Normal Day,10,13,14.7,4158.63,0
2024-11-11,Flipkart,Sports & Fitness,False,Normal Day,24,25,11.6,25034.04,1
2024-11-12,Amazon,Electronics,False,Normal Day,61,75,10.0,208496.76,3
2024-11-12,Amazon,Mobiles,False,Normal Day,69,74,7.4,916506.18,3
2024-11-12,Amazon,Fashion,False,Normal Day,42,49,10.3,41670.49,1
2024-11-12,Amazon,Home & Kitchen,False,Normal Day,47,47,12.2,56805.97,2
2024-11-12,Amazon,Beauty & Personal Care,False,Normal Day,28,32,14.1,17787.16,1
2024-11-12,Amazon,Grocery,False,Normal Day,19,27,14.1,10254.75,0
2024-11-12,Amazon,Books,False,Normal Day,14,17,11.4,5978.96,0
2024-11-12,Amazon,Sports & Fitness,False,Normal Day,17,17,6.6,18124.44,0
2024-11-12,Flipkart,Electronics,False,Normal Day,57,87,14.2,236790.34,1
2024-11-12,Flipkart,Mobiles,False,Normal Day,72,101,11.9,1326002.65,2
2024-11-12,Flipkart,Fashion,False,Normal Day,30,32,11.0,26993.36,1
2024-11-12,Flipkart,Home & Kitchen,False,Normal Day,39,42,11.7,52110.49,1
2024-11-12,Flipkart,Beauty & Personal Care,False,Normal Day,26,30,14.2,16470.47,0
2024-11-12,Flipkart,Grocery,False,Normal Day,20,27,5.6,11035.28,0
2024-11-12,Flipkart,Books,False,Normal Day,9,9,13.9,2889.95,0
2024-11-12,Flipkart,Sports & Fitness,False,Normal Day,24,29,10.1,27710.08,1
2024-11-13,Amazon,Electronics,False,Normal Day,54,65,12.3,179630.81,3
2024-11-13,Amazon,Mobiles,False,Normal Day,81,81,11.4,1116362.66,2
2024-11-13,Amazon,Fashion,False,Normal Day,37,43,11.0,36664.03,1
2024-11-13,Amazon,Home & Kitchen,False,Normal Day,47,52,5.9,70657.63,2
2024-11-13,Amazon,Beauty & Personal Care,False,Normal Day,21,25,5.3,15703.29,1
2024-11-13,Amazon,Grocery,False,Normal Day,22,22,5.8,8992.37,1
2024-11-13,Amazon,Books,False,Normal Day,12,16,12.5,5644.39,0
2024-11-13,Amazon,Sports & Fitness,False,Normal Day,35,41,11.0,41316.43,0
2024-11-13,Flipkart,Electronics,False,Normal Day,88,102,14.2,284568.38,4
2024-11-13,Flipkart,Mobiles,False,Normal Day,84,98,10.0,1284353.92,3
2024-11-13,Flipkart,Fashion,False,Normal Day,40,40,10.1,32799.39,1
2024-11-13,Flipkart,Home & Kitchen,False,Normal Day,33,33,5.5,41467.0,1
2024-11-13,Flipkart,Beauty & Personal Care,False,Normal Day,23,32,10.6,19111.31,0
2024-11-13,Flipkart,Grocery,False,Normal Day,23,23,13.3,8414.94,0
2024-11-13,Flipkart,Books,False,Normal Day,16,20,13.3,6550.7,0
2024-11-13,Flipkart,Sports & Fitness,False,Normal Day,26,26,11.3,24808.76,0
2024-11-14,Amazon,Electronics,False,Normal Day,65,84,13.6,224032.35,2
2024-11-14,Amazon,Mobiles,False,Normal Day,76,95,14.7,1182132.42,4
2024-11-14,Amazon,Fashion,False,Normal Day,30,33,10.1,28978.69,1
2024-11-14,Amazon,Home & Kitchen,False,Normal Day,52,65,6.9,83786.58,1
2024-11-14,Amazon,Beauty & Personal Care,False,Normal Day,24,34,12.4,19912.79,1
2024-11-14,Amazon,Grocery,False,Normal Day,22,22,7.6,8632.31,0
2024-11-14,Amazon,Books,False,Normal Day,11,13,7.3,4684.7,0
2024-11-14,Amazon,Sports & Fitness,False,Normal Day,28,28,10.5,28304.28,0
2024-11-14,Flipkart,Electronics,False,Normal Day,55,65,9.7,188496.94,1
2024-11-14,Flipkart,Mobiles,False,Normal Day,75,75,5.9,1044359.27,3
2024-11-14,Flipkart,Fashion,False,Normal Day,36,49,11.8,41630.96,1
2024-11-14,Flipkart,Home & Kitchen,False,Normal Day,45,49,14.7,59342.97,1
2024-11-14,Flipkart,Beauty & Personal Care,False,Normal Day,24,32,6.2,20256.4,0
2024-11-14,Flipkart,Grocery,False,Normal Day,27,30,10.0,12687.67,0
2024-11-14,Flipkart,Books,False,Normal Day,13,16,5.7,5968.72,0
2024-11-14,Flipkart,Sports & Fitness,False,Normal Day,34,37,12.5,37121.76,0
2024-11-15,Amazon,Electronics,False,Normal Day,85,85,14.7,237679.18,3
2024-11-15,Amazon,Mobiles,False,Normal Day,83,109,14.0,1339805.74,4
2024-11-15,Amazon,Fashion,False,Normal Day,33,39,7.6,31945.1,1
2024-11-15,Amazon,Home & Kitchen,False,Normal Day,49,65,14.4,75541.41,2
2024-11-15,Amazon,Beauty & Personal Care,False,Normal Day,24,24,13.4,13155.07,1
2024-11-15,Amazon,Grocery,False,Normal Day,23,27,6.3,10480.33,1
2024-11-15,Amazon,Books,False,Normal Day,11,11,10.5,3791.31,0
2024-11-15,Amazon,Sports & Fitness,False,Normal Day,27,31,9.6,30435.56,1
2024-11-15,Flipkart,Electronics,False,Normal Day,53,53,6.5,156805.25,1
2024-11-15,Flipkart,Mobiles,False,Normal Day,81,96,9.1,1270858.25,2
2024-11-15,Flipkart,Fashion,False,Normal Day,46,50,12.5,43084.65,1
2024-11-15,Flipkart,Home & Kitchen,False,Normal Day,39,45,5.9,58495.59,2
2024-11-15,Flipkart,Beauty & Personal Care,False,Normal Day,22,25,14.0,14127.07,0
2024-11-15,Flipkart,Grocery,False,Normal Day,13,15,7.6,5886.87,0
2024-11-15,Flipkart,Books,False,Normal Day,12,15,6.7,5579.72,0
2024-11-15,Flipkart,Sports & Fitness,False,Normal Day,34,34,6.7,33662.66,1
2024-11-16,Amazon,Electronics,False,Normal Day,81,81,7.5,238773.71,3
2024-11-16,Amazon,Mobiles,False,Normal Day,93,93,8.5,1195753.75,2
2024-11-16,Amazon,Fashion,False,Normal Day,41,47,13.5,39867.49,2
2024-11-16,Amazon,Home & Kitchen,False,Normal Day,44,51,9.0,65832.98,0
2024-11-16,Amazon,Beauty & Personal Care,False,Normal Day,32,32,9.9,19175.4,1
2024-11-16,Amazon,Grocery,False,Normal Day,22,25,9.0,9950.21,1
2024-11-16,Amazon,Books,False,Normal Day,12,15,9.5,5456.11,0
2024-11-16,Amazon,Sports & Fitness,False,Normal Day,24,24,7.0,23883.38,0
2024-11-16,Flipkart,Electronics,False,Normal Day,81,89,8.9,259070.95,1
2024-11-16,Flipkart,Mobiles,False,Normal Day,79,80,6.5,1096109.37,4
2024-11-16,Flipkart,Fashion,False,Normal Day,51,67,9.5,59607.85,2
2024-11-16,Flipkart,Home & Kitchen,False,Normal Day,53,74,5.8,97495.33,1
2024-11-16,Flipkart,Beauty & Personal Care,False,Normal Day,44,44,13.5,25396.48,1
2024-11-16,Flipkart,Grocery,False,Normal Day,15,19,14.0,6997.12,0
2024-11-16,Flipkart,Books,False,Normal Day,19,19,6.5,6723.39,0
2024-11-16,Flipkart,Sports & Fitness,False,Normal Day,20,24,8.1,23726.4,0
2024-11-17,Amazon,Electronics,False,Normal Day,62,79,6.4,241280.81,2
2024-11-17,Amazon,Mobiles,False,Normal Day,115,117,12.5,1492468.59,2
2024-11-17,Amazon,Fashion,False,Normal Day,45,54,5.8,48391.64,1
2024-11-17,Amazon,Home & Kitchen,False,Normal Day,46,46,5.9,61015.25,2
2024-11-17,Amazon,Beauty & Personal Care,False,Normal Day,21,22,6.8,13839.55,0
2024-11-17,Amazon,Grocery,False,Normal Day,19,19,14.3,6651.21,0
2024-11-17,Amazon,Books,False,Normal Day,8,9,10.1,3083.42,0
2024-11-17,Amazon,Sports & Fitness,False,Normal Day,27,34,11.5,34525.16,1
2024-11-17,Flipkart,Electronics,False,Normal Day,68,83,5.7,251750.6,2
2024-11-17,Flipkart,Mobiles,False,Normal Day,99,111,11.4,1507562.19,3
2024-11-17,Flipkart,Fashion,False,Normal Day,46,46,10.4,39533.73,1
2024-11-17,Flipkart,Home & Kitchen,False,Normal Day,34,35,6.0,46884.4,0
2024-11-17,Flipkart,Beauty & Personal Care,False,Normal Day,24,29,9.2,17509.83,0
2024-11-17,Flipkart,Grocery,False,Normal Day,32,34,5.6,13868.09,1
2024-11-17,Flipkart,Books,False,Normal Day,14,14,13.0,4643.42,0
2024-11-17,Flipkart,Sports & Fitness,False,Normal Day,26,39,6.1,40881.64,0
2024-11-18,Amazon,Electronics,False,Normal Day,60,75,14.1,211805.35,1
2024-11-18,Amazon,Mobiles,False,Normal Day,87,106,13.2,1385610.85,4
2024-11-18,Amazon,Fashion,False,Normal Day,36,36,6.9,33107.44,1
2024-11-18,Amazon,Home & Kitchen,False,Normal Day,39,39,10.1,48650.47,1
2024-11-18,Amazon,Beauty & Personal Care,False,Normal Day,20,20,8.8,13014.21,0
2024-11-18,Amazon,Grocery,False,Normal Day,18,18,11.4,6633.19,0
2024-11-18,Amazon,Books,False,Normal Day,11,12,14.0,4144.71,0
2024-11-18,Amazon,Sports & Fitness,False,Normal Day,30,45,13.6,43648.73,1
2024-11-18,Flipkart,Electronics,False,Normal Day,52,57,9.9,174203.15,2
2024-11-18,Flipkart,Mobiles,False,Normal Day,56,77,14.1,954606.32,2
2024-11-18,Flipkart,Fashion,False,Normal Day,51,52,11.9,42763.45,2
2024-11-18,Flipkart,Home & Kitchen,False,Normal Day,40,58,14.1,68295.54,0
2024-11-18,Flipkart,Beauty & Personal Care,False,Normal Day,24,24,8.3,14703.45,1
2024-11-18,Flipkart,Grocery,False,Normal Day,8,10,13.6,3847.94,0
2024-11-18,Flipkart,Books,False,Normal Day,13,13,10.3,4329.49,0
2024-11-18,Flipkart,Sports & Fitness,False,Normal Day,35,48,12.3,46553.42,1
2024-11-19,Amazon,Electronics,False,Normal Day,81,94,8.0,281675.1,3
2024-11-19,Amazon,Mobiles,False,Normal Day,91,95,9.5,1231521.39,2
2024-11-19,Amazon,Fashion,False,Normal Day,51,57,14.2,46745.5,1
2024-11-19,Amazon,Home & Kitchen,False,Normal Day,38,38,13.8,45084.64,1
2024-11-19,Amazon,Beauty & Personal Care,False,Normal Day,25,40,12.8,22587.23,0
2024-11-19,Amazon,Grocery,False,Normal Day,18,18,5.1,7572.35,0
2024-11-19,Amazon,Books,False,Normal Day,7,8,8.1,2920.72,0
2024-11-19,Amazon,Sports & Fitness,False,Normal Day,37,37,14.7,33963.72,0
2024-11-19,Flipkart,Electronics,False,Normal Day,72,99,11.1,294693.48,1
2024-11-19,Flipkart,Mobiles,False,Normal Day,75,88,6.5,1248522.73,3
2024-11-19,Flipkart,Fashion,False,Normal Day,50,67,7.7,58000.35,2
2024-11-19,Flipkart,Home & Kitchen,False,Normal Day,36,39,10.4,49635.59,1
2024-11-19,Flipkart,Beauty & Personal Care,False,Normal Day,22,29,10.9,17211.2,0
2024-11-19,Flipkart,Grocery,False,Normal Day,15,18,5.5,7597.06,0
2024-11-19,Flipkart,Books,False,Normal Day,19,20,6.1,7333.63,0
2024-11-19,Flipkart,Sports & Fitness,False,Normal Day,26,30,14.5,28083.61,0
2024-11-20,Amazon,Electronics,False,Normal Day,62,80,12.2,229937.35,2
2024-11-20,Amazon,Mobiles,False,Normal Day,91,107,6.3,1460104.99,2
2024-11-20,Amazon,Fashion,False,Normal Day,56,56,11.4,46477.04,3
2024-11-20,Amazon,Home & Kitchen,False,Normal Day,37,42,10.3,54068.09,0
2024-11-20,Amazon,Beauty & Personal Care,False,Normal Day,13,15,14.6,8619.78,0
2024-11-20,Amazon,Grocery,False,Normal Day,21,23,14.1,8679.18,0
2024-11-20,Amazon,Books,False,Normal Day,17,18,10.6,6260.45,0
2024-11-20,Amazon,Sports & Fitness,False,Normal Day,21,26,14.7,25431.22,0
2024-11-20,Flipkart,Electronics,False,Normal Day,62,73,12.0,197792.02,1
2024-11-20,Flipkart,Mobiles,False,Normal Day,72,79,10.9,979174.42,1
2024-11-20,Flipkart,Fashion,False,Normal Day,62,70,14.3,58597.84,1
2024-11-20,Flipkart,Home & Kitchen,False,Normal Day,45,49,14.9,57037.6,2
2024-11-20,Flipkart,Beauty & Personal Care,False,Normal Day,30,37,14.2,21555.11,0
2024-11-20,Flipkart,Grocery,False,Normal Day,10,13,7.2,5166.7,0
2024-11-20,Flipkart,Books,False,Normal Day,7,8,11.1,2672.81,0
2024-11-20,Flipkart,Sports & Fitness,False,Normal Day,34,36,7.8,37524.19,1
2024-11-21,Amazon,Electronics,False,Normal Day,70,104,5.3,325641.04,1
2024-11-21,Amazon,Mobiles,False,Normal Day,72,96,6.4,1307572.47,2
2024-11-21,Amazon,Fashion,False,Normal Day,50,59,8.8,50876.07,1
2024-11-21,Amazon,Home & Kitchen,False,Normal Day,38,52,7.6,67543.84,1
2024-11-21,Amazon,Beauty & Personal Care,False,Normal Day,22,22,8.3,13201.04,0
2024-11-21,Amazon,Grocery,False,Normal Day,29,32,6.3,12909.69,1
2024-11-21,Amazon,Books,False,Normal Day,22,25,11.1,8275.92,0
2024-11-21,Amazon,Sports & Fitness,False,Normal Day,36,43,9.1,43288.6,1
2024-11-21,Flipkart,Electronics,False,Normal Day,58,67,7.9,202088.77,1
2024-11-21,Flipkart,Mobiles,False,Normal Day,60,69,5.9,919310.73,2
2024-11-21,Flipkart,Fashion,False,Normal Day,47,52,12.1,42319.83,1
2024-11-21,Flipkart,Home & Kitchen,False,Normal Day,37,41,6.0,53039.95,1
2024-11-21,Flipkart,Beauty & Personal Care,False,Normal Day,20,20,9.6,12638.27,0
2024-11-21,Flipkart,Grocery,False,Normal Day,11,13,7.2,5243.43,0
2024-11-21,Flipkart,Books,False,Normal Day,16,19,9.7,6535.56,0
2024-11-21,Flipkart,Sports & Fitness,False,Normal Day,30,37,10.8,35811.0,1
2024-11-22,Amazon,Electronics,False,Normal Day,55,56,13.4,158236.52,3
2024-11-22,Amazon,Mobiles,False,Normal Day,92,105,5.8,1439656.06,3
2024-11-22,Amazon,Fashion,False,Normal Day,43,43,8.0,35692.14,1
2024-11-22,Amazon,Home & Kitchen,False,Normal Day,49,49,12.9,60094.77,2
2024-11-22,Amazon,Beauty & Personal Care,False,Normal Day,32,40,12.2,23522.72,1
2024-11-22,Amazon,Grocery,False,Normal Day,6,6,10.3,2336.91,0
2024-11-22,Amazon,Books,False,Normal Day,18,22,14.4,7476.25,0
2024-11-22,Amazon,Sports & Fitness,False,Normal Day,31,42,8.5,41925.17,1
2024-11-22,Flipkart,Electronics,False,Normal Day,60,60,7.4,189568.54,1
2024-11-22,Flipkart,Mobiles,False,Normal Day,105,105,5.0,1459172.23,2
2024-11-22,Flipkart,Fashion,False,Normal Day,38,43,10.4,38666.41,1
2024-11-22,Flipkart,Home & Kitchen,False,Normal Day,36,40,11.4,50526.16,1
2024-11-22,Flipkart,Beauty & Personal Care,False,Normal Day,28,29,10.9,17299.21,1
2024-11-22,Flipkart,Grocery,False,Normal Day,23,26,10.4,10909.0,0
2024-11-22,Flipkart,Books,False,Normal Day,18,19,9.9,6845.47,0
2024-11-22,Flipkart,Sports & Fitness,False,Normal Day,49,58,11.7,53921.41,1
2024-11-23,Amazon,Electronics,False,Normal Day,59,70,5.2,214579.88,2
2024-11-23,Amazon,Mobiles,False,Normal Day,91,99,11.9,1310541.24,2
2024-11-23,Amazon,Fashion,False,Normal Day,45,52,9.6,45203.94,2
2024-11-23,Amazon,Home & Kitchen,False,Normal Day,44,56,13.0,67986.48,1
2024-11-23,Amazon,Beauty & Personal Care,False,Normal Day,26,26,10.2,15510.35,1
2024-11-23,Amazon,Grocery,False,Normal Day,13,14,5.8,5632.2,0
2024-11-23,Amazon,Books,False,Normal Day,11,12,15.0,4435.14,0
2024-11-23,Amazon,Sports & Fitness,False,Normal Day,39,39,14.1,36940.83,1
2024-11-23,Flipkart,Electronics,False,Normal Day,57,57,10.1,160454.4,3
2024-11-23,Flipkart,Mobiles,False,Normal Day,100,100,14.6,1191770.06,2
2024-11-23,Flipkart,Fashion,False,Normal Day,38,38,10.8,30912.79,1
2024-11-23,Flipkart,Home & Kitchen,False,Normal Day,30,34,9.5,46127.0,0
2024-11-23,Flipkart,Beauty & Personal Care,False,Normal Day,28,30,9.9,18517.61,0
2024-11-23,Flipkart,Grocery,False,Normal Day,9,11,14.4,3924.83,0
2024-11-23,Flipkart,Books,False,Normal Day,14,15,8.3,5423.53,0
2024-11-23,Flipkart,Sports & Fitness,False,Normal Day,27,32,12.3,30902.73,0
2024-11-24,Amazon,Electronics,False,Normal Day,63,63,11.5,173599.3,3
2024-11-24,Amazon,Mobiles,False,Normal Day,88,91,9.4,1168220.15,4
2024-11-24,Amazon,Fashion,False,Normal Day,61,84,14.0,67786.71,1
2024-11-24,Amazon,Home & Kitchen,False,Normal Day,44,49,11.4,61438.52,2
2024-11-24,Amazon,Beauty & Personal Care,False,Normal Day,29,32,7.0,19294.97,1
2024-11-24,Amazon,Grocery,False,Normal Day,15,17,14.6,6241.61,0
2024-11-24,Amazon,Books,False,Normal Day,12,13,11.4,4587.52,0
2024-11-24,Amazon,Sports & Fitness,False,Normal Day,30,36,11.3,35892.43,0
2024-11-24,Flipkart,Electronics,False,Normal Day,83,91,15.0,249051.76,3
2024-11-24,Flipkart,Mobiles,False,Normal Day,85,89,10.5,1148286.9,3
2024-11-24,Flipkart,Fashion,False,Normal Day,52,77,7.9,63445.77,1
2024-11-24,Flipkart,Home & Kitchen,False,Normal Day,47,52,14.8,64050.95,2
2024-11-24,Flipkart,Beauty & Personal Care,False,Normal Day,33,38,7.3,21700.79,1
2024-11-24,Flipkart,Grocery,False,Normal Day,27,29,9.4,11562.74,1
2024-11-24,Flipkart,Books,False,Normal Day,20,23,7.9,8704.72,0
2024-11-24,Flipkart,Sports & Fitness,False,Normal Day,36,42,11.2,39608.54,1
2024-11-25,Amazon,Electronics,False,Normal Day,64,76,10.3,215457.04,2
2024-11-25,Amazon,Mobiles,False,Normal Day,106,129,8.7,1701206.76,2
2024-11-25,Amazon,Fashion,False,Normal Day,40,45,12.9,37893.89,2
2024-11-25,Amazon,Home & Kitchen,False,Normal Day,33,38,11.8,47054.13,1
2024-11-25,Amazon,Beauty & Personal Care,False,Normal Day,30,34,6.7,21559.37,0
2024-11-25,Amazon,Grocery,False,Normal Day,14,14,14.3,5029.64,0
2024-11-25,Amazon,Books,False,Normal Day,12,14,10.3,5090.44,0
2024-11-25,Amazon,Sports & Fitness,False,Normal Day,27,33,8.1,34533.71,0
2024-11-25,Flipkart,Electronics,False,Normal Day,73,100,10.2,295673.3,4
2024-11-25,Flipkart,Mobiles,False,Normal Day,75,77,8.3,1028391.09,2
2024-11-25,Flipkart,Fashion,False,Normal Day,42,46,11.4,40010.25,1
2024-11-25,Flipkart,Home & Kitchen,False,Normal Day,31,36,7.5,48443.67,0
2024-11-25,Flipkart,Beauty & Personal Care,False,Normal Day,27,39,12.2,23776.91,1
2024-11-25,Flipkart,Grocery,False,Normal Day,14,16,6.7,6171.91,0
2024-11-25,Flipkart,Books,False,Normal Day,18,25,7.1,9095.22,0
2024-11-25,Flipkart,Sports & Fitness,False,Normal Day,25,28,13.5,26503.4,1
2024-11-26,Amazon,Electronics,False,Normal Day,65,65,7.2,179300.43,3
2024-11-26,Amazon,Mobiles,False,Normal Day,86,92,7.0,1230100.34,3
2024-11-26,Amazon,Fashion,False,Normal Day,50,57,6.8,50835.38,1
2024-11-26,Amazon,Home & Kitchen,False,Normal Day,41,64,8.1,79779.73,1
2024-11-26,Amazon,Beauty & Personal Care,False,Normal Day,34,44,10.3,25461.44,1
2024-11-26,Amazon,Grocery,False,Normal Day,22,28,8.9,11087.78,0
2024-11-26,Amazon,Books,False,Normal Day,14,14,11.8,4674.91,0
2024-11-26,Amazon,Sports & Fitness,False,Normal Day,41,56,11.9,54090.77,1
2024-11-26,Flipkart,Electronics,False,Normal Day,58,73,5.2,209536.02,3
2024-11-26,Flipkart,Mobiles,False,Normal Day,77,85,13.3,1094983.19,4
2024-11-26,Flipkart,Fashion,False,Normal Day,30,31,14.0,24102.91,1
2024-11-26,Flipkart,Home & Kitchen,False,Normal Day,21,23,7.3,30785.8,0
2024-11-26,Flipkart,Beauty & Personal Care,False,Normal Day,26,32,9.7,19707.18,1
2024-11-26,Flipkart,Grocery,False,Normal Day,11,11,6.0,4325.62,0
2024-11-26,Flipkart,Books,False,Normal Day,12,13,14.2,4311.42,0
2024-11-26,Flipkart,Sports & Fitness,False,Normal Day,25,25,10.6,24128.23,1
2024-11-27,Amazon,Electronics,False,Normal Day,78,93,14.0,242948.0,4
2024-11-27,Amazon,Mobiles,False,Normal Day,101,103,13.0,1352339.07,4
2024-11-27,Amazon,Fashion,False,Normal Day,39,51,7.6,45800.9,1
2024-11-27,Amazon,Home & Kitchen,False,Normal Day,46,46,14.5,55972.5,1
2024-11-27,Amazon,Beauty & Personal Care,False,Normal Day,30,35,14.8,19904.26,1
2024-11-27,Amazon,Grocery,False,Normal Day,18,21,10.3,7795.27,0
2024-11-27,Amazon,Books,False,Normal Day,10,11,7.3,4032.07,0
2024-11-27,Amazon,Sports & Fitness,False,Normal Day,24,24,13.2,23631.2,1
2024-11-27,Flipkart,Electronics,False,Normal Day,62,63,10.3,179944.9,3
2024-11-27,Flipkart,Mobiles,False,Normal Day,76,76,13.6,955819.93,3
2024-11-27,Flipkart,Fashion,False,Normal Day,42,53,13.9,42331.15,1
2024-11-27,Flipkart,Home & Kitchen,False,Normal Day,38,51,10.8,65896.2,0
2024-11-27,Flipkart,Beauty & Personal Care,False,Normal Day,17,21,12.6,12135.56,0
2024-11-27,Flipkart,Grocery,False,Normal Day,28,28,7.5,11917.87,1
2024-11-27,Flipkart,Books,False,Normal Day,9,10,7.4,3676.52,0
2024-11-27,Flipkart,Sports & Fitness,False,Normal Day,26,37,7.0,35396.69,0
2024-11-28,Amazon,Electronics,False,Normal Day,49,56,10.2,158261.51,2
2024-11-28,Amazon,Mobiles,False,Normal Day,54,71,13.6,963704.37,3
2024-11-28,Amazon,Fashion,False,Normal Day,67,67,8.3,58029.44,3
2024-11-28,Amazon,Home & Kitchen,False,Normal Day,39,40,6.7,49558.34,1
2024-11-28,Amazon,Beauty & Personal Care,False,Normal Day,27,37,8.1,22389.0,0
2024-11-28,Amazon,Grocery,False,Normal Day,15,16,8.5,5991.6,0
2024-11-28,Amazon,Books,False,Normal Day,13,16,5.3,6122.44,0
2024-11-28,Amazon,Sports & Fitness,False,Normal Day,15,20,6.3,21409.13,0
2024-11-28,Flipkart,Electronics,False,Normal Day,62,66,12.8,173792.02,1
2024-11-28,Flipkart,Mobiles,False,Normal Day,83,95,6.6,1304910.75,4
2024-11-28,Flipkart,Fashion,False,Normal Day,54,68,7.6,62581.76,2
2024-11-28,Flipkart,Home & Kitchen,False,Normal Day,39,47,10.2,58782.12,2
2024-11-28,Flipkart,Beauty & Personal Care,False,Normal Day,22,22,8.5,12992.06,1
2024-11-28,Flipkart,Grocery,False,Normal Day,19,19,9.9,7046.68,0
2024-11-28,Flipkart,Books,False,Normal Day,13,16,7.2,5748.31,0
2024-11-28,Flipkart,Sports & Fitness,False,Normal Day,27,36,9.6,35861.34,0
2024-11-29,Amazon,Electronics,True,Black Friday / Cyber Monday,166,232,40.4,468214.41,11
2024-11-29,Amazon,Mobiles,True,Black Friday / Cyber Monday,201,226,39.5,1933257.16,13
2024-11-29,Amazon,Fashion,True,Black Friday / Cyber Monday,120,175,31.5,116262.35,7
2024-11-29,Amazon,Home & Kitchen,True,Black Friday / Cyber Monday,72,106,44.7,79839.46,4
2024-11-29,Amazon,Beauty & Personal Care,True,Black Friday / Cyber Monday,52,70,40.9,28074.82,3
2024-11-29,Amazon,Grocery,True,Black Friday / Cyber Monday,39,42,32.9,12119.41,2
2024-11-29,Amazon,Books,True,Black Friday / Cyber Monday,35,46,37.3,11455.02,2
2024-11-29,Amazon,Sports & Fitness,True,Black Friday / Cyber Monday,65,86,31.0,69082.28,2
2024-11-29,Flipkart,Electronics,True,Black Friday / Cyber Monday,117,180,27.7,420262.78,5
2024-11-29,Flipkart,Mobiles,True,Black Friday / Cyber Monday,180,233,43.1,1987072.33,11
2024-11-29,Flipkart,Fashion,True,Black Friday / Cyber Monday,82,112,27.8,81891.14,5
2024-11-29,Flipkart,Home & Kitchen,True,Black Friday / Cyber Monday,88,113,43.0,89619.67,4
2024-11-29,Flipkart,Beauty & Personal Care,True,Black Friday / Cyber Monday,54,80,35.0,33561.87,4
2024-11-29,Flipkart,Grocery,True,Black Friday / Cyber Monday,51,79,32.6,21987.08,4
2024-11-29,Flipkart,Books,True,Black Friday / Cyber Monday,26,39,26.8,11027.71,1
2024-11-29,Flipkart,Sports & Fitness,True,Black Friday / Cyber Monday,67,91,44.2,56660.16,5
2024-11-30,Amazon,Electronics,True,Black Friday / Cyber Monday,197,277,44.7,513642.64,12
2024-11-30,Amazon,Mobiles,True,Black Friday / Cyber Monday,182,289,31.6,3099802.13,8
2024-11-30,Amazon,Fashion,True,Black Friday / Cyber Monday,103,144,25.7,103412.48,4
2024-11-30,Amazon,Home & Kitchen,True,Black Friday / Cyber Monday,99,153,27.9,158429.8,4
2024-11-30,Amazon,Beauty & Personal Care,True,Black Friday / Cyber Monday,85,140,41.8,52249.09,7
2024-11-30,Amazon,Grocery,True,Black Friday / Cyber Monday,51,78,27.3,23367.93,3
2024-11-30,Amazon,Books,True,Black Friday / Cyber Monday,44,68,44.7,14771.95,2
2024-11-30,Amazon,Sports & Fitness,True,Black Friday / Cyber Monday,75,93,35.3,66875.47,5
2024-11-30,Flipkart,Electronics,True,Black Friday / Cyber Monday,167,264,30.7,583265.1,7
2024-11-30,Flipkart,Mobiles,True,Black Friday / Cyber Monday,204,298,28.9,3079710.01,15
2024-11-30,Flipkart,Fashion,True,Black Friday / Cyber Monday,138,190,29.6,132499.82,8
2024-11-30,Flipkart,Home & Kitchen,True,Black Friday / Cyber Monday,154,194,41.5,149416.35,11
2024-11-30,Flipkart,Beauty & Personal Care,True,Black Friday / Cyber Monday,56,62,40.8,23578.52,3
2024-11-30,Flipkart,Grocery,True,Black Friday / Cyber Monday,34,37,41.0,9178.5,1
2024-11-30,Flipkart,Books,True,Black Friday / Cyber Monday,45,66,39.4,15294.76,3
2024-11-30,Flipkart,Sports & Fitness,True,Black Friday / Cyber Monday,70,101,29.4,80403.91,2
2024-12-01,Amazon,Electronics,True,Black Friday / Cyber Monday,152,215,42.0,403355.2,9
2024-12-01,Amazon,Mobiles,True,Black Friday / Cyber Monday,214,269,26.6,2847440.18,15
2024-12-01,Amazon,Fashion,True,Black Friday / Cyber Monday,109,171,43.3,91600.29,4
2024-12-01,Amazon,Home & Kitchen,True,Black Friday / Cyber Monday,97,169,31.3,164122.72,6
2024-12-01,Amazon,Beauty & Personal Care,True,Black Friday / Cyber Monday,66,100,31.4,43159.33,3
2024-12-01,Amazon,Grocery,True,Black Friday / Cyber Monday,36,55,28.2,16613.67,1
2024-12-01,Amazon,Books,True,Black Friday / Cyber Monday,34,51,41.0,11986.13,2
2024-12-01,Amazon,Sports & Fitness,True,Black Friday / Cyber Monday,73,101,25.5,83990.16,6
2024-12-01,Flipkart,Electronics,True,Black Friday / Cyber Monday,261,398,42.0,749296.95,21
2024-12-01,Flipkart,Mobiles,True,Black Friday / Cyber Monday,247,305,26.0,3526721.29,13
2024-12-01,Flipkart,Fashion,True,Black Friday / Cyber Monday,143,236,41.5,129655.91,10
2024-12-01,Flipkart,Home & Kitchen,True,Black Friday / Cyber Monday,109,150,25.7,148293.89,5
2024-12-01,Flipkart,Beauty & Personal Care,True,Black Friday / Cyber Monday,69,93,41.4,34990.56,4
2024-12-01,Flipkart,Grocery,True,Black Friday / Cyber Monday,49,65,25.4,20619.75,3
2024-12-01,Flipkart,Books,True,Black Friday / Cyber Monday,36,48,43.9,10069.57,2
2024-12-01,Flipkart,Sports & Fitness,True,Black Friday / Cyber Monday,72,96,35.8,70166.03,5
2024-12-02,Amazon,Electronics,True,Black Friday / Cyber Monday,167,200,26.4,486196.21,7
2024-12-02,Amazon,Mobiles,True,Black Friday / Cyber Monday,172,274,38.5,2612789.18,13
2024-12-02,Amazon,Fashion,True,Black Friday / Cyber Monday,123,158,38.7,88751.04,6
2024-12-02,Amazon,Home & Kitchen,True,Black Friday / Cyber Monday,95,126,44.6,99471.47,7
2024-12-02,Amazon,Beauty & Personal Care,True,Black Friday / Cyber Monday,78,103,27.3,47712.86,3
2024-12-02,Amazon,Grocery,True,Black Friday / Cyber Monday,37,51,34.6,13388.55,2
2024-12-02,Amazon,Books,True,Black Friday / Cyber Monday,32,42,35.0,11062.51,2
2024-12-02,Amazon,Sports & Fitness,True,Black Friday / Cyber Monday,64,87,38.9,61209.06,2
2024-12-02,Flipkart,Electronics,True,Black Friday / Cyber Monday,163,214,29.7,468067.41,11
2024-12-02,Flipkart,Mobiles,True,Black Friday / Cyber Monday,193,247,32.6,2441084.52,8
2024-12-02,Flipkart,Fashion,True,Black Friday / Cyber Monday,94,143,42.0,77722.99,5
2024-12-02,Flipkart,Home & Kitchen,True,Black Friday / Cyber Monday,69,100,42.9,76963.4,4
2024-12-02,Flipkart,Beauty & Personal Care,True,Black Friday / Cyber Monday,53,75,37.9,31081.64,4
2024-12-02,Flipkart,Grocery,True,Black Friday / Cyber Monday,44,67,37.0,17070.46,3
2024-12-02,Flipkart,Books,True,Black Friday / Cyber Monday,20,30,27.3,7893.04,1
2024-12-02,Flipkart,Sports & Fitness,True,Black Friday / Cyber Monday,65,98,34.7,67129.87,2
2024-12-03,Amazon,Electronics,False,Normal Day,78,96,8.2,277177.06,3
2024-12-03,Amazon,Mobiles,False,Normal Day,95,102,10.0,1323225.6,4
2024-12-03,Amazon,Fashion,False,Normal Day,37,44,10.0,38709.68,1
2024-12-03,Amazon,Home & Kitchen,False,Normal Day,46,51,9.0,70089.94,2
2024-12-03,Amazon,Beauty & Personal Care,False,Normal Day,30,30,11.4,17873.97,1
2024-12-03,Amazon,Grocery,False,Normal Day,14,14,13.3,5253.31,0
2024-12-03,Amazon,Books,False,Normal Day,10,12,6.2,4507.45,0
2024-12-03,Amazon,Sports & Fitness,False,Normal Day,22,23,9.4,23311.43,0
2024-12-03,Flipkart,Electronics,False,Normal Day,63,73,5.0,215834.85,1
2024-12-03,Flipkart,Mobiles,False,Normal Day,76,80,9.7,1024996.6,3
2024-12-03,Flipkart,Fashion,False,Normal Day,42,47,11.9,41819.74,1
2024-12-03,Flipkart,Home & Kitchen,False,Normal Day,43,56,11.7,68673.74,1
2024-12-03,Flipkart,Beauty & Personal Care,False,Normal Day,20,20,11.8,10857.86,1
2024-12-03,Flipkart,Grocery,False,Normal Day,17,20,13.4,7539.89,0
2024-12-03,Flipkart,Books,False,Normal Day,13,17,12.2,5968.16,0
2024-12-03,Flipkart,Sports & Fitness,False,Normal Day,24,29,8.2,30436.81,1
2024-12-04,Amazon,Electronics,False,Normal Day,72,83,5.4,249163.6,3
2024-12-04,Amazon,Mobiles,False,Normal Day,64,75,13.3,942945.33,1
2024-12-04,Amazon,Fashion,False,Normal Day,46,47,7.9,42208.21,2
2024-12-04,Amazon,Home & Kitchen,False,Normal Day,50,59,8.0,79104.96,1
2024-12-04,Amazon,Beauty & Personal Care,False,Normal Day,25,27,13.0,15158.34,1
2024-12-04,Amazon,Grocery,False,Normal Day,19,21,9.6,7797.38,0
2024-12-04,Amazon,Books,False,Normal Day,10,10,7.3,3594.03,0
2024-12-04,Amazon,Sports & Fitness,False,Normal Day,37,40,6.3,42729.38,1
2024-12-04,Flipkart,Electronics,False,Normal Day,61,62,8.5,182110.3,2
2024-12-04,Flipkart,Mobiles,False,Normal Day,92,105,11.5,1391993.83,5
2024-12-04,Flipkart,Fashion,False,Normal Day,42,43,11.4,36631.67,1
2024-12-04,Flipkart,Home & Kitchen,False,Normal Day,64,81,10.0,98701.54,1
2024-12-04,Flipkart,Beauty & Personal Care,False,Normal Day,16,19,5.9,12226.51,0
2024-12-04,Flipkart,Grocery,False,Normal Day,21,21,11.1,7459.34,0
2024-12-04,Flipkart,Books,False,Normal Day,15,16,8.3,5550.08,0
2024-12-04,Flipkart,Sports & Fitness,False,Normal Day,34,44,13.6,41000.11,1
2024-12-05,Amazon,Electronics,False,Normal Day,64,82,5.4,238723.57,3
2024-12-05,Amazon,Mobiles,False,Normal Day,76,108,7.8,1469151.59,3
2024-12-05,Amazon,Fashion,False,Normal Day,31,37,6.3,35189.64,1
2024-12-05,Amazon,Home & Kitchen,False,Normal Day,45,45,10.7,59942.94,2
2024-12-05,Amazon,Beauty & Personal Care,False,Normal Day,13,13,6.6,7944.71,0
2024-12-05,Amazon,Grocery,False,Normal Day,16,20,8.3,7792.62,0
2024-12-05,Amazon,Books,False,Normal Day,10,10,12.7,3479.88,0
2024-12-05,Amazon,Sports & Fitness,False,Normal Day,31,38,12.8,37948.45,1
2024-12-05,Flipkart,Electronics,False,Normal Day,66,90,5.7,263240.59,2
2024-12-05,Flipkart,Mobiles,False,Normal Day,64,93,5.5,1304169.96,1
2024-12-05,Flipkart,Fashion,False,Normal Day,35,35,12.5,29460.42,1
2024-12-05,Flipkart,Home & Kitchen,False,Normal Day,40,49,8.9,64772.15,1
2024-12-05,Flipkart,Beauty & Personal Care,False,Normal Day,25,29,14.8,16975.93,0
2024-12-05,Flipkart,Grocery,False,Normal Day,13,17,14.2,6413.81,0
2024-12-05,Flipkart,Books,False,Normal Day,14,17,14.9,5856.68,0
2024-12-05,Flipkart,Sports & Fitness,False,Normal Day,27,34,7.6,35249.27,1
2024-12-06,Amazon,Electronics,False,Normal Day,56,56,8.2,165043.24,1
2024-12-06,Amazon,Mobiles,False,Normal Day,82,105,5.3,1443642.56,3
2024-12-06,Amazon,Fashion,False,Normal Day,33,33,13.5,25907.42,1
2024-12-06,Amazon,Home & Kitchen,False,Normal Day,39,48,8.6,62977.03,1
2024-12-06,Amazon,Beauty & Personal Care,False,Normal Day,29,29,5.8,17660.31,1
2024-12-06,Amazon,Grocery,False,Normal Day,17,17,13.2,6324.15,0
2024-12-06,Amazon,Books,False,Normal Day,13,14,14.6,4735.27,0
2024-12-06,Amazon,Sports & Fitness,False,Normal Day,25,31,11.8,30769.23,1
2024-12-06,Flipkart,Electronics,False,Normal Day,75,75,10.0,212425.25,3
2024-12-06,Flipkart,Mobiles,False,Normal Day,83,111,10.2,1553068.96,4
2024-12-06,Flipkart,Fashion,False,Normal Day,38,39,13.9,31788.89,1
2024-12-06,Flipkart,Home & Kitchen,False,Normal Day,47,47,14.9,57475.79,2
2024-12-06,Flipkart,Beauty & Personal Care,False,Normal Day,27,33,8.2,20522.48,0
2024-12-06,Flipkart,Grocery,False,Normal Day,14,14,13.4,5232.89,0
2024-12-06,Flipkart,Books,False,Normal Day,7,8,13.5,2593.95,0
2024-12-06,Flipkart,Sports & Fitness,False,Normal Day,21,23,12.6,22480.88,0
2024-12-07,Amazon,Electronics,False,Normal Day,63,76,13.2,226789.58,3
2024-12-07,Amazon,Mobiles,False,Normal Day,91,91,9.6,1241077.68,3
2024-12-07,Amazon,Fashion,False,Normal Day,57,57,11.5,49067.44,3
2024-12-07,Amazon,Home & Kitchen,False,Normal Day,43,43,8.4,57903.64,1
2024-12-07,Amazon,Beauty & Personal Care,False,Normal Day,28,37,5.8,23597.89,1
2024-12-07,Amazon,Grocery,False,Normal Day,17,19,11.7,6851.18,0
2024-12-07,Amazon,Books,False,Normal Day,12,12,6.4,4330.98,0
2024-12-07,Amazon,Sports & Fitness,False,Normal Day,22,23,11.7,22281.12,0
2024-12-07,Flipkart,Electronics,False,Normal Day,81,101,5.7,301901.05,4
2024-12-07,Flipkart,Mobiles,False,Normal Day,98,119,7.6,1566341.44,5
2024-12-07,Flipkart,Fashion,False,Normal Day,46,46,12.5,39245.4,1
2024-12-07,Flipkart,Home & Kitchen,False,Normal Day,45,58,14.8,69980.57,1
2024-12-07,Flipkart,Beauty & Personal Care,False,Normal Day,34,34,8.8,20547.42,0
2024-12-07,Flipkart,Grocery,False,Normal Day,18,19,14.9,7126.74,0
2024-12-07,Flipkart,Books,False,Normal Day,19,22,13.1,7756.17,1
2024-12-07,Flipkart,Sports & Fitness,False,Normal Day,32,40,6.1,42986.27,0
2024-12-08,Amazon,Electronics,False,Normal Day,67,67,11.1,193436.8,3
2024-12-08,Amazon,Mobiles,False,Normal Day,109,109,13.2,1359739.91,5
2024-12-08,Amazon,Fashion,False,Normal Day,61,78,13.5,66685.54,2
2024-12-08,Amazon,Home & Kitchen,False,Normal Day,39,47,7.6,61021.62,1
2024-12-08,Amazon,Beauty & Personal Care,False,Normal Day,29,29,7.6,17618.09,0
2024-12-08,Amazon,Grocery,False,Normal Day,25,25,6.8,9660.81,0
2024-12-08,Amazon,Books,False,Normal Day,25,30,7.2,10080.71,0
2024-12-08,Amazon,Sports & Fitness,False,Normal Day,33,34,12.4,33826.66,1
2024-12-08,Flipkart,Electronics,False,Normal Day,67,78,6.5,236317.8,3
2024-12-08,Flipkart,Mobiles,False,Normal Day,97,97,14.5,1194363.92,3
2024-12-08,Flipkart,Fashion,False,Normal Day,52,68,8.7,60178.12,1
2024-12-08,Flipkart,Home & Kitchen,False,Normal Day,36,40,5.2,55034.71,1
2024-12-08,Flipkart,Beauty & Personal Care,False,Normal Day,38,44,10.0,26585.81,0
2024-12-08,Flipkart,Grocery,False,Normal Day,26,29,10.3,11307.27,1
2024-12-08,Flipkart,Books,False,Normal Day,15,18,11.6,6213.65,0
2024-12-08,Flipkart,Sports & Fitness,False,Normal Day,27,30,13.9,28916.03,1
2024-12-09,Amazon,Electronics,False,Normal Day,60,69,11.0,191235.03,2
2024-12-09,Amazon,Mobiles,False,Normal Day,89,89,9.7,1147213.28,4
2024-12-09,Amazon,Fashion,False,Normal Day,27,30,11.6,26355.03,1
2024-12-09,Amazon,Home & Kitchen,False,Normal Day,40,47,9.9,61007.02,0
2024-12-09,Amazon,Beauty & Personal Care,False,Normal Day,27,29,10.5,17691.08,0
2024-12-09,Amazon,Grocery,False,Normal Day,18,23,13.9,8610.41,0
2024-12-09,Amazon,Books,False,Normal Day,12,12,7.6,4248.06,0
2024-12-09,Amazon,Sports & Fitness,False,Normal Day,23,28,5.7,28503.07,1
2024-12-09,Flipkart,Electronics,False,Normal Day,57,72,12.7,200488.74,1
2024-12-09,Flipkart,Mobiles,False,Normal Day,69,85,7.3,1148690.52,1
2024-12-09,Flipkart,Fashion,False,Normal Day,55,63,14.6,52042.37,2
2024-12-09,Flipkart,Home & Kitchen,False,Normal Day,38,43,14.9,55735.38,1
2024-12-09,Flipkart,Beauty & Personal Care,False,Normal Day,23,27,11.6,16041.03,1
2024-12-09,Flipkart,Grocery,False,Normal Day,20,22,8.4,8679.44,0
2024-12-09,Flipkart,Books,False,Normal Day,8,11,10.3,3999.67,0
2024-12-09,Flipkart,Sports & Fitness,False,Normal Day,16,19,14.0,18599.06,0
2024-12-10,Amazon,Electronics,False,Normal Day,70,70,11.9,194484.53,3
2024-12-10,Amazon,Mobiles,False,Normal Day,48,53,11.9,667191.26,2
2024-12-10,Amazon,Fashion,False,Normal Day,45,55,9.7,48812.07,1
2024-12-10,Amazon,Home & Kitchen,False,Normal Day,40,42,13.9,50291.98,0
2024-12-10,Amazon,Beauty & Personal Care,False,Normal Day,20,20,7.7,12258.33,1
2024-12-10,Amazon,Grocery,False,Normal Day,23,24,7.1,9146.01,0
2024-12-10,Amazon,Books,False,Normal Day,6,7,11.3,2640.79,0
2024-12-10,Amazon,Sports & Fitness,False,Normal Day,28,32,14.2,30716.54,1
2024-12-10,Flipkart,Electronics,False,Normal Day,75,90,9.1,244709.41,1
2024-12-10,Flipkart,Mobiles,False,Normal Day,48,55,10.7,717440.55,2
2024-12-10,Flipkart,Fashion,False,Normal Day,60,60,14.3,48220.64,2
2024-12-10,Flipkart,Home & Kitchen,False,Normal Day,38,47,9.3,61332.43,1
2024-12-10,Flipkart,Beauty & Personal Care,False,Normal Day,16,21,14.1,12336.18,0
2024-12-10,Flipkart,Grocery,False,Normal Day,17,21,12.3,8092.77,0
2024-12-10,Flipkart,Books,False,Normal Day,13,15,5.8,5691.29,0
2024-12-10,Flipkart,Sports & Fitness,False,Normal Day,19,24,13.3,24211.05,0
2024-12-11,Amazon,Electronics,False,Normal Day,57,57,5.9,172536.11,1
2024-12-11,Amazon,Mobiles,False,Normal Day,94,111,8.6,1564112.95,1
2024-12-11,Amazon,Fashion,False,Normal Day,58,67,12.8,56590.68,1
2024-12-11,Amazon,Home & Kitchen,False,Normal Day,22,22,13.4,25307.87,0
2024-12-11,Amazon,Beauty & Personal Care,False,Normal Day,21,27,9.1,16714.56,0
2024-12-11,Amazon,Grocery,False,Normal Day,26,37,10.3,14086.54,0
2024-12-11,Amazon,Books,False,Normal Day,13,18,11.9,6168.13,0
2024-12-11,Amazon,Sports & Fitness,False,Normal Day,33,41,10.1,40825.94,1
2024-12-11,Flipkart,Electronics,False,Normal Day,54,55,5.1,164479.35,3
2024-12-11,Flipkart,Mobiles,False,Normal Day,83,92,6.6,1201354.67,2
2024-12-11,Flipkart,Fashion,False,Normal Day,42,49,14.1,40223.64,1
2024-12-11,Flipkart,Home & Kitchen,False,Normal Day,43,48,9.0,63901.89,1
2024-12-11,Flipkart,Beauty & Personal Care,False,Normal Day,30,32,5.4,19158.6,1
2024-12-11,Flipkart,Grocery,False,Normal Day,13,19,7.2,7406.55,0
2024-12-11,Flipkart,Books,False,Normal Day,6,6,8.2,2099.79,0
2024-12-11,Flipkart,Sports & Fitness,False,Normal Day,34,34,10.3,33313.42,1
2024-12-12,Amazon,Electronics,False,Normal Day,67,67,14.6,191767.53,3
2024-12-12,Amazon,Mobiles,False,Normal Day,74,84,10.1,1127726.52,1
2024-12-12,Amazon,Fashion,False,Normal Day,44,44,7.0,38313.1,1
2024-12-12,Amazon,Home & Kitchen,False,Normal Day,39,47,14.6,54184.09,1
2024-12-12,Amazon,Beauty & Personal Care,False,Normal Day,34,34,9.5,20596.6,0
2024-12-12,Amazon,Grocery,False,Normal Day,17,17,5.2,6635.13,0
2024-12-12,Amazon,Books,False,Normal Day,14,17,11.6,5796.46,0
2024-12-12,Amazon,Sports & Fitness,False,Normal Day,22,26,12.4,25019.7,0
2024-12-12,Flipkart,Electronics,False,Normal Day,81,108,5.8,341131.66,4
2024-12-12,Flipkart,Mobiles,False,Normal Day,83,109,5.3,1480342.98,3
2024-12-12,Flipkart,Fashion,False,Normal Day,31,36,5.2,30932.84,1
2024-12-12,Flipkart,Home & Kitchen,False,Normal Day,48,63,5.6,85670.54,2
2024-12-12,Flipkart,Beauty & Personal Care,False,Normal Day,19,19,13.9,10515.92,0
2024-12-12,Flipkart,Grocery,False,Normal Day,24,28,6.2,11358.88,0
2024-12-12,Flipkart,Books,False,Normal Day,15,17,5.2,6412.88,0
2024-12-12,Flipkart,Sports & Fitness,False,Normal Day,49,49,5.5,50767.99,2
2024-12-13,Amazon,Electronics,False,Normal Day,59,68,13.1,190771.55,2
2024-12-13,Amazon,Mobiles,False,Normal Day,64,73,8.2,1016043.77,2
2024-12-13,Amazon,Fashion,False,Normal Day,38,38,10.4,32089.14,1
2024-12-13,Amazon,Home & Kitchen,False,Normal Day,46,62,8.8,77297.62,1
2024-12-13,Amazon,Beauty & Personal Care,False,Normal Day,33,39,11.1,22196.15,0
2024-12-13,Amazon,Grocery,False,Normal Day,28,38,14.7,14086.06,0
2024-12-13,Amazon,Books,False,Normal Day,11,13,10.9,4620.39,0
2024-12-13,Amazon,Sports & Fitness,False,Normal Day,23,28,8.3,28389.55,1
2024-12-13,Flipkart,Electronics,False,Normal Day,77,96,12.7,283790.98,3
2024-12-13,Flipkart,Mobiles,False,Normal Day,79,97,6.5,1311310.01,3
2024-12-13,Flipkart,Fashion,False,Normal Day,44,44,6.5,38495.52,0
2024-12-13,Flipkart,Home & Kitchen,False,Normal Day,51,52,13.0,61764.93,1
2024-12-13,Flipkart,Beauty & Personal Care,False,Normal Day,16,20,6.1,12377.46,0
2024-12-13,Flipkart,Grocery,False,Normal Day,17,19,10.3,7345.59,0
2024-12-13,Flipkart,Books,False,Normal Day,14,14,7.9,5158.82,0
2024-12-13,Flipkart,Sports & Fitness,False,Normal Day,30,34,8.8,37336.06,0
2024-12-14,Amazon,Electronics,False,Normal Day,90,102,6.0,318425.25,5
2024-12-14,Amazon,Mobiles,False,Normal Day,122,133,12.5,1691370.71,6
2024-12-14,Amazon,Fashion,False,Normal Day,59,71,13.9,56966.46,2
2024-12-14,Amazon,Home & Kitchen,False,Normal Day,45,45,5.6,56596.67,1
2024-12-14,Amazon,Beauty & Personal Care,False,Normal Day,35,51,9.8,31147.93,2
2024-12-14,Amazon,Grocery,False,Normal Day,15,15,9.3,5661.73,0
2024-12-14,Amazon,Books,False,Normal Day,16,16,12.3,5454.92,0
2024-12-14,Amazon,Sports & Fitness,False,Normal Day,32,32,7.2,33159.72,1
2024-12-14,Flipkart,Electronics,False,Normal Day,74,74,8.1,212712.81,1
2024-12-14,Flipkart,Mobiles,False,Normal Day,61,67,12.1,899634.93,3
2024-12-14,Flipkart,Fashion,False,Normal Day,53,65,11.7,55924.55,2
2024-12-14,Flipkart,Home & Kitchen,False,Normal Day,61,79,9.6,103375.41,3
2024-12-14,Flipkart,Beauty & Personal Care,False,Normal Day,25,25,13.2,14257.92,0
2024-12-14,Flipkart,Grocery,False,Normal Day,16,17,9.3,6760.13,0
2024-12-14,Flipkart,Books,False,Normal Day,8,8,12.4,3007.39,0
2024-12-14,Flipkart,Sports & Fitness,False,Normal Day,18,21,8.6,21184.12,0
2024-12-15,Amazon,Electronics,False,Normal Day,87,95,7.2,278377.14,3
2024-12-15,Amazon,Mobiles,False,Normal Day,88,126,14.0,1572181.76,2
2024-12-15,Amazon,Fashion,False,Normal Day,39,47,5.4,42627.86,0
2024-12-15,Amazon,Home & Kitchen,False,Normal Day,43,61,8.8,80124.57,0
2024-12-15,Amazon,Beauty & Personal Care,False,Normal Day,24,24,10.1,14134.19,0
2024-12-15,Amazon,Grocery,False,Normal Day,23,26,10.7,9951.18,1
2024-12-15,Amazon,Books,False,Normal Day,13,13,8.4,4724.75,0
2024-12-15,Amazon,Sports & Fitness,False,Normal Day,34,34,5.9,35358.52,0
2024-12-15,Flipkart,Electronics,False,Normal Day,67,80,11.4,237937.7,3
2024-12-15,Flipkart,Mobiles,False,Normal Day,102,146,14.9,1689775.01,5
2024-12-15,Flipkart,Fashion,False,Normal Day,39,43,13.1,34954.47,1
2024-12-15,Flipkart,Home & Kitchen,False,Normal Day,33,33,12.8,41040.1,1
2024-12-15,Flipkart,Beauty & Personal Care,False,Normal Day,18,18,12.2,9552.01,0
2024-12-15,Flipkart,Grocery,False,Normal Day,27,30,10.0,11551.26,1
2024-12-15,Flipkart,Books,False,Normal Day,17,18,5.2,6638.05,0
2024-12-15,Flipkart,Sports & Fitness,False,Normal Day,29,29,12.4,27626.45,0
2024-12-16,Amazon,Electronics,False,Normal Day,71,92,7.9,274114.07,3
2024-12-16,Amazon,Mobiles,False,Normal Day,80,92,5.5,1234603.77,2
2024-12-16,Amazon,Fashion,False,Normal Day,48,56,12.1,48656.02,1
2024-12-16,Amazon,Home & Kitchen,False,Normal Day,42,50,5.1,66239.06,2
2024-12-16,Amazon,Beauty & Personal Care,False,Normal Day,25,30,6.9,17792.51,0
2024-12-16,Amazon,Grocery,False,Normal Day,17,17,10.3,6416.53,0
2024-12-16,Amazon,Books,False,Normal Day,8,9,8.8,3392.73,0
2024-12-16,Amazon,Sports & Fitness,False,Normal Day,30,34,13.0,33484.15,1
2024-12-16,Flipkart,Electronics,False,Normal Day,62,70,7.4,198253.09,2
2024-12-16,Flipkart,Mobiles,False,Normal Day,53,53,8.5,705336.98,1
2024-12-16,Flipkart,Fashion,False,Normal Day,56,60,5.6,56327.1,3
2024-12-16,Flipkart,Home & Kitchen,False,Normal Day,40,40,9.8,50337.73,2
2024-12-16,Flipkart,Beauty & Personal Care,False,Normal Day,17,22,10.0,12192.32,0
2024-12-16,Flipkart,Grocery,False,Normal Day,27,32,6.4,13037.75,1
2024-12-16,Flipkart,Books,False,Normal Day,13,18,9.6,6257.8,0
2024-12-16,Flipkart,Sports & Fitness,False,Normal Day,30,35,14.1,35066.8,0
2024-12-17,Amazon,Electronics,False,Normal Day,68,68,6.1,212195.01,3
2024-12-17,Amazon,Mobiles,False,Normal Day,75,77,13.1,938386.2,4
2024-12-17,Amazon,Fashion,False,Normal Day,47,54,12.7,45580.17,2
2024-12-17,Amazon,Home & Kitchen,False,Normal Day,40,48,12.6,61215.49,1
2024-12-17,Amazon,Beauty & Personal Care,False,Normal Day,34,37,14.5,21555.22,2
2024-12-17,Amazon,Grocery,False,Normal Day,21,24,5.7,9314.95,1
2024-12-17,Amazon,Books,False,Normal Day,17,17,6.5,6186.66,0
2024-12-17,Amazon,Sports & Fitness,False,Normal Day,27,27,7.5,29445.8,0
2024-12-17,Flipkart,Electronics,False,Normal Day,52,54,9.8,152755.38,1
2024-12-17,Flipkart,Mobiles,False,Normal Day,77,101,13.0,1272287.82,3
2024-12-17,Flipkart,Fashion,False,Normal Day,56,64,8.1,55763.03,2
2024-12-17,Flipkart,Home & Kitchen,False,Normal Day,30,34,10.8,42081.74,1
2024-12-17,Flipkart,Beauty & Personal Care,False,Normal Day,20,21,9.8,12950.76,0
2024-12-17,Flipkart,Grocery,False,Normal Day,15,15,7.9,5956.8,0
2024-12-17,Flipkart,Books,False,Normal Day,11,11,11.7,3716.79,0
2024-12-17,Flipkart,Sports & Fitness,False,Normal Day,26,34,6.1,35102.46,1
2024-12-18,Amazon,Electronics,False,Normal Day,68,97,8.4,276854.23,3
2024-12-18,Amazon,Mobiles,False,Normal Day,59,70,7.7,947329.43,3
2024-12-18,Amazon,Fashion,False,Normal Day,51,54,10.8,47828.84,1
2024-12-18,Amazon,Home & Kitchen,False,Normal Day,44,60,5.1,79554.75,2
2024-12-18,Amazon,Beauty & Personal Care,False,Normal Day,26,26,11.4,15268.42,1
2024-12-18,Amazon,Grocery,False,Normal Day,23,23,5.9,9128.91,0
2024-12-18,Amazon,Books,False,Normal Day,10,13,14.8,4270.15,0
2024-12-18,Amazon,Sports & Fitness,False,Normal Day,24,29,5.3,29579.6,0
2024-12-18,Flipkart,Electronics,False,Normal Day,76,99,7.0,311578.09,3
2024-12-18,Flipkart,Mobiles,False,Normal Day,94,107,11.1,1412996.0,4
2024-12-18,Flipkart,Fashion,False,Normal Day,49,70,12.8,56579.12,2
2024-12-18,Flipkart,Home & Kitchen,False,Normal Day,40,49,5.6,67691.38,0
2024-12-18,Flipkart,Beauty & Personal Care,False,Normal Day,26,32,11.6,19640.97,1
2024-12-18,Flipkart,Grocery,False,Normal Day,13,15,11.6,5414.04,0
2024-12-18,Flipkart,Books,False,Normal Day,10,11,11.8,3856.02,0
2024-12-18,Flipkart,Sports & Fitness,False,Normal Day,24,24,13.9,23514.79,0
2024-12-19,Amazon,Electronics,False,Normal Day,82,105,10.1,306441.3,3
2024-12-19,Amazon,Mobiles,False,Normal Day,64,85,13.3,1058215.62,1
2024-12-19,Amazon,Fashion,False,Normal Day,43,47,6.8,43171.25,2
2024-12-19,Amazon,Home & Kitchen,False,Normal Day,47,47,6.0,65143.38,2
2024-12-19,Amazon,Beauty & Personal Care,False,Normal Day,33,34,13.2,19496.38,0
2024-12-19,Amazon,Grocery,False,Normal Day,21,22,7.4,9102.87,0
2024-12-19,Amazon,Books,False,Normal Day,12,12,11.5,3942.44,0
2024-12-19,Amazon,Sports & Fitness,False,Normal Day,25,29,5.9,31259.63,0
2024-12-19,Flipkart,Electronics,False,Normal Day,50,50,9.9,149153.25,1
2024-12-19,Flipkart,Mobiles,False,Normal Day,84,91,7.8,1214472.17,3
2024-12-19,Flipkart,Fashion,False,Normal Day,33,40,5.3,36426.45,0
2024-12-19,Flipkart,Home & Kitchen,False,Normal Day,55,67,13.3,79849.41,1
2024-12-19,Flipkart,Beauty & Personal Care,False,Normal Day,27,34,14.2,19461.42,1
2024-12-19,Flipkart,Grocery,False,Normal Day,19,20,8.9,7363.86,0
2024-12-19,Flipkart,Books,False,Normal Day,8,11,8.1,4078.72,0
2024-12-19,Flipkart,Sports & Fitness,False,Normal Day,32,32,14.6,30490.98,0
2024-12-20,Amazon,Electronics,False,Normal Day,64,67,6.0,209254.76,1
2024-12-20,Amazon,Mobiles,False,Normal Day,76,109,10.0,1490108.22,2
2024-12-20,Amazon,Fashion,False,Normal Day,39,42,5.6,39429.1,0
2024-12-20,Amazon,Home & Kitchen,False,Normal Day,39,45,12.8,58098.18,1
2024-12-20,Amazon,Beauty & Personal Care,False,Normal Day,24,24,14.8,13283.89,0
2024-12-20,Amazon,Grocery,False,Normal Day,14,19,8.4,7031.08,0
2024-12-20,Amazon,Books,False,Normal Day,14,14,10.0,4584.31,0
2024-12-20,Amazon,Sports & Fitness,False,Normal Day,33,39,7.5,41015.62,1
2024-12-20,Flipkart,Electronics,False,Normal Day,77,92,9.9,265368.6,1
2024-12-20,Flipkart,Mobiles,False,Normal Day,85,94,6.4,1266838.98,2
2024-12-20,Flipkart,Fashion,False,Normal Day,23,29,10.5,25213.92,1
2024-12-20,Flipkart,Home & Kitchen,False,Normal Day,48,54,8.4,69503.26,1
2024-12-20,Flipkart,Beauty & Personal Care,False,Normal Day,21,24,5.9,15483.72,1
2024-12-20,Flipkart,Grocery,False,Normal Day,23,31,8.2,12387.38,0
2024-12-20,Flipkart,Books,False,Normal Day,8,8,8.2,2834.61,0
2024-12-20,Flipkart,Sports & Fitness,False,Normal Day,27,34,6.2,33698.12,1
2024-12-21,Amazon,Electronics,False,Normal Day,63,93,5.4,287723.55,2
2024-12-21,Amazon,Mobiles,False,Normal Day,90,116,6.5,1546286.71,5
2024-12-21,Amazon,Fashion,False,Normal Day,50,50,5.0,46695.03,2
2024-12-21,Amazon,Home & Kitchen,False,Normal Day,56,70,8.5,90010.19,2
2024-12-21,Amazon,Beauty & Personal Care,False,Normal Day,30,37,7.0,22230.22,1
2024-12-21,Amazon,Grocery,False,Normal Day,20,24,14.9,8989.7,1
2024-12-21,Amazon,Books,False,Normal Day,18,18,13.8,5911.01,0
2024-12-21,Amazon,Sports & Fitness,False,Normal Day,23,30,6.4,30948.41,0
2024-12-21,Flipkart,Electronics,False,Normal Day,80,99,5.5,315172.97,3
2024-12-21,Flipkart,Mobiles,False,Normal Day,125,144,5.9,2034212.32,4
2024-12-21,Flipkart,Fashion,False,Normal Day,46,58,9.4,51871.73,2
2024-12-21,Flipkart,Home & Kitchen,False,Normal Day,51,51,9.1,66070.37,1
2024-12-21,Flipkart,Beauty & Personal Care,False,Normal Day,28,29,11.0,17253.56,0
2024-12-21,Flipkart,Grocery,False,Normal Day,22,25,9.2,9238.02,1
2024-12-21,Flipkart,Books,False,Normal Day,9,9,7.5,3456.36,0
2024-12-21,Flipkart,Sports & Fitness,False,Normal Day,37,48,6.3,49206.28,0
2024-12-22,Amazon,Electronics,False,Normal Day,72,93,6.9,284227.82,3
2024-12-22,Amazon,Mobiles,False,Normal Day,71,81,9.4,1050703.88,2
2024-12-22,Amazon,Fashion,False,Normal Day,38,42,11.3,35725.12,1
2024-12-22,Amazon,Home & Kitchen,False,Normal Day,42,51,8.1,65872.15,1
2024-12-22,Amazon,Beauty & Personal Care,False,Normal Day,19,19,8.4,11347.46,1
2024-12-22,Amazon,Grocery,False,Normal Day,24,25,9.0,9951.36,1
2024-12-22,Amazon,Books,False,Normal Day,8,9,7.5,3498.13,0
2024-12-22,Amazon,Sports & Fitness,False,Normal Day,21,24,10.4,24051.54,0
2024-12-22,Flipkart,Electronics,False,Normal Day,57,78,6.8,226507.5,3
2024-12-22,Flipkart,Mobiles,False,Normal Day,119,122,7.0,1657345.25,6
2024-12-22,Flipkart,Fashion,False,Normal Day,49,51,10.5,45208.99,1
2024-12-22,Flipkart,Home & Kitchen,False,Normal Day,44,53,14.0,66371.85,1
2024-12-22,Flipkart,Beauty & Personal Care,False,Normal Day,26,33,6.5,20069.9,0
2024-12-22,Flipkart,Grocery,False,Normal Day,21,28,14.7,10084.53,0
2024-12-22,Flipkart,Books,False,Normal Day,12,12,14.3,3937.12,0
2024-12-22,Flipkart,Sports & Fitness,False,Normal Day,20,27,10.3,26320.84,0
2024-12-23,Amazon,Electronics,False,Normal Day,64,74,7.7,214888.72,3
2024-12-23,Amazon,Mobiles,False,Normal Day,69,87,12.5,1143443.71,3
2024-12-23,Amazon,Fashion,False,Normal Day,50,61,9.1,49852.98,2
2024-12-23,Amazon,Home & Kitchen,False,Normal Day,37,39,10.4,47679.81,1
2024-12-23,Amazon,Beauty & Personal Care,False,Normal Day,19,19,14.0,11491.37,0
2024-12-23,Amazon,Grocery,False,Normal Day,25,30,10.0,11638.75,0
2024-12-23,Amazon,Books,False,Normal Day,7,7,11.4,2644.77,0
2024-12-23,Amazon,Sports & Fitness,False,Normal Day,27,27,5.7,26490.42,0
2024-12-23,Flipkart,Electronics,False,Normal Day,53,75,12.1,225517.0,2
2024-12-23,Flipkart,Mobiles,False,Normal Day,71,75,14.9,870792.95,1
2024-12-23,Flipkart,Fashion,False,Normal Day,49,56,8.7,49951.32,2
2024-12-23,Flipkart,Home & Kitchen,False,Normal Day,58,76,11.1,97812.32,1
2024-12-23,Flipkart,Beauty & Personal Care,False,Normal Day,22,27,5.0,15981.33,1
2024-12-23,Flipkart,Grocery,False,Normal Day,24,25,12.4,9483.81,1
2024-12-23,Flipkart,Books,False,Normal Day,14,18,7.1,6865.69,0
2024-12-23,Flipkart,Sports & Fitness,False,Normal Day,35,38,11.6,37412.2,0
2024-12-24,Amazon,Electronics,False,Normal Day,59,76,5.6,235002.19,2
2024-12-24,Amazon,Mobiles,False,Normal Day,113,114,11.3,1520376.52,3
2024-12-24,Amazon,Fashion,False,Normal Day,62,62,14.4,51030.84,1
2024-12-24,Amazon,Home & Kitchen,False,Normal Day,36,51,14.9,60200.71,1
2024-12-24,Amazon,Beauty & Personal Care,False,Normal Day,15,15,8.5,9603.55,0
2024-12-24,Amazon,Grocery,False,Normal Day,18,22,11.4,8224.92,0
2024-12-24,Amazon,Books,False,Normal Day,9,9,8.4,3098.6,0
2024-12-24,Amazon,Sports & Fitness,False,Normal Day,23,25,9.8,26564.4,0
2024-12-24,Flipkart,Electronics,False,Normal Day,79,87,7.3,240513.67,1
2024-12-24,Flipkart,Mobiles,False,Normal Day,62,74,6.4,951426.33,2
2024-12-24,Flipkart,Fashion,False,Normal Day,52,52,12.2,43709.54,2
2024-12-24,Flipkart,Home & Kitchen,False,Normal Day,33,33,5.1,41735.56,1
2024-12-24,Flipkart,Beauty & Personal Care,False,Normal Day,24,32,5.6,19469.25,0
2024-12-24,Flipkart,Grocery,False,Normal Day,12,12,14.4,4178.6,0
2024-12-24,Flipkart,Books,False,Normal Day,13,14,10.6,5171.96,0
2024-12-24,Flipkart,Sports & Fitness,False,Normal Day,34,45,8.4,45700.65,0
2024-12-25,Amazon,Electronics,True,Year End Sale,159,234,29.2,530991.1,11
2024-12-25,Amazon,Mobiles,True,Year End Sale,141,186,24.1,2073889.36,9
2024-12-25,Amazon,Fashion,True,Year End Sale,115,163,29.1,112339.99,9
2024-12-25,Amazon,Home & Kitchen,True,Year End Sale,79,119,21.6,134142.57,5
2024-12-25,Amazon,Beauty & Personal Care,True,Year End Sale,59,87,22.4,45050.81,4
2024-12-25,Amazon,Grocery,True,Year End Sale,45,45,24.3,14061.13,3
2024-12-25,Amazon,Books,True,Year End Sale,26,32,24.3,9180.22,2
2024-12-25,Amazon,Sports & Fitness,True,Year End Sale,45,59,21.6,49446.19,3
2024-12-25,Flipkart,Electronics,True,Year End Sale,139,173,38.0,352385.81,9
2024-12-25,Flipkart,Mobiles,True,Year End Sale,176,219,26.6,2395144.08,9
2024-12-25,Flipkart,Fashion,True,Year End Sale,88,145,21.4,108415.82,5
2024-12-25,Flipkart,Home & Kitchen,True,Year End Sale,50,79,34.3,73477.44,3
2024-12-25,Flipkart,Beauty & Personal Care,True,Year End Sale,53,78,20.1,44185.98,3
2024-12-25,Flipkart,Grocery,True,Year End Sale,30,40,23.0,13216.02,2
2024-12-25,Flipkart,Books,True,Year End Sale,20,25,25.7,7182.57,1
2024-12-25,Flipkart,Sports & Fitness,True,Year End Sale,49,66,38.8,44236.7,2
2024-12-26,Amazon,Electronics,True,Year End Sale,133,156,33.0,338548.63,6
2024-12-26,Amazon,Mobiles,True,Year End Sale,125,170,29.8,1781272.27,11
2024-12-26,Amazon,Fashion,True,Year End Sale,89,133,24.8,86741.65,4
2024-12-26,Amazon,Home & Kitchen,True,Year End Sale,79,93,31.7,86563.0,6
2024-12-26,Amazon,Beauty & Personal Care,True,Year End Sale,56,74,21.3,39725.36,4
2024-12-26,Amazon,Grocery,True,Year End Sale,30,46,24.5,14529.36,2
2024-12-26,Amazon,Books,True,Year End Sale,28,41,26.1,11762.37,1
2024-12-26,Amazon,Sports & Fitness,True,Year End Sale,48,63,24.3,52186.47,2
2024-12-26,Flipkart,Electronics,True,Year End Sale,124,168,29.3,386299.87,6
2024-12-26,Flipkart,Mobiles,True,Year End Sale,161,225,27.8,2509113.3,10
2024-12-26,Flipkart,Fashion,True,Year End Sale,59,79,26.9,53994.35,4
2024-12-26,Flipkart,Home & Kitchen,True,Year End Sale,79,113,34.8,103878.23,4
2024-12-26,Flipkart,Beauty & Personal Care,True,Year End Sale,60,94,32.0,42395.63,4
2024-12-26,Flipkart,Grocery,True,Year End Sale,27,43,23.4,13162.73,1
2024-12-26,Flipkart,Books,True,Year End Sale,25,32,29.3,8645.0,2
2024-12-26,Flipkart,Sports & Fitness,True,Year End Sale,60,77,39.1,52819.12,5
2024-12-27,Amazon,Electronics,True,Year End Sale,142,193,28.0,442617.45,5
2024-12-27,Amazon,Mobiles,True,Year End Sale,175,277,32.1,2754821.88,7
2024-12-27,Amazon,Fashion,True,Year End Sale,93,109,26.2,76300.68,4
2024-12-27,Amazon,Home & Kitchen,True,Year End Sale,105,127,39.8,103345.05,7
2024-12-27,Amazon,Beauty & Personal Care,True,Year End Sale,39,54,33.3,24027.86,3
2024-12-27,Amazon,Grocery,True,Year End Sale,38,46,36.8,11955.88,3
2024-12-27,Amazon,Books,True,Year End Sale,22,31,27.8,8476.28,1
2024-12-27,Amazon,Sports & Fitness,True,Year End Sale,46,68,39.9,45532.4,4
2024-12-27,Flipkart,Electronics,True,Year End Sale,166,235,22.1,572217.49,8
2024-12-27,Flipkart,Mobiles,True,Year End Sale,164,228,25.2,2419104.61,8
2024-12-27,Flipkart,Fashion,True,Year End Sale,111,178,24.4,128381.3,4
2024-12-27,Flipkart,Home & Kitchen,True,Year End Sale,63,92,21.9,94766.1,2
2024-12-27,Flipkart,Beauty & Personal Care,True,Year End Sale,51,62,39.1,23338.45,2
2024-12-27,Flipkart,Grocery,True,Year End Sale,37,45,34.8,13499.29,2
2024-12-27,Flipkart,Books,True,Year End Sale,24,32,24.2,9029.12,1
2024-12-27,Flipkart,Sports & Fitness,True,Year End Sale,68,94,22.0,82028.8,3
2024-12-28,Amazon,Electronics,True,Year End Sale,182,239,32.3,536362.54,13
2024-12-28,Amazon,Mobiles,True,Year End Sale,181,227,23.1,2500418.92,9
2024-12-28,Amazon,Fashion,True,Year End Sale,136,209,35.2,133910.69,7
2024-12-28,Amazon,Home & Kitchen,True,Year End Sale,87,128,39.2,111623.36,7
2024-12-28,Amazon,Beauty & Personal Care,True,Year End Sale,45,63,34.0,25906.94,3
2024-12-28,Amazon,Grocery,True,Year End Sale,40,64,24.1,20864.12,3
2024-12-28,Amazon,Books,True,Year End Sale,25,42,21.8,12780.5,1
2024-12-28,Amazon,Sports & Fitness,True,Year End Sale,64,98,36.2,67048.64,5
2024-12-28,Flipkart,Electronics,True,Year End Sale,151,187,25.0,456307.89,8
2024-12-28,Flipkart,Mobiles,True,Year End Sale,251,298,23.0,3311303.95,14
2024-12-28,Flipkart,Fashion,True,Year End Sale,104,136,35.0,88517.01,8
2024-12-28,Flipkart,Home & Kitchen,True,Year End Sale,113,136,22.7,138611.92,6
2024-12-28,Flipkart,Beauty & Personal Care,True,Year End Sale,38,63,33.9,27880.85,2
2024-12-28,Flipkart,Grocery,True,Year End Sale,42,59,22.8,18436.49,3
2024-12-28,Flipkart,Books,True,Year End Sale,27,38,22.4,10650.83,1
2024-12-28,Flipkart,Sports & Fitness,True,Year End Sale,58,77,22.7,66327.03,5
2024-12-29,Amazon,Electronics,True,Year End Sale,192,273,27.2,639236.07,9
2024-12-29,Amazon,Mobiles,True,Year End Sale,181,243,36.3,2276245.21,8
2024-12-29,Amazon,Fashion,True,Year End Sale,120,163,38.6,97240.56,5
2024-12-29,Amazon,Home & Kitchen,True,Year End Sale,105,144,37.8,125946.68,9
2024-12-29,Amazon,Beauty & Personal Care,True,Year End Sale,58,82,24.0,39785.0,2
2024-12-29,Amazon,Grocery,True,Year End Sale,38,58,35.7,15374.31,3
2024-12-29,Amazon,Books,True,Year End Sale,28,44,24.1,12351.31,1
2024-12-29,Amazon,Sports & Fitness,True,Year End Sale,53,72,34.5,51837.78,2
2024-12-29,Flipkart,Electronics,True,Year End Sale,117,150,27.7,345522.32,10
2024-12-29,Flipkart,Mobiles,True,Year End Sale,228,291,25.6,3176102.97,15
2024-12-29,Flipkart,Fashion,True,Year End Sale,101,148,38.0,86076.15,4
2024-12-29,Flipkart,Home & Kitchen,True,Year End Sale,75,114,36.4,102167.19,5
2024-12-29,Flipkart,Beauty & Personal Care,True,Year End Sale,65,97,31.4,44318.88,2
2024-12-29,Flipkart,Grocery,True,Year End Sale,45,64,36.5,17035.68,1
2024-12-29,Flipkart,Books,True,Year End Sale,27,31,37.1,7294.4,1
2024-12-29,Flipkart,Sports & Fitness,True,Year End Sale,79,105,35.6,71788.22,6
2024-12-30,Amazon,Electronics,True,Year End Sale,123,186,29.8,403386.95,9
2024-12-30,Amazon,Mobiles,True,Year End Sale,143,215,27.5,2306251.38,10
2024-12-30,Amazon,Fashion,True,Year End Sale,79,97,28.0,66615.4,3
2024-12-30,Amazon,Home & Kitchen,True,Year End Sale,124,175,25.9,186122.97,7
2024-12-30,Amazon,Beauty & Personal Care,True,Year End Sale,62,84,32.4,37140.43,3
2024-12-30,Amazon,Grocery,True,Year End Sale,35,45,22.6,15078.52,1
2024-12-30,Amazon,Books,True,Year End Sale,34,39,33.6,10062.79,2
2024-12-30,Amazon,Sports & Fitness,True,Year End Sale,78,118,29.8,89900.45,6
2024-12-30,Flipkart,Electronics,True,Year End Sale,143,224,26.5,557982.5,11
2024-12-30,Flipkart,Mobiles,True,Year End Sale,171,255,26.8,2779148.68,12
2024-12-30,Flipkart,Fashion,True,Year End Sale,98,140,29.1,94237.65,4
2024-12-30,Flipkart,Home & Kitchen,True,Year End Sale,72,127,21.8,142302.33,6
2024-12-30,Flipkart,Beauty & Personal Care,True,Year End Sale,48,71,38.1,29156.97,2
2024-12-30,Flipkart,Grocery,True,Year End Sale,35,54,31.6,15557.25,1
2024-12-30,Flipkart,Books,True,Year End Sale,19,26,36.2,6390.27,1
2024-12-30,Flipkart,Sports & Fitness,True,Year End Sale,54,75,33.2,53456.47,3
2024-12-31,Amazon,Electronics,True,Year End Sale,144,208,33.9,441387.92,12
2024-12-31,Amazon,Mobiles,True,Year End Sale,127,169,21.2,1876310.58,7
2024-12-31,Amazon,Fashion,True,Year End Sale,83,93,21.2,66633.0,7
2024-12-31,Amazon,Home & Kitchen,True,Year End Sale,102,130,29.1,131563.47,5
2024-12-31,Amazon,Beauty & Personal Care,True,Year End Sale,51,67,39.4,26656.8,2
2024-12-31,Amazon,Grocery,True,Year End Sale,37,48,35.7,13499.0,2
2024-12-31,Amazon,Books,True,Year End Sale,22,28,21.6,7978.15,1
2024-12-31,Amazon,Sports & Fitness,True,Year End Sale,54,76,23.3,62874.93,2
2024-12-31,Flipkart,Electronics,True,Year End Sale,199,271,20.4,679031.46,9
2024-12-31,Flipkart,Mobiles,True,Year End Sale,187,269,33.9,2519649.62,14
2024-12-31,Flipkart,Fashion,True,Year End Sale,102,132,38.2,78934.07,5
2024-12-31,Flipkart,Home & Kitchen,True,Year End Sale,81,113,27.3,118369.63,4
2024-12-31,Flipkart,Beauty & Personal Care,True,Year End Sale,51,69,39.6,27484.15,3
2024-12-31,Flipkart,Grocery,True,Year End Sale,27,33,23.6,11125.28,1
2024-12-31,Flipkart,Books,True,Year End Sale,26,39,37.2,9638.26,2
2024-12-31,Flipkart,Sports & Fitness,True,Year End Sale,40,50,33.2,38312.75,2
